{"layouts":{"14":{"name":"Cart","layout":{"subpagelayoutid":"15","columns":[{"idsubpagelayoutcolumn":"42","subpagelayoutid":"15","order":"1","width":"908","viewid":null,"subpagelayoutcolumnbox":[{"idsubpagelayoutcolumnbox":"3801","subpagelayoutcolumnid":"42","layoutboxid":"46","controller":"CartBox","order":"0","colspan":"1","collapsed":"0"}]}]}},"41":{"name":"Checkout","layout":{"subpagelayoutid":"140","columns":[{"idsubpagelayoutcolumn":"295","subpagelayoutid":"140","order":"1","width":"908","viewid":null,"subpagelayoutcolumnbox":[{"idsubpagelayoutcolumnbox":"3802","subpagelayoutcolumnid":"295","layoutboxid":"120","controller":"CheckoutBox","order":"0","colspan":"1","collapsed":"0"}]}]}},"23":{"name":"ClientAddress","layout":{"subpagelayoutid":"26","columns":[{"idsubpagelayoutcolumn":"74","subpagelayoutid":"26","order":"1","width":"180","viewid":null,"subpagelayoutcolumnbox":[{"idsubpagelayoutcolumnbox":"2898","subpagelayoutcolumnid":"74","layoutboxid":"115","controller":"ClientAccountBox","order":"0","colspan":"1","collapsed":"0"}]},{"idsubpagelayoutcolumn":"75","subpagelayoutid":"26","order":"2","width":"0","viewid":null,"subpagelayoutcolumnbox":[{"idsubpagelayoutcolumnbox":"2899","subpagelayoutcolumnid":"75","layoutboxid":"57","controller":"ClientAddressBox","order":"0","colspan":"1","collapsed":"0"}]}]}},"19":{"name":"Clientlogin","layout":{"subpagelayoutid":"22","columns":[{"idsubpagelayoutcolumn":"61","subpagelayoutid":"22","order":"1","width":"0","viewid":null,"subpagelayoutcolumnbox":[{"idsubpagelayoutcolumnbox":"3289","subpagelayoutcolumnid":"61","layoutboxid":"54","controller":"ClientLoginBox","order":"0","colspan":"1","collapsed":"0"},{"idsubpagelayoutcolumnbox":"3290","subpagelayoutcolumnid":"61","layoutboxid":"51","controller":"RegistrationBox","order":"1","colspan":"1","collapsed":"0"}]},{"idsubpagelayoutcolumn":"350","subpagelayoutid":"22","order":"2","width":"180","viewid":null,"subpagelayoutcolumnbox":[{"idsubpagelayoutcolumnbox":"3291","subpagelayoutcolumnid":"350","layoutboxid":"116","controller":"TextBox","order":"0","colspan":"1","collapsed":"0"},{"idsubpagelayoutcolumnbox":"3292","subpagelayoutcolumnid":"350","layoutboxid":"117","controller":"TextBox","order":"1","colspan":"1","collapsed":"0"}]}]}},"22":{"name":"ClientOrder","layout":{"subpagelayoutid":"25","columns":[{"idsubpagelayoutcolumn":"71","subpagelayoutid":"25","order":"1","width":"180","viewid":null,"subpagelayoutcolumnbox":[{"idsubpagelayoutcolumnbox":"2853","subpagelayoutcolumnid":"71","layoutboxid":"115","controller":"ClientAccountBox","order":"0","colspan":"1","collapsed":"0"}]},{"idsubpagelayoutcolumn":"72","subpagelayoutid":"25","order":"2","width":"0","viewid":null,"subpagelayoutcolumnbox":[{"idsubpagelayoutcolumnbox":"2854","subpagelayoutcolumnid":"72","layoutboxid":"58","controller":"ClientOrderBox","order":"0","colspan":"1","collapsed":"0"}]}]}},"21":{"name":"ClientSettings","layout":{"subpagelayoutid":"24","columns":[{"idsubpagelayoutcolumn":"68","subpagelayoutid":"24","order":"1","width":"180","viewid":null,"subpagelayoutcolumnbox":[{"idsubpagelayoutcolumnbox":"2850","subpagelayoutcolumnid":"68","layoutboxid":"115","controller":"ClientAccountBox","order":"0","colspan":"1","collapsed":"0"}]},{"idsubpagelayoutcolumn":"69","subpagelayoutid":"24","order":"2","width":"0","viewid":null,"subpagelayoutcolumnbox":[{"idsubpagelayoutcolumnbox":"2852","subpagelayoutcolumnid":"69","layoutboxid":"56","controller":"ClientSettingsBox","order":"0","colspan":"1","collapsed":"0"}]}]}},"43":{"name":"Conditions","layout":{"subpagelayoutid":"192","columns":[{"idsubpagelayoutcolumn":"401","subpagelayoutid":"192","order":"1","width":"170","viewid":null,"subpagelayoutcolumnbox":[{"idsubpagelayoutcolumnbox":"3105","subpagelayoutcolumnid":"401","layoutboxid":"223","controller":"CmsMenuBox","order":"0","colspan":"1","collapsed":"0"},{"idsubpagelayoutcolumnbox":"3106","subpagelayoutcolumnid":"401","layoutboxid":"35","controller":"ProductPromotionsBox","order":"1","colspan":"1","collapsed":"0"}]},{"idsubpagelayoutcolumn":"402","subpagelayoutid":"192","order":"2","width":"0","viewid":null,"subpagelayoutcolumnbox":[{"idsubpagelayoutcolumnbox":"3107","subpagelayoutcolumnid":"402","layoutboxid":"222","controller":"ConditionsBox","order":"0","colspan":"1","collapsed":"0"}]}]}},"6":{"name":"Contact","layout":{"subpagelayoutid":"6","columns":[{"idsubpagelayoutcolumn":"29","subpagelayoutid":"6","order":"1","width":"170","viewid":null,"subpagelayoutcolumnbox":[{"idsubpagelayoutcolumnbox":"3782","subpagelayoutcolumnid":"29","layoutboxid":"223","controller":"CmsMenuBox","order":"0","colspan":"1","collapsed":"0"}]},{"idsubpagelayoutcolumn":"297","subpagelayoutid":"6","order":"2","width":"0","viewid":null,"subpagelayoutcolumnbox":[{"idsubpagelayoutcolumnbox":"3783","subpagelayoutcolumnid":"297","layoutboxid":"29","controller":"ContactBox","order":"0","colspan":"1","collapsed":"0"}]}]}},"42":{"name":"Finalization","layout":{"subpagelayoutid":"141","columns":[{"idsubpagelayoutcolumn":"299","subpagelayoutid":"141","order":"1","width":"908","viewid":null,"subpagelayoutcolumnbox":[{"idsubpagelayoutcolumnbox":"3803","subpagelayoutcolumnid":"299","layoutboxid":"121","controller":"FinalizationBox","order":"0","colspan":"1","collapsed":"0"}]}]}},"20":{"name":"Forgotpassword","layout":{"subpagelayoutid":"23","columns":[{"idsubpagelayoutcolumn":"64","subpagelayoutid":"23","order":"1","width":"0","viewid":null,"subpagelayoutcolumnbox":[{"idsubpagelayoutcolumnbox":"2729","subpagelayoutcolumnid":"64","layoutboxid":"55","controller":"ForgotPasswordBox","order":"0","colspan":"1","collapsed":"0"}]}]}},"1":{"name":"Mainside","layout":{"subpagelayoutid":"1","columns":[{"idsubpagelayoutcolumn":"128","subpagelayoutid":"1","order":"1","width":"908","viewid":null,"subpagelayoutcolumnbox":[{"idsubpagelayoutcolumnbox":"3793","subpagelayoutcolumnid":"128","layoutboxid":"83","controller":"ShowcaseBox","order":"0","colspan":"1","collapsed":"0"}]},{"idsubpagelayoutcolumn":"129","subpagelayoutid":"1","order":"2","width":"908","viewid":null,"subpagelayoutcolumnbox":[{"idsubpagelayoutcolumnbox":"3794","subpagelayoutcolumnid":"129","layoutboxid":"277","controller":"ProductPromotionsBox","order":"0","colspan":"1","collapsed":"0"},{"idsubpagelayoutcolumnbox":"3795","subpagelayoutcolumnid":"129","layoutboxid":"36","controller":"ProductNewsBox","order":"1","colspan":"1","collapsed":"0"},{"idsubpagelayoutcolumnbox":"3796","subpagelayoutcolumnid":"129","layoutboxid":"44","controller":"ProductBestsellersBox","order":"2","colspan":"1","collapsed":"0"}]}]}},"7":{"name":"News","layout":{"subpagelayoutid":"7","columns":[{"idsubpagelayoutcolumn":"32","subpagelayoutid":"7","order":"1","width":"170","viewid":null,"subpagelayoutcolumnbox":[{"idsubpagelayoutcolumnbox":"3786","subpagelayoutcolumnid":"32","layoutboxid":"223","controller":"CmsMenuBox","order":"0","colspan":"1","collapsed":"0"}]},{"idsubpagelayoutcolumn":"66","subpagelayoutid":"7","order":"2","width":"0","viewid":null,"subpagelayoutcolumnbox":[{"idsubpagelayoutcolumnbox":"3787","subpagelayoutcolumnid":"66","layoutboxid":"30","controller":"NewsBox","order":"0","colspan":"1","collapsed":"0"}]}]}},"35":{"name":"Newsletter","layout":{"subpagelayoutid":"39","columns":[{"idsubpagelayoutcolumn":"103","subpagelayoutid":"39","order":"1","width":"180","viewid":null,"subpagelayoutcolumnbox":[{"idsubpagelayoutcolumnbox":"2537","subpagelayoutcolumnid":"103","layoutboxid":"38","controller":"CategoriesBox","order":"0","colspan":"1","collapsed":"0"}]},{"idsubpagelayoutcolumn":"104","subpagelayoutid":"39","order":"2","width":"0","viewid":null,"subpagelayoutcolumnbox":[{"idsubpagelayoutcolumnbox":"2538","subpagelayoutcolumnid":"104","layoutboxid":"81","controller":"NewsletterBox","order":"0","colspan":"1","collapsed":"0"}]}]}},"17":{"name":"Payment","layout":{"subpagelayoutid":"20","columns":[{"idsubpagelayoutcolumn":"54","subpagelayoutid":"20","order":"1","width":"908","viewid":null,"subpagelayoutcolumnbox":[{"idsubpagelayoutcolumnbox":"3804","subpagelayoutcolumnid":"54","layoutboxid":"52","controller":"PaymentBox","order":"0","colspan":"1","collapsed":"0"}]}]}},"40":{"name":"Producerlist","layout":{"subpagelayoutid":"45","columns":[{"idsubpagelayoutcolumn":"126","subpagelayoutid":"45","order":"1","width":"180","viewid":null,"subpagelayoutcolumnbox":[{"idsubpagelayoutcolumnbox":"3269","subpagelayoutcolumnid":"126","layoutboxid":"105","controller":"ProducerBox","order":"0","colspan":"1","collapsed":"0"}]},{"idsubpagelayoutcolumn":"127","subpagelayoutid":"45","order":"2","width":"0","viewid":null,"subpagelayoutcolumnbox":[{"idsubpagelayoutcolumnbox":"3270","subpagelayoutcolumnid":"127","layoutboxid":"106","controller":"ProducerListBox","order":"0","colspan":"1","collapsed":"0"}]}]}},"2":{"name":"Product","layout":{"subpagelayoutid":"2","columns":[{"idsubpagelayoutcolumn":"4","subpagelayoutid":"2","order":"1","width":"908","viewid":null,"subpagelayoutcolumnbox":[{"idsubpagelayoutcolumnbox":"3805","subpagelayoutcolumnid":"4","layoutboxid":"49","controller":"ProductBox","order":"0","colspan":"1","collapsed":"0"}]},{"idsubpagelayoutcolumn":"289","subpagelayoutid":"2","order":"2","width":"908","viewid":null,"subpagelayoutcolumnbox":[{"idsubpagelayoutcolumnbox":"3806","subpagelayoutcolumnid":"289","layoutboxid":"118","controller":"ProductDescriptionBox","order":"0","colspan":"1","collapsed":"0"}]},{"idsubpagelayoutcolumn":"351","subpagelayoutid":"2","order":"3","width":"908","viewid":null,"subpagelayoutcolumnbox":[{"idsubpagelayoutcolumnbox":"3807","subpagelayoutcolumnid":"351","layoutboxid":"88","controller":"ProductsUpSellBox","order":"0","colspan":"1","collapsed":"0"},{"idsubpagelayoutcolumnbox":"3808","subpagelayoutcolumnid":"351","layoutboxid":"87","controller":"ProductsSimilarBox","order":"1","colspan":"1","collapsed":"0"},{"idsubpagelayoutcolumnbox":"3809","subpagelayoutcolumnid":"351","layoutboxid":"89","controller":"ProductBuyAlsoBox","order":"2","colspan":"1","collapsed":"0"},{"idsubpagelayoutcolumnbox":"3810","subpagelayoutcolumnid":"351","layoutboxid":"86","controller":"ProductsCrossSellBox","order":"3","colspan":"1","collapsed":"0"}]}]}},"9":{"name":"ProductInCategory","layout":{"subpagelayoutid":"9","columns":[{"idsubpagelayoutcolumn":"36","subpagelayoutid":"9","order":"1","width":"180","viewid":null,"subpagelayoutcolumnbox":[{"idsubpagelayoutcolumnbox":"3767","subpagelayoutcolumnid":"36","layoutboxid":"38","controller":"CategoriesBox","order":"0","colspan":"1","collapsed":"0"},{"idsubpagelayoutcolumnbox":"3768","subpagelayoutcolumnid":"36","layoutboxid":"103","controller":"LayeredNavigationBox","order":"1","colspan":"1","collapsed":"0"}]},{"idsubpagelayoutcolumn":"48","subpagelayoutid":"9","order":"2","width":"0","viewid":null,"subpagelayoutcolumnbox":[{"idsubpagelayoutcolumnbox":"3769","subpagelayoutcolumnid":"48","layoutboxid":"50","controller":"ProductsInCategoryBox","order":"0","colspan":"1","collapsed":"0"}]}]}},"25":{"name":"ProductNewsList","layout":{"subpagelayoutid":"28","columns":[{"idsubpagelayoutcolumn":"80","subpagelayoutid":"28","order":"1","width":"180","viewid":null,"subpagelayoutcolumnbox":[{"idsubpagelayoutcolumnbox":"2129","subpagelayoutcolumnid":"80","layoutboxid":"38","controller":"CategoriesBox","order":"0","colspan":"1","collapsed":"0"}]},{"idsubpagelayoutcolumn":"81","subpagelayoutid":"28","order":"2","width":"0","viewid":null,"subpagelayoutcolumnbox":[{"idsubpagelayoutcolumnbox":"2131","subpagelayoutcolumnid":"81","layoutboxid":"62","controller":"ProductNewsBox","order":"0","colspan":"1","collapsed":"0"}]}]}},"24":{"name":"ProductPromotionList","layout":{"subpagelayoutid":"27","columns":[{"idsubpagelayoutcolumn":"77","subpagelayoutid":"27","order":"1","width":"180","viewid":null,"subpagelayoutcolumnbox":[{"idsubpagelayoutcolumnbox":"2126","subpagelayoutcolumnid":"77","layoutboxid":"38","controller":"CategoriesBox","order":"0","colspan":"1","collapsed":"0"}]},{"idsubpagelayoutcolumn":"78","subpagelayoutid":"27","order":"2","width":"0","viewid":null,"subpagelayoutcolumnbox":[{"idsubpagelayoutcolumnbox":"2128","subpagelayoutcolumnid":"78","layoutboxid":"63","controller":"ProductPromotionsBox","order":"0","colspan":"1","collapsed":"0"}]}]}},"27":{"name":"ProductSearchList","layout":{"subpagelayoutid":"30","columns":[{"idsubpagelayoutcolumn":"87","subpagelayoutid":"30","order":"1","width":"180","viewid":null,"subpagelayoutcolumnbox":[{"idsubpagelayoutcolumnbox":"2919","subpagelayoutcolumnid":"87","layoutboxid":"38","controller":"CategoriesBox","order":"0","colspan":"1","collapsed":"0"},{"idsubpagelayoutcolumnbox":"2920","subpagelayoutcolumnid":"87","layoutboxid":"103","controller":"LayeredNavigationBox","order":"1","colspan":"1","collapsed":"0"}]},{"idsubpagelayoutcolumn":"301","subpagelayoutid":"30","order":"2","width":"0","viewid":null,"subpagelayoutcolumnbox":[{"idsubpagelayoutcolumnbox":"2921","subpagelayoutcolumnid":"301","layoutboxid":"65","controller":"ProductSearchListBox","order":"0","colspan":"1","collapsed":"0"}]}]}},"26":{"name":"ProductTagsList","layout":{"subpagelayoutid":"29","columns":[{"idsubpagelayoutcolumn":"83","subpagelayoutid":"29","order":"1","width":"180","viewid":null,"subpagelayoutcolumnbox":[{"idsubpagelayoutcolumnbox":"1265","subpagelayoutcolumnid":"83","layoutboxid":"38","controller":"CategoriesBox","order":"0","colspan":"1","collapsed":"0"}]},{"idsubpagelayoutcolumn":"84","subpagelayoutid":"29","order":"2","width":"0","viewid":null,"subpagelayoutcolumnbox":[]}]}},"16":{"name":"Registration","layout":{"subpagelayoutid":"19","columns":[{"idsubpagelayoutcolumn":"51","subpagelayoutid":"19","order":"1","width":"0","viewid":null,"subpagelayoutcolumnbox":[{"idsubpagelayoutcolumnbox":"3293","subpagelayoutcolumnid":"51","layoutboxid":"54","controller":"ClientLoginBox","order":"0","colspan":"1","collapsed":"0"},{"idsubpagelayoutcolumnbox":"3294","subpagelayoutcolumnid":"51","layoutboxid":"51","controller":"RegistrationBox","order":"1","colspan":"1","collapsed":"0"}]},{"idsubpagelayoutcolumn":"291","subpagelayoutid":"19","order":"2","width":"180","viewid":null,"subpagelayoutcolumnbox":[{"idsubpagelayoutcolumnbox":"3295","subpagelayoutcolumnid":"291","layoutboxid":"116","controller":"TextBox","order":"0","colspan":"1","collapsed":"0"},{"idsubpagelayoutcolumnbox":"3296","subpagelayoutcolumnid":"291","layoutboxid":"117","controller":"TextBox","order":"1","colspan":"1","collapsed":"0"}]}]}},"38":{"name":"Sitemap","layout":{"subpagelayoutid":"42","columns":[{"idsubpagelayoutcolumn":"121","subpagelayoutid":"42","order":"1","width":"0","viewid":null,"subpagelayoutcolumnbox":[{"idsubpagelayoutcolumnbox":"2987","subpagelayoutcolumnid":"121","layoutboxid":"99","controller":"SitemapBox","order":"0","colspan":"1","collapsed":"0"}]}]}},"5":{"name":"Staticcms","layout":{"subpagelayoutid":"5","columns":[{"idsubpagelayoutcolumn":"22","subpagelayoutid":"5","order":"1","width":"170","viewid":null,"subpagelayoutcolumnbox":[{"idsubpagelayoutcolumnbox":"3784","subpagelayoutcolumnid":"22","layoutboxid":"223","controller":"CmsMenuBox","order":"0","colspan":"1","collapsed":"0"}]},{"idsubpagelayoutcolumn":"292","subpagelayoutid":"5","order":"2","width":"0","viewid":null,"subpagelayoutcolumnbox":[{"idsubpagelayoutcolumnbox":"3785","subpagelayoutcolumnid":"292","layoutboxid":"82","controller":"CmsBox","order":"0","colspan":"1","collapsed":"0"}]}]}},"11":{"name":"Tags","layout":{"subpagelayoutid":"12","columns":[{"idsubpagelayoutcolumn":"34","subpagelayoutid":"12","order":"1","width":"180","viewid":null,"subpagelayoutcolumnbox":[]}]}},"13":{"name":"Wishlist","layout":{"subpagelayoutid":"14","columns":[{"idsubpagelayoutcolumn":"39","subpagelayoutid":"14","order":"1","width":"180","viewid":null,"subpagelayoutcolumnbox":[{"idsubpagelayoutcolumnbox":"1664","subpagelayoutcolumnid":"39","layoutboxid":"38","controller":"CategoriesBox","order":"0","colspan":"1","collapsed":"0"}]},{"idsubpagelayoutcolumn":"122","subpagelayoutid":"14","order":"2","width":"0","viewid":null,"subpagelayoutcolumnbox":[]}]}}},"boxes":{"29":{"name":"Kontakt","title":"Dane kontaktowe","controller":"ContactBox","params":[],"behaviour":{"bNoHeader":"0","iDefaultSpan":"","iEnableBox":"0"}},"30":{"name":"Aktualno\u015bci","title":"Podgl\u0105d pojedynczej wiadomo\u015bci sklepu.","controller":"NewsBox","params":[],"behaviour":{"bNoHeader":"0","iDefaultSpan":"","iEnableBox":"0"}},"35":{"name":"Promocje w sklepie","title":"Promocje","controller":"ProductPromotionsBox","params":{"productsCount":{"languageid":null,"value":"2"},"view":{"languageid":null,"value":"0"},"orderBy":{"languageid":null,"value":"adddate"},"orderDir":{"languageid":null,"value":"desc"},"pagination":{"languageid":null,"value":"0"}},"behaviour":{"bNoHeader":"0","iDefaultSpan":"1","iEnableBox":"0"}},"36":{"name":"Nowo\u015bci w sklepie","title":"Nowo\u015bci","controller":"ProductNewsBox","params":{"productsCount":{"languageid":null,"value":"5"},"view":{"languageid":null,"value":"0"},"orderBy":{"languageid":null,"value":"adddate"},"orderDir":{"languageid":null,"value":"desc"},"pagination":{"languageid":null,"value":"0"}},"behaviour":{"bNoHeader":"0","iDefaultSpan":"","iEnableBox":"0"}},"38":{"name":"Kategorie","title":"Nawigacja","controller":"CategoriesBox","params":{"showcount":{"languageid":null,"value":"0"},"hideempty":{"languageid":null,"value":"1"},"showall":{"languageid":null,"value":"1"},"categoryIds":{"languageid":null,"value":"4"}},"behaviour":{"bNoHeader":"1","iDefaultSpan":"1","iEnableBox":"0"}},"44":{"name":"Bestsellery","title":"Bestsellery","controller":"ProductBestsellersBox","params":{"productsCount":{"languageid":null,"value":"5"},"minProductsCount":{"languageid":null,"value":"4"},"view":{"languageid":null,"value":"0"},"orderBy":{"languageid":null,"value":"id"},"orderDir":{"languageid":null,"value":"asc"}},"behaviour":{"bNoHeader":"0","iDefaultSpan":"1","iEnableBox":"0"}},"46":{"name":"Koszyk","title":"Koszyk","controller":"CartBox","params":[],"behaviour":{"bClosingProhibited":"1","iDefaultSpan":""}},"49":{"name":"Produkt","title":"Produkt","controller":"ProductBox","params":[],"behaviour":{"bNoHeader":"0","iDefaultSpan":"","iEnableBox":"0"}},"50":{"name":"Lista produkt\u00f3w w kategorii","title":"Produkty w tej kategorii","controller":"ProductsInCategoryBox","params":{"productsCount":{"languageid":null,"value":"10"},"view":{"languageid":null,"value":"1"},"pagination":{"languageid":null,"value":"1"}},"behaviour":{"bNoHeader":"0","iDefaultSpan":"","iEnableBox":"0"}},"51":{"name":"Rejestracja","title":"Rejestracja","controller":"RegistrationBox","params":[],"behaviour":{"bClosingProhibited":"1","iDefaultSpan":""}},"52":{"name":"Potwierdzenie p\u0142atno\u015bci","title":"Dost\u0119pne p\u0142atno\u015bci","controller":"PaymentBox","params":[],"behaviour":{"bClosingProhibited":"1","iDefaultSpan":""}},"54":{"name":"Fromularz logowania","title":"Formularza logowania","controller":"ClientLoginBox","params":[],"behaviour":{"iDefaultSpan":"","bClosingProhibited":"1"}},"55":{"name":"Przypomnij has\u0142o","title":"Formularza przypomnienia hasla","controller":"ForgotPasswordBox","params":[],"behaviour":{"iDefaultSpan":"","bClosingProhibited":"1"}},"56":{"name":"Ustawienia klienta","title":"Ustawienia klienta","controller":"ClientSettingsBox","params":[],"behaviour":{"iDefaultSpan":"1","bClosingProhibited":"1"}},"57":{"name":"Adresy klienta","title":"Adresy klienta","controller":"ClientAddressBox","params":[],"behaviour":{"bNoHeader":"0","iDefaultSpan":"1","iEnableBox":"0"}},"58":{"name":"Zam\u00f3wienia klienta","title":"Zamowienia klienta","controller":"ClientOrderBox","params":[],"behaviour":{"iDefaultSpan":"1","bClosingProhibited":"1"}},"62":{"name":"Lista nowo\u015bci w sklepie","title":"Lista nowo\u015bci w sklepie","controller":"ProductNewsBox","params":{"productsCount":{"languageid":null,"value":"10"},"view":{"languageid":null,"value":"1"},"orderBy":{"languageid":null,"value":"adddate"},"orderDir":{"languageid":null,"value":"desc"},"pagination":{"languageid":null,"value":"1"}},"behaviour":{"bNoHeader":"0","iDefaultSpan":"1","iEnableBox":"0"}},"63":{"name":"Lista promocji w sklepie","title":"Lista promocji w sklepie","controller":"ProductPromotionsBox","params":{"productsCount":{"languageid":null,"value":"10"},"view":{"languageid":null,"value":"1"},"orderBy":{"languageid":null,"value":"id"},"orderDir":{"languageid":null,"value":"asc"},"pagination":{"languageid":null,"value":"1"}},"behaviour":{"bNoHeader":"0","iDefaultSpan":"1","iEnableBox":"0"}},"65":{"name":"Wyszukiwarka","title":"Wyszukiwarka","controller":"ProductSearchListBox","params":{"productsCount":{"languageid":null,"value":"10"},"view":{"languageid":null,"value":"1"},"orderBy":{"languageid":null,"value":"id"},"orderDir":{"languageid":null,"value":"asc"},"pagination":{"languageid":null,"value":"1"}},"behaviour":{"bFixedPosition":"1","bClosingProhibited":"1","bNoHeader":"0","bCollapsingProhibited":"1","bExpandingProhibited":"1","iDefaultSpan":"1","iEnableBox":"0"}},"66":{"name":"Podgl\u0105d koszyka","title":"Zawarto\u015b\u0107 koszyka","controller":"CartPreviewBox","params":[],"behaviour":{"bFixedPosition":"1","bClosingProhibited":"1","bNoHeader":"0","bCollapsingProhibited":"1","bExpandingProhibited":"1","iDefaultSpan":"1","iEnableBox":"0"}},"73":{"name":"Pole\u0107 znajomemu","title":"Pole\u0107 znajomemu","controller":"RecommendFriendBox","params":[],"behaviour":{"iDefaultSpan":"1","bClosingProhibited":"1"}},"81":{"name":"Newsletter","title":"Newsletter","controller":"NewsletterBox","params":[],"behaviour":{"iDefaultSpan":"1","bClosingProhibited":"1"}},"82":{"name":"CMS","title":"CMS","controller":"CmsBox","params":[],"behaviour":{"bClosingProhibited":"1","iDefaultSpan":"1"}},"83":{"name":"Showcase","title":"Showcase","controller":"ShowcaseBox","params":{"productsCount":{"languageid":null,"value":"0"},"orderBy":{"languageid":null,"value":"random"},"orderDir":{"languageid":null,"value":"desc"},"statusId":{"languageid":null,"value":"5"}},"behaviour":{"bNoHeader":"1","iDefaultSpan":"1","iEnableBox":"0"}},"86":{"name":"Sprzeda\u017c krzy\u017cowa","title":"Sprzeda\u017c krzy\u017cowa","controller":"ProductsCrossSellBox","params":{"productsCount":{"languageid":null,"value":"5"},"view":{"languageid":null,"value":"0"},"orderBy":{"languageid":null,"value":"random"},"orderDir":{"languageid":null,"value":"desc"}},"behaviour":{"bNoHeader":"0","iDefaultSpan":"1","iEnableBox":"0"}},"87":{"name":"Produkty podobne","title":"Produkty podobne","controller":"ProductsSimilarBox","params":{"productsCount":{"languageid":null,"value":"5"},"view":{"languageid":null,"value":"0"},"orderBy":{"languageid":null,"value":"related"},"orderDir":{"languageid":null,"value":"asc"}},"behaviour":{"bNoHeader":"0","iDefaultSpan":"1","iEnableBox":"0"}},"88":{"name":"Akcesoria do produkt\u00f3w","title":"Akcesoria do produkt\u00f3w","controller":"ProductsUpSellBox","params":{"productsCount":{"languageid":null,"value":"5"},"view":{"languageid":null,"value":"0"},"orderBy":{"languageid":null,"value":"random"},"orderDir":{"languageid":null,"value":"asc"}},"behaviour":{"bNoHeader":"0","iDefaultSpan":"1","iEnableBox":"0"}},"89":{"name":"Kupiono r\u00f3wnie\u017c","title":"Kupiono r\u00f3wnie\u017c","controller":"ProductBuyAlsoBox","params":[],"behaviour":{"iDefaultSpan":"1","bClosingProhibited":"1"}},"99":{"name":"Mapa sklepu","title":null,"controller":"SitemapBox","params":{"categoryTreeLevels":{"languageid":null,"value":"3"}},"behaviour":{"bClosingProhibited":"1","iDefaultSpan":"1"}},"103":{"name":"Filtry","title":null,"controller":"LayeredNavigationBox","params":[],"behaviour":{"iDefaultSpan":"1"}},"105":{"name":"Producenci","title":null,"controller":"ProducerBox","params":{"view":{"languageid":null,"value":"1"},"producers":{"languageid":null,"value":"1"}},"behaviour":{"bFixedPosition":"0","bClosingProhibited":"1","bNoHeader":"0","bCollapsingProhibited":"1","bExpandingProhibited":"1","iDefaultSpan":"1","iEnableBox":"0"}},"106":{"name":"Lista produkt\u00f3w producenta","title":null,"controller":"ProducerListBox","params":{"productsCount":{"languageid":null,"value":"0"},"view":{"languageid":null,"value":"1"},"orderBy":{"languageid":null,"value":"id"},"orderDir":{"languageid":null,"value":"asc"},"pagination":{"languageid":null,"value":"1"},"showphoto":{"languageid":null,"value":"1"},"showdescription":{"languageid":null,"value":"1"}},"behaviour":{"iDefaultSpan":"1"}},"110":{"name":"Slideshow","title":null,"controller":"SlideShowBox","params":{"image1":{"languageid":null,"value":"design\/_images_frontend\/upload\/bootstrap-mdo-sfmoma-01.jpg"},"height1":{"languageid":null,"value":"500"},"url1":{"languageid":null,"value":""},"caption1":{"languageid":null,"value":"Lorem ipsum2"},"image2":{"languageid":null,"value":"design\/_images_frontend\/upload\/bootstrap-mdo-sfmoma-02.jpg"},"height2":{"languageid":null,"value":"500"},"url2":{"languageid":null,"value":""},"caption2":{"languageid":null,"value":"Lorem ipsum"},"image3":{"languageid":null,"value":"design\/_images_frontend\/upload\/bootstrap-mdo-sfmoma-03.jpg"},"height3":{"languageid":null,"value":"500"},"url3":{"languageid":null,"value":""},"caption3":{"languageid":null,"value":"Lorem ipsum"}},"behaviour":{"bNoHeader":"1","iDefaultSpan":"1","iEnableBox":"0"}},"111":{"name":"Najcz\u0119\u015bciej szukano","title":null,"controller":"MostSearchedBox","params":[],"behaviour":{"bFixedPosition":"1","bClosingProhibited":"1","bNoHeader":"0","bCollapsingProhibited":"1","bExpandingProhibited":"1","iDefaultSpan":"1","iEnableBox":"0"}},"112":{"name":"Wybrane produkty z oferty","title":null,"controller":"CustomProductListBox","params":{"productsCount":{"languageid":null,"value":"0"},"view":{"languageid":null,"value":"0"},"orderBy":{"languageid":null,"value":"id"},"orderDir":{"languageid":null,"value":"asc"},"products":{"languageid":null,"value":"1"}},"behaviour":{"bFixedPosition":"0","bClosingProhibited":"0","bNoHeader":"0","bCollapsingProhibited":"0","bExpandingProhibited":"0","iDefaultSpan":"1","iEnableBox":"0"}},"115":{"name":"Menu konta klienta","title":null,"controller":"ClientAccountBox","params":[],"behaviour":{"bNoHeader":"0","iDefaultSpan":"1","iEnableBox":"0"}},"116":{"name":"Infolinia","title":null,"controller":"TextBox","params":{"content":{"languageid":"1","value":"<p>\r\n\t{% if defaultcontact is not empty %}<\/p>\r\n<div class=\"article\">\r\n\t<div class=\"vertical-block block-nohead block-infolist\">\r\n\t\t<div class=\"block-content\">\r\n\t\t\t<div class=\"phone\">\r\n\t\t\t\t<h3 class=\"font\">\r\n\t\t\t\t\t{{ defaultcontact.phone }}<\/h3>\r\n\t\t\t\t<span>{{ defaultcontact.businesshours }}<\/span><\/div>\r\n\t\t\t<div>\r\n\t\t\t\t<a href=\"{{ path('frontend.contact') }}\" title=\"{{ defaultcontact.name }}\" class=\"email\">{{ defaultcontact.email }}<\/a><\/div>\r\n\t\t<\/div>\r\n\t<\/div>\r\n<\/div>\r\n<p>\r\n\t{% endif %}<\/p>\r\n"}},"behaviour":{"bNoHeader":"0","iDefaultSpan":"1","iEnableBox":"0"}},"117":{"name":"Udane zakupy","title":null,"controller":"TextBox","params":{"content":{"languageid":"1","value":"<div class=\"article\">\r\n\t<div class=\"vertical-block block-nohead block-infolist\">\r\n\t\t<div class=\"block-content\">\r\n\t\t\t<h1>\r\n\t\t\t\tUdane zakupy<\/h1>\r\n\t\t\t<ul class=\"unstyled\">\r\n\t\t\t\t<li>\r\n\t\t\t\t\t<span class=\"ico\"><img alt=\"\" src=\"\/design\/_images_frontend\/upload\/images\/block.ico.1.png\" \/><\/span> Przesy\u0142ka 48h kurierska<\/li>\r\n\t\t\t\t<li>\r\n\t\t\t\t\t<span class=\"ico\"><img alt=\"\" src=\"\/design\/_images_frontend\/upload\/images\/block.ico.2.png\" \/><\/span> Darmowa dostawa<br \/>\r\n\t\t\t\t\tod 200 z\u0142<\/li>\r\n\t\t\t\t<li>\r\n\t\t\t\t\t<span class=\"ico\"><img alt=\"\" src=\"\/design\/_images_frontend\/upload\/images\/block.ico.3.png\" \/><\/span> Dobre praktyki<br \/>\r\n\t\t\t\t\te-commerce<\/li>\r\n\t\t\t\t<li>\r\n\t\t\t\t\t<span class=\"ico\"><img alt=\"\" src=\"\/design\/_images_frontend\/upload\/images\/block.ico.4.png\" \/><\/span> Certyfikat bezpiecze\u0144stwa<\/li>\r\n\t\t\t<\/ul>\r\n\t\t<\/div>\r\n\t<\/div>\r\n<\/div>\r\n<p>\r\n\t&nbsp;<\/p>\r\n"}},"behaviour":{"bNoHeader":"0","iDefaultSpan":"1","iEnableBox":"0"}},"118":{"name":"Opis produktu","title":null,"controller":"ProductDescriptionBox","params":{"tabbed":{"languageid":null,"value":"0"}},"behaviour":{"bNoHeader":"1","iDefaultSpan":"1","iEnableBox":"0"}},"119":{"name":"Kategorie g\u0142\u00f3wne","title":null,"controller":"MainCategoriesBox","params":{"showall":{"languageid":null,"value":"1"},"categoryIds":{"languageid":null,"value":""}},"behaviour":{"bNoHeader":"1","iDefaultSpan":"1","iEnableBox":"0"}},"120":{"name":"Proces zam\u00f3wienia","title":null,"controller":"CheckoutBox","params":[],"behaviour":{"bNoHeader":"0","iDefaultSpan":"1","iEnableBox":"0"}},"121":{"name":"Podsumowanie zam\u00f3wienia","title":null,"controller":"FinalizationBox","params":[],"behaviour":{"bNoHeader":"0","iDefaultSpan":"1","iEnableBox":"0"}},"222":{"name":"Regulamin","title":null,"controller":"ConditionsBox","params":[],"behaviour":{"bNoHeader":"0","iDefaultSpan":"1","iEnableBox":"0"}},"223":{"name":"Nawigacja","title":null,"controller":"CmsMenuBox","params":[],"behaviour":{"bNoHeader":"0","iDefaultSpan":"1","iEnableBox":"0"}},"277":{"name":"Promocje na stronie g\u0142\u00f3wnej","title":null,"controller":"ProductPromotionsBox","params":{"productsCount":{"languageid":null,"value":"5"},"view":{"languageid":null,"value":"0"},"orderBy":{"languageid":null,"value":"random"},"orderDir":{"languageid":null,"value":"asc"},"pagination":{"languageid":null,"value":"0"}},"behaviour":{"bNoHeader":"0","iDefaultSpan":"1","iEnableBox":"0"}},"378":{"name":"Zestawy produkt\u00f3w","title":null,"controller":"ProductCombinationBox","params":{"orderBy":{"languageid":null,"value":"name"},"orderDir":{"languageid":null,"value":"asc"}},"behaviour":{"bNoHeader":"0","iDefaultSpan":"1","iEnableBox":"0"}}}}