{"#main-container":{"width":{"value":"908"}},"body":{"font":{"family":"Arial,Arial,Helvetica,sans-serif","colour":"333333","bold":"0","italic":"0","underline":"0","uppercase":"0","size":"11"},"background":{"type":"3","start":"ffffff","file":"bg.png","position":"0 0","repeat":"repeat-x"}},"p":{"margin-bottom":{"value":"10px"},"line-height":{"value":"1.5em"}},"a":{"font":{"family":"Arial,Arial,Helvetica,sans-serif","colour":"08C","bold":"0","italic":"0","underline":"0","uppercase":"0","size":"13"}},"a:hover, a:focus, a:active":{"font":{"family":"Arial,Arial,Helvetica,sans-serif","colour":"005580","bold":"0","italic":"0","underline":"1","uppercase":"0","size":"13"}},"#header h1, #header h1 a":{"font":{"family":"Trebuchet MS,Helvetica,sans-serif","colour":"000000","bold":"1","italic":"0","underline":"0","uppercase":"1","size":"24"}},"#header":{"font":{"family":"Trebuchet MS,Helvetica,sans-serif","colour":"000000","bold":"0","italic":"0","underline":"0","uppercase":"0","size":"12"}},"#header-cart-summary h2, #header-cart-summary h2 a, #header-cart-summary h2 a:hover, #header-cart-summary h2 a:focus, #header-cart-summary h2 a:active":{"font":{"family":"Trebuchet MS,Helvetica,sans-serif","colour":"000000","bold":"0","italic":"0","underline":"0","uppercase":"1","size":"12"}},"#header-cart-summary a":{"font":{"family":"Trebuchet MS,Helvetica,sans-serif","colour":"000000","bold":"0","italic":"0","underline":"0","uppercase":"0","size":"12"}},"#header-cart-summary a:hover, #header-cart-summary a:focus, #header-cart-summary a:active":{"font":{"family":"Trebuchet MS,Helvetica,sans-serif","colour":"000000","bold":"0","italic":"0","underline":"1","uppercase":"0","size":"12"}},"#cart-preview":{"background":{"type":"3","start":"ededed","file":"","position":"0 0","repeat":"repeat-x"}},"#cart-preview a":{"font":{"family":"Trebuchet MS,Helvetica,sans-serif","colour":"000000","bold":"0","italic":"0","underline":"0","uppercase":"0","size":"12"}},"#cart-preview a:hover, #cart-preview a:focus, #cart-preview a:active":{"font":{"family":"Trebuchet MS,Helvetica,sans-serif","colour":"000000","bold":"0","italic":"0","underline":"1","uppercase":"0","size":"12"}},"#horizontal-navigation ul li a":{"height":{"value":"30"},"font":{"family":"Trebuchet MS,Helvetica,sans-serif","colour":"ffffff","bold":"1","italic":"0","underline":"0","uppercase":"1","size":"12"},"line-height":{"value":"30px"}},"#horizontal-navigation":{"border":{"top":{"size":"0","colour":"000000"},"right":{"size":"0","colour":"000000"},"bottom":{"size":"0","colour":"000000"},"left":{"size":"0","colour":"000000"}},"background":{"type":"2","start":"4b4b4b","end":"1c1c1c","gradient_height":"30","position":"0 0","repeat":"repeat-x"}},"#horizontal-navigation, #horizontal-navigation ul li a":{"border-radius":{"value":"5px","top-right":{"value":"5px"},"top-left":{"value":"5px"},"bottom-right":{"value":"5px"},"bottom-left":{"value":"5px"}}},"#horizontal-navigation li":{"background":{"type":"2","start":"4b4b4b","end":"1c1c1c","gradient_height":"30","position":"0 0","repeat":"repeat-x"}},"#horizontal-navigation ul li.active a":{"background":{"type":"2","start":"1c1c1c","end":"4b4b4b","gradient_height":"30","position":"0 0","repeat":"repeat-x"},"font":{"family":"Trebuchet MS,Helvetica,sans-serif","colour":"ffffff","bold":"1","italic":"0","underline":"0","uppercase":"1","size":"12"}},"#horizontal-navigation ul li a:hover, #horizontal-navigation ul li a:focus, #horizontal-navigation ul li a:active":{"background":{"type":"2","start":"fff100","end":"ff7000","gradient_height":"30","position":"0 0","repeat":"repeat-x"},"font":{"family":"Trebuchet MS,Helvetica,sans-serif","colour":"000000","bold":"1","italic":"0","underline":"0","uppercase":"1","size":"12"}},"#footer":{"border-radius":{"value":"5px","top-right":{"value":"5px"},"top-left":{"value":"5px"},"bottom-right":{"value":"5px"},"bottom-left":{"value":"5px"}},"border":{"top":{"size":"1","colour":"d5d5d5"},"right":{"size":"1","colour":"d5d5d5"},"bottom":{"size":"1","colour":"d5d5d5"},"left":{"size":"1","colour":"d5d5d5"}},"background":{"type":"2","start":"4b4b4b","end":"1c1c1c","gradient_height":"75","position":"0 0","repeat":"repeat-x"},"font":{"family":"Trebuchet MS,Helvetica,sans-serif","colour":"ffffff","bold":"0","italic":"0","underline":"0","uppercase":"0","size":"12"}},"#footer a":{"font":{"family":"Trebuchet MS,Helvetica,sans-serif","colour":"ffffff","bold":"0","italic":"0","underline":"0","uppercase":"0","size":"12"}},"#footer a:hover, #footer a:focus, #footer a:active":{"font":{"family":"Trebuchet MS,Helvetica,sans-serif","colour":"ffffff","bold":"0","italic":"0","underline":"1","uppercase":"0","size":"12"}},"#footer h4":{"font":{"family":"Trebuchet MS,Helvetica,sans-serif","colour":"ffffff","bold":"1","italic":"0","underline":"0","uppercase":"1","size":"12"},"border":{"top":{"size":"1","colour":"d5d5d5"},"right":{"size":"1","colour":"d5d5d5"},"bottom":{"size":"1","colour":"d5d5d5"},"left":{"size":"1","colour":"d5d5d5"}}},"#copyright-bar":{"font":{"family":"Trebuchet MS,Helvetica,sans-serif","colour":"000000","bold":"0","italic":"0","underline":"0","uppercase":"0","size":"11"}},"#copyright-bar a":{"font":{"family":"Trebuchet MS,Helvetica,sans-serif","colour":"000000","bold":"0","italic":"0","underline":"0","uppercase":"0","size":"11"}},"#copyright-bar a:hover, #copyright-bar a:focus, #copyright-bar a:active":{"font":{"family":"Trebuchet MS,Helvetica,sans-serif","colour":"000000","bold":"0","italic":"0","underline":"1","uppercase":"0","size":"11"}},".layout-box-type-product-list .pagination li a":{"font":{"family":"Arial,Arial,Helvetica,sans-serif","colour":"979797","bold":"0","italic":"0","underline":"0","uppercase":"0","size":"11"}},".layout-box-type-product-list .pagination li a:hover, .layout-box-type-product-list .pagination li a:focus, .layout-box-type-product-list .pagination li a:active":{"font":{"family":"Arial,Arial,Helvetica,sans-serif","colour":"979797","bold":"0","italic":"0","underline":"0","uppercase":"0","size":"11"}},".layout-box-type-product-list .pagination li.active a":{"background":{"type":"1","start":"4b4b4b"}},".layout-box-type-product-list .pagination li.disabled a":{"font":{"family":"Arial,Arial,Helvetica,sans-serif","colour":"d5d5d5","bold":"0","italic":"0","underline":"0","uppercase":"0","size":"11"}},".layout-box.layout-box":{"border":{"top":{"size":"0","colour":"dddddd"},"right":{"size":"0","colour":"dddddd"},"bottom":{"size":"0","colour":"dddddd"},"left":{"size":"0","colour":"dddddd"}},"border-radius":{"value":"3px","top-right":{"value":"3px"},"top-left":{"value":"3px"},"bottom-right":{"value":"3px"},"bottom-left":{"value":"3px"}}},".layout-box .layout-box-header h3, .layout-box .layout-box-header h2, .layout-box .layout-box-header h1, .layout-box .layout-box-header, .layout-box .layout-box-icons":{"line-height":{"value":"34"}},".layout-box .layout-box-header":{"background":{"type":"2","start":"ffffff","end":"f5f5f5","gradient_height":"34","position":"0 0","repeat":"repeat-x"}},".layout-box .layout-box-content":{"background":{"type":"1","start":"ffffff"}},".layout-box .layout-box-header h3, .layout-box .layout-box-header h2, .layout-box .layout-box-header h1":{"font":{"family":"Arial,Arial,Helvetica,sans-serif","colour":"333333","bold":"0","italic":"0","underline":"0","uppercase":"0","size":"18"}},".layout-box .layout-box-header, .layout-box .layout-box-header h3, .layout-box .layout-box-header h2, .layout-box .layout-box-header h1":{"text-align":{"value":"left"}},".layout-box .layout-box-content, .layout-box .layout-box-content p":{"font":{"family":"Arial,Arial,Helvetica,sans-serif","colour":"5f5f5f","bold":"0","italic":"0","underline":"0","uppercase":"0","size":"11"},"text-align":{"value":"left"}},".layout-box-content":{"border-radius":{"bottom-right":{"value":"2px"},"bottom-left":{"value":"2px"}}},".layout-box-header":{"border-radius":{"top-right":{"value":"2px"},"top-left":{"value":"2px"}}},".layout-box-collapsed .layout-box-header, .layout-box-option-header-false .layout-box-content":{"border-radius":{"top-right":{"value":"2px"},"top-left":{"value":"2px"},"bottom-right":{"value":"2px"},"bottom-left":{"value":"2px"}}},".layout-box-icons .layout-box-icon":{"height":{"value":"34"}}}