/*!40101 SET @OLD_CHARACTER_SET_CLIENT=@@CHARACTER_SET_CLIENT */;
/*!40101 SET @OLD_CHARACTER_SET_RESULTS=@@CHARACTER_SET_RESULTS */;
/*!40101 SET @OLD_COLLATION_CONNECTION=@@COLLATION_CONNECTION */;
/*!40101 SET NAMES utf8 */;
/*!40014 SET @OLD_UNIQUE_CHECKS=@@UNIQUE_CHECKS, UNIQUE_CHECKS=0 */;
/*!40014 SET @OLD_FOREIGN_KEY_CHECKS=@@FOREIGN_KEY_CHECKS, FOREIGN_KEY_CHECKS=0 */;
/*!40101 SET @OLD_SQL_MODE=@@SQL_MODE, SQL_MODE='NO_AUTO_VALUE_ON_ZERO' */;
/*!40111 SET @OLD_SQL_NOTES=@@SQL_NOTES, SQL_NOTES=0 */;

DROP TABLE IF EXISTS `assigntogroup`;
/*!40101 SET @saved_cs_client     = @@character_set_client */;
/*!40101 SET character_set_client = utf8 */;
CREATE TABLE `assigntogroup` (
  `idassigntogroup` int(10) unsigned NOT NULL AUTO_INCREMENT,
  `from` decimal(16,2) DEFAULT NULL,
  `to` decimal(16,2) DEFAULT NULL,
  `clientgroupid` int(10) unsigned NOT NULL,
  `viewid` int(10) unsigned NOT NULL,
  `adddate` timestamp NOT NULL DEFAULT CURRENT_TIMESTAMP ON UPDATE CURRENT_TIMESTAMP,
  PRIMARY KEY (`idassigntogroup`),
  KEY `FK_assigntogroup_viewid` (`viewid`),
  KEY `FK_assigntogroup_clientgroupid` (`clientgroupid`),
  CONSTRAINT `FK_assigntogroup_viewid` FOREIGN KEY (`viewid`) REFERENCES `view` (`idview`) ON DELETE CASCADE ON UPDATE NO ACTION
) ENGINE=InnoDB AUTO_INCREMENT=380 DEFAULT CHARSET=utf8;
/*!40101 SET character_set_client = @saved_cs_client */;

INSERT INTO `assigntogroup` (`idassigntogroup`, `from`, `to`, `clientgroupid`, `viewid`, `adddate`) VALUES (379,0.00,120.00,10,3,'2013-03-05 21:30:07');
DROP TABLE IF EXISTS `attributegroup`;
/*!40101 SET @saved_cs_client     = @@character_set_client */;
/*!40101 SET character_set_client = utf8 */;
CREATE TABLE `attributegroup` (
  `idattributegroup` int(10) unsigned NOT NULL AUTO_INCREMENT,
  `attributegroupnameid` int(10) unsigned NOT NULL,
  `attributeproductid` int(10) unsigned NOT NULL,
  `adddate` timestamp NOT NULL DEFAULT CURRENT_TIMESTAMP ON UPDATE CURRENT_TIMESTAMP,
  PRIMARY KEY (`idattributegroup`),
  KEY `FK_attributegroup_attributegroupnameid` (`attributegroupnameid`),
  KEY `FK_attributegroup_attributeproductid` (`attributeproductid`),
  CONSTRAINT `FK_attributegroup_attributegroupnameid` FOREIGN KEY (`attributegroupnameid`) REFERENCES `attributegroupname` (`idattributegroupname`) ON DELETE CASCADE ON UPDATE NO ACTION,
  CONSTRAINT `FK_attributegroup_attributeproductid` FOREIGN KEY (`attributeproductid`) REFERENCES `attributeproduct` (`idattributeproduct`) ON DELETE CASCADE ON UPDATE NO ACTION
) ENGINE=InnoDB AUTO_INCREMENT=20 DEFAULT CHARSET=utf8;
/*!40101 SET character_set_client = @saved_cs_client */;

INSERT INTO `attributegroup` (`idattributegroup`, `attributegroupnameid`, `attributeproductid`, `adddate`) VALUES (8,7,2,'2012-07-23 15:59:13'),(9,7,1,'2012-07-23 15:59:13'),(10,8,7,'2012-07-23 16:15:35'),(18,10,1,'2012-09-11 15:19:39'),(19,10,7,'2012-09-11 15:19:39');
DROP TABLE IF EXISTS `attributegroupname`;
/*!40101 SET @saved_cs_client     = @@character_set_client */;
/*!40101 SET character_set_client = utf8 */;
CREATE TABLE `attributegroupname` (
  `idattributegroupname` int(10) unsigned NOT NULL AUTO_INCREMENT,
  `name` varchar(45) NOT NULL,
  `adddate` timestamp NOT NULL DEFAULT CURRENT_TIMESTAMP ON UPDATE CURRENT_TIMESTAMP,
  PRIMARY KEY (`idattributegroupname`),
  UNIQUE KEY `UNIQUE_name` (`name`)
) ENGINE=InnoDB AUTO_INCREMENT=11 DEFAULT CHARSET=utf8;
/*!40101 SET character_set_client = @saved_cs_client */;

INSERT INTO `attributegroupname` (`idattributegroupname`, `name`, `adddate`) VALUES (7,'Obuwie','2012-07-23 15:57:58'),(8,'Ubrania','2012-07-23 16:15:23'),(10,'Bielizna','2012-07-25 09:25:59');
DROP TABLE IF EXISTS `attributeproduct`;
/*!40101 SET @saved_cs_client     = @@character_set_client */;
/*!40101 SET character_set_client = utf8 */;
CREATE TABLE `attributeproduct` (
  `idattributeproduct` int(10) unsigned NOT NULL AUTO_INCREMENT,
  `name` varchar(255) NOT NULL,
  `adddate` timestamp NOT NULL DEFAULT CURRENT_TIMESTAMP ON UPDATE CURRENT_TIMESTAMP,
  PRIMARY KEY (`idattributeproduct`)
) ENGINE=InnoDB AUTO_INCREMENT=8 DEFAULT CHARSET=utf8;
/*!40101 SET character_set_client = @saved_cs_client */;

INSERT INTO `attributeproduct` (`idattributeproduct`, `name`, `adddate`) VALUES (1,'Kolor','2012-03-11 17:51:24'),(2,'Rozmiar buta','2012-07-23 17:27:54'),(3,'inne','2012-05-31 12:46:06'),(4,'Pamięć','2012-06-27 22:57:21'),(5,'Procesor','2012-06-27 22:57:21'),(6,'Gwarancja','2012-07-01 20:33:19'),(7,'Rozmiar dolnej części bielizny','2012-07-25 09:58:39');
DROP TABLE IF EXISTS `attributeproductvalue`;
/*!40101 SET @saved_cs_client     = @@character_set_client */;
/*!40101 SET character_set_client = utf8 */;
CREATE TABLE `attributeproductvalue` (
  `idattributeproductvalue` int(10) unsigned NOT NULL AUTO_INCREMENT,
  `name` varchar(255) NOT NULL,
  `adddate` timestamp NOT NULL DEFAULT CURRENT_TIMESTAMP ON UPDATE CURRENT_TIMESTAMP,
  `attributeproductid` int(10) unsigned NOT NULL,
  PRIMARY KEY (`idattributeproductvalue`),
  KEY `FK_attributeproductvalue_attributeproductid` (`attributeproductid`),
  CONSTRAINT `FK_attributeproductvalue_attributeproductid` FOREIGN KEY (`attributeproductid`) REFERENCES `attributeproduct` (`idattributeproduct`) ON DELETE CASCADE ON UPDATE NO ACTION
) ENGINE=InnoDB AUTO_INCREMENT=34 DEFAULT CHARSET=utf8;
/*!40101 SET character_set_client = @saved_cs_client */;

INSERT INTO `attributeproductvalue` (`idattributeproductvalue`, `name`, `adddate`, `attributeproductid`) VALUES (2,'czarny','2012-04-08 20:26:54',1),(3,'zielony','2012-04-08 20:26:55',1),(9,'1','2012-05-31 12:46:06',3),(10,'2','2012-05-31 12:46:06',3),(11,'3','2012-05-31 12:46:06',3),(12,'4','2012-05-31 12:46:06',3),(13,'5','2012-05-31 12:46:06',3),(14,'6','2012-05-31 12:46:06',3),(15,'2GB DDR3','2012-06-27 22:57:21',4),(16,'4GB DDR3','2012-06-27 22:57:21',4),(17,'Core i3','2012-06-27 22:57:21',5),(18,'Core i5','2012-06-27 22:57:21',5),(19,'2 lata','2012-07-01 20:33:19',6),(20,'3 lata','2012-07-01 20:33:19',6),(21,'38','2012-07-23 15:59:13',2),(22,'39','2012-07-23 15:59:13',2),(23,'40','2012-07-23 15:59:13',2),(24,'41','2012-07-23 15:59:13',2),(25,'42','2012-07-23 15:59:13',2),(26,'43','2012-07-23 15:59:13',2),(27,'44','2012-07-23 15:59:13',2),(28,'niebieski','2012-07-23 15:59:13',1),(29,'XL','2012-07-23 16:15:35',7),(30,'L','2012-07-23 16:15:35',7),(31,'XXL','2012-07-23 16:15:35',7),(32,'S','2012-07-23 16:15:35',7),(33,'M','2012-07-23 16:15:35',7);
DROP TABLE IF EXISTS `availablity`;
/*!40101 SET @saved_cs_client     = @@character_set_client */;
/*!40101 SET character_set_client = utf8 */;
CREATE TABLE `availablity` (
  `idavailablity` int(10) unsigned NOT NULL AUTO_INCREMENT,
  `adddate` timestamp NOT NULL DEFAULT CURRENT_TIMESTAMP ON UPDATE CURRENT_TIMESTAMP,
  PRIMARY KEY (`idavailablity`)
) ENGINE=InnoDB AUTO_INCREMENT=6 DEFAULT CHARSET=utf8;
/*!40101 SET character_set_client = @saved_cs_client */;

INSERT INTO `availablity` (`idavailablity`, `adddate`) VALUES (1,'2012-07-29 19:16:35'),(2,'2012-07-29 19:16:40'),(3,'2012-07-29 19:16:46'),(4,'2012-07-29 19:16:55'),(5,'2012-07-30 07:43:06');
DROP TABLE IF EXISTS `availablitytranslation`;
/*!40101 SET @saved_cs_client     = @@character_set_client */;
/*!40101 SET character_set_client = utf8 */;
CREATE TABLE `availablitytranslation` (
  `idavailablitytranslation` int(10) unsigned NOT NULL AUTO_INCREMENT,
  `name` varchar(128) NOT NULL,
  `description` varchar(3000) DEFAULT NULL,
  `availablityid` int(10) unsigned DEFAULT NULL,
  `languageid` int(10) unsigned DEFAULT NULL,
  PRIMARY KEY (`idavailablitytranslation`),
  KEY `FK_availablitytranslation_availablityid` (`availablityid`),
  KEY `FK_availablitytranslation_languageid` (`languageid`),
  CONSTRAINT `FK_availablitytranslation_availablityid` FOREIGN KEY (`availablityid`) REFERENCES `availablity` (`idavailablity`) ON DELETE CASCADE ON UPDATE NO ACTION,
  CONSTRAINT `FK_availablitytranslation_languageid` FOREIGN KEY (`languageid`) REFERENCES `language` (`idlanguage`) ON DELETE CASCADE ON UPDATE NO ACTION
) ENGINE=InnoDB AUTO_INCREMENT=6 DEFAULT CHARSET=utf8;
/*!40101 SET character_set_client = @saved_cs_client */;

INSERT INTO `availablitytranslation` (`idavailablitytranslation`, `name`, `description`, `availablityid`, `languageid`) VALUES (1,'24h','',1,1),(2,'72h','',2,1),(3,'1-2 dni','',3,1),(4,'5-7 dni','',4,1),(5,'7-14 dni','',5,1);
DROP TABLE IF EXISTS `category`;
/*!40101 SET @saved_cs_client     = @@character_set_client */;
/*!40101 SET character_set_client = utf8 */;
CREATE TABLE `category` (
  `idcategory` int(10) unsigned NOT NULL AUTO_INCREMENT,
  `photoid` int(10) unsigned DEFAULT NULL,
  `discount` decimal(15,2) unsigned DEFAULT '0.00',
  `distinction` tinyint(3) unsigned DEFAULT '0',
  `categoryid` int(10) unsigned DEFAULT NULL,
  `adddate` timestamp NOT NULL DEFAULT CURRENT_TIMESTAMP ON UPDATE CURRENT_TIMESTAMP,
  `enable` int(10) unsigned NOT NULL DEFAULT '1',
  `migrationid` int(11) DEFAULT NULL,
  `migrationparentid` int(11) DEFAULT NULL,
  `actionsymbol` varchar(12) DEFAULT NULL,
  `actionparentsymbol` varchar(12) DEFAULT NULL,
  `actionmargin` decimal(15,2) DEFAULT NULL,
  `actionupdate` int(11) DEFAULT '1',
  `firmesid` int(11) NOT NULL,
  `firmesparentid` int(11) NOT NULL,
  PRIMARY KEY (`idcategory`),
  KEY `FK_category_photoid` (`photoid`),
  KEY `FK_category_categoryid` (`categoryid`),
  CONSTRAINT `FK_category_categoryid` FOREIGN KEY (`categoryid`) REFERENCES `category` (`idcategory`) ON DELETE CASCADE ON UPDATE NO ACTION,
  CONSTRAINT `FK_category_photoid` FOREIGN KEY (`photoid`) REFERENCES `file` (`idfile`) ON DELETE SET NULL ON UPDATE NO ACTION
) ENGINE=InnoDB AUTO_INCREMENT=757 DEFAULT CHARSET=utf8;
/*!40101 SET character_set_client = @saved_cs_client */;

INSERT INTO `category` (`idcategory`, `photoid`, `discount`, `distinction`, `categoryid`, `adddate`, `enable`, `migrationid`, `migrationparentid`, `actionsymbol`, `actionparentsymbol`, `actionmargin`, `actionupdate`, `firmesid`, `firmesparentid`) VALUES (750,NULL,0.00,0,NULL,'2013-03-05 01:28:57',1,NULL,NULL,NULL,NULL,NULL,1,0,0),(751,NULL,0.00,2,NULL,'2012-08-31 09:42:07',1,NULL,NULL,NULL,NULL,NULL,1,0,0),(752,NULL,0.00,7,NULL,'2013-03-05 01:29:16',1,NULL,NULL,NULL,NULL,NULL,1,0,0),(753,NULL,0.00,8,NULL,'2013-03-05 01:29:23',1,NULL,NULL,NULL,NULL,NULL,1,0,0),(754,NULL,0.00,9,NULL,'2013-03-05 01:29:29',1,NULL,NULL,NULL,NULL,NULL,1,0,0),(755,NULL,0.00,10,NULL,'2013-03-05 01:29:35',1,NULL,NULL,NULL,NULL,NULL,1,0,0),(756,NULL,0.00,1,NULL,'2013-03-05 01:29:04',1,NULL,NULL,NULL,NULL,NULL,1,0,0);
DROP TABLE IF EXISTS `categoryattributeproduct`;
/*!40101 SET @saved_cs_client     = @@character_set_client */;
/*!40101 SET character_set_client = utf8 */;
CREATE TABLE `categoryattributeproduct` (
  `idcategoryattributeproduct` int(10) unsigned NOT NULL AUTO_INCREMENT,
  `categoryid` int(10) unsigned NOT NULL,
  `attributeproductid` int(10) unsigned NOT NULL,
  `adddate` timestamp NOT NULL DEFAULT CURRENT_TIMESTAMP ON UPDATE CURRENT_TIMESTAMP,
  `attributegroupnameid` int(10) unsigned NOT NULL,
  PRIMARY KEY (`idcategoryattributeproduct`),
  KEY `UNIQUE_categoryattributeproduct_categoryid_attributeproductid` (`categoryid`,`attributeproductid`),
  KEY `FK_categoryattributeproduct_attributeproductid` (`attributeproductid`),
  KEY `FK_categoryattributeproduct_attributegroupnameid` (`attributegroupnameid`),
  CONSTRAINT `FK_categoryattributeproduct_attributegroupnameid` FOREIGN KEY (`attributegroupnameid`) REFERENCES `attributegroupname` (`idattributegroupname`) ON DELETE CASCADE ON UPDATE NO ACTION,
  CONSTRAINT `FK_categoryattributeproduct_attributeproductid` FOREIGN KEY (`attributeproductid`) REFERENCES `attributeproduct` (`idattributeproduct`) ON DELETE CASCADE ON UPDATE NO ACTION,
  CONSTRAINT `FK_categoryattributeproduct_categoryid` FOREIGN KEY (`categoryid`) REFERENCES `category` (`idcategory`) ON DELETE CASCADE ON UPDATE NO ACTION
) ENGINE=InnoDB DEFAULT CHARSET=utf8;
/*!40101 SET character_set_client = @saved_cs_client */;

DROP TABLE IF EXISTS `categoryceneo`;
/*!40101 SET @saved_cs_client     = @@character_set_client */;
/*!40101 SET character_set_client = utf8 */;
CREATE TABLE `categoryceneo` (
  `idcategoryceneo` int(10) unsigned NOT NULL AUTO_INCREMENT,
  `categoryid` int(10) unsigned NOT NULL,
  `ceneoid` int(10) unsigned NOT NULL,
  PRIMARY KEY (`idcategoryceneo`),
  KEY `FK_categoryceneo_categoryid` (`categoryid`),
  CONSTRAINT `FK_categoryceneo_categoryid` FOREIGN KEY (`categoryid`) REFERENCES `category` (`idcategory`) ON DELETE CASCADE ON UPDATE NO ACTION
) ENGINE=InnoDB AUTO_INCREMENT=70 DEFAULT CHARSET=utf8;
/*!40101 SET character_set_client = @saved_cs_client */;

INSERT INTO `categoryceneo` (`idcategoryceneo`, `categoryid`, `ceneoid`) VALUES (60,751,0),(64,750,49),(65,756,0),(66,752,0),(67,753,0),(68,754,0),(69,755,0);
DROP TABLE IF EXISTS `categorydomodi`;
/*!40101 SET @saved_cs_client     = @@character_set_client */;
/*!40101 SET character_set_client = utf8 */;
CREATE TABLE `categorydomodi` (
  `idcategorydomodi` int(10) unsigned NOT NULL AUTO_INCREMENT,
  `categoryid` int(10) unsigned NOT NULL,
  `domodiid` int(10) unsigned NOT NULL,
  PRIMARY KEY (`idcategorydomodi`),
  KEY `FK_categorydomodi_categoryid` (`categoryid`),
  CONSTRAINT `FK_categorydomodi_categoryid` FOREIGN KEY (`categoryid`) REFERENCES `category` (`idcategory`) ON DELETE CASCADE ON UPDATE NO ACTION
) ENGINE=InnoDB AUTO_INCREMENT=2 DEFAULT CHARSET=utf8;
/*!40101 SET character_set_client = @saved_cs_client */;

INSERT INTO `categorydomodi` (`idcategorydomodi`, `categoryid`, `domodiid`) VALUES (1,750,0);
DROP TABLE IF EXISTS `categorypath`;
/*!40101 SET @saved_cs_client     = @@character_set_client */;
/*!40101 SET character_set_client = utf8 */;
CREATE TABLE `categorypath` (
  `idcategorypath` int(10) unsigned NOT NULL AUTO_INCREMENT,
  `categoryid` int(10) unsigned NOT NULL,
  `ancestorcategoryid` int(10) unsigned NOT NULL,
  `order` int(10) unsigned NOT NULL,
  PRIMARY KEY (`idcategorypath`),
  KEY `FK_categorypath_categoryid` (`categoryid`),
  KEY `FK_categorypath_ancestorcategoryid` (`ancestorcategoryid`),
  KEY `FK_categorypath_order` (`order`),
  CONSTRAINT `FK_categorypath_categoryid` FOREIGN KEY (`categoryid`) REFERENCES `category` (`idcategory`) ON DELETE CASCADE ON UPDATE CASCADE
) ENGINE=InnoDB AUTO_INCREMENT=8 DEFAULT CHARSET=utf8;
/*!40101 SET character_set_client = @saved_cs_client */;

INSERT INTO `categorypath` (`idcategorypath`, `categoryid`, `ancestorcategoryid`, `order`) VALUES (1,750,750,0),(2,751,751,0),(3,752,752,0),(4,753,753,0),(5,754,754,0),(6,755,755,0),(7,756,756,0);
DROP TABLE IF EXISTS `categorytranslation`;
/*!40101 SET @saved_cs_client     = @@character_set_client */;
/*!40101 SET character_set_client = utf8 */;
CREATE TABLE `categorytranslation` (
  `idcategorytranslation` int(10) unsigned NOT NULL AUTO_INCREMENT,
  `name` varchar(128) NOT NULL,
  `shortdescription` varchar(3000) DEFAULT NULL,
  `description` varchar(3000) DEFAULT NULL,
  `categoryid` int(10) unsigned DEFAULT NULL,
  `languageid` int(10) unsigned DEFAULT NULL,
  `seo` varchar(128) DEFAULT NULL,
  `keyword_title` varchar(255) DEFAULT NULL,
  `keyword` text,
  `keyword_description` text,
  PRIMARY KEY (`idcategorytranslation`),
  UNIQUE KEY `UNIQUE_categorytranslation_name_categoryid` (`name`,`categoryid`,`languageid`),
  KEY `FK_categorytranslation_categoryid` (`categoryid`),
  KEY `FK_categorytranslation_languageid` (`languageid`),
  CONSTRAINT `FK_categorytranslation_categoryid` FOREIGN KEY (`categoryid`) REFERENCES `category` (`idcategory`) ON DELETE CASCADE ON UPDATE NO ACTION,
  CONSTRAINT `FK_categorytranslation_languageid` FOREIGN KEY (`languageid`) REFERENCES `language` (`idlanguage`) ON DELETE CASCADE ON UPDATE NO ACTION
) ENGINE=InnoDB AUTO_INCREMENT=2241 DEFAULT CHARSET=utf8;
/*!40101 SET character_set_client = @saved_cs_client */;

INSERT INTO `categorytranslation` (`idcategorytranslation`, `name`, `shortdescription`, `description`, `categoryid`, `languageid`, `seo`, `keyword_title`, `keyword`, `keyword_description`) VALUES (2231,'Kosmetyki','','',751,1,'kosmetyki','','',''),(2235,'Żywność','<p>\r\n	Jedzenie – pokarm, żywność, to, co się wprowadza do organizmu, by zapewnić mu odpowiednie substancje do działania i odbudowy (inaczej: jadło, pokarm); także czynność spożywania pokarmu.</p>','',750,1,'zywnosc','','',''),(2236,'Ubrania','<p>\r\n	W swojej ofercie mamy niepowtarzalne wzory ubrań z całego świata. Nie przepłacaj i wybierz coś dla siebie u nas.</p>','',756,1,'ubrania','','',''),(2237,'Artykuły chemiczne','<p>\r\n	<span style=\"font-family:arial, sans-serif;font-size:small;line-height:16px;\">Mydło, </span><em style=\"font-weight:bold;font-style:normal;color:rgb(0,0,0);font-family:arial, sans-serif;font-size:small;line-height:16px;\">Artykuły</em><span style=\"font-family:arial, sans-serif;font-size:small;line-height:16px;\"> higieniczne, Płyny i mleczka do czyszczenia, Odświeżacze powietrza, Płyny do mycia naczyń, Spraye do czyszczenia, Środki do wc, Gąbki...</span></p>','',752,1,'artykuly-chemiczne','','',''),(2238,'Książki i multimedia','<p>\r\n	Książka – dokument piśmienniczy, zapis myśli ludzkiej, raczej obszerny, w postaci publikacji wielostronicowej o określonej liczbie stron, o charakterze trwałym.<br />\r\n	Dzisiejsza postać książki wywodzi się od kodeksu, czyli kartek połączonych grzbietem.</p>','',753,1,'ksiazki-i-multimedia','','',''),(2239,'Obuwie','<p>\r\n	Obuwie – część ubioru, okrycie stopy, oraz często dalszej części nogi.<br />\r\n	Składa się z podeszwy i cholewki. Najczęstszym materiałem była skóra, chociaż spotyka się również obuwie tekstylne, gumowe czy drewniane.<br />\r\n	 </p>','',754,1,'obuwie','','',''),(2240,'Bielizna','<p>\r\n	Część bielizny jest ściśle przeznaczona do noszenia pod innymi ubraniami, podczas gdy inne (jak np. T-shirt czy szorty) mogą być noszone zarówno pod spodem jak i jako normalne ubranie.</p>','',755,1,'bielizna','','','');
DROP TABLE IF EXISTS `ceneo`;
/*!40101 SET @saved_cs_client     = @@character_set_client */;
/*!40101 SET character_set_client = utf8 */;
CREATE TABLE `ceneo` (
  `idceneo` int(10) unsigned NOT NULL AUTO_INCREMENT,
  `name` varchar(255) NOT NULL,
  `idorginal` int(10) unsigned NOT NULL,
  `parentorginalid` int(10) unsigned DEFAULT NULL,
  `path` varchar(255) DEFAULT NULL,
  PRIMARY KEY (`idceneo`)
) ENGINE=InnoDB AUTO_INCREMENT=2311 DEFAULT CHARSET=utf8;
/*!40101 SET character_set_client = @saved_cs_client */;

INSERT INTO `ceneo` (`idceneo`, `name`, `idorginal`, `parentorginalid`, `path`) VALUES (1,'Fotografia',40,0,'Fotografia'),(2,'Aparaty fotograficzne',46,40,'Fotografia|Aparaty fotograficzne'),(3,'Aparaty cyfrowe',49,46,'Fotografia|Aparaty fotograficzne|Aparaty cyfrowe'),(4,'Lustrzanki cyfrowe',1065,46,'Fotografia|Aparaty fotograficzne|Lustrzanki cyfrowe'),(5,'Aparaty analogowe',2196,46,'Fotografia|Aparaty fotograficzne|Aparaty analogowe'),(6,'Aparaty cyfrowe z wymienną optyką',3013,46,'Fotografia|Aparaty fotograficzne|Aparaty cyfrowe z wymienną optyką'),(7,'Akcesoria fotograficzne',48,40,'Fotografia|Akcesoria fotograficzne'),(8,'Pozostałe akcesoria do fotografii',397,48,'Fotografia|Akcesoria fotograficzne|Pozostałe akcesoria do fotografii'),(9,'Przejściówki i adaptery',1234,48,'Fotografia|Akcesoria fotograficzne|Przejściówki i adaptery'),(10,'Ramki albumy i akcesoria do zdjęć',2066,48,'Fotografia|Akcesoria fotograficzne|Ramki albumy i akcesoria do zdjęć'),(11,'Ramki cyfrowe',956,2066,'Fotografia|Akcesoria fotograficzne|Ramki albumy i akcesoria do zdjęć|Ramki cyfrowe'),(12,'Ramki tradycyjne',2067,2066,'Fotografia|Akcesoria fotograficzne|Ramki albumy i akcesoria do zdjęć|Ramki tradycyjne'),(13,'Albumy na zdjęcia',2068,2066,'Fotografia|Akcesoria fotograficzne|Ramki albumy i akcesoria do zdjęć|Albumy na zdjęcia'),(14,'Pozostałe akcesoria do zdjęć',2069,2066,'Fotografia|Akcesoria fotograficzne|Ramki albumy i akcesoria do zdjęć|Pozostałe akcesoria do zdjęć'),(15,'Filtry i akcesoria',2354,48,'Fotografia|Akcesoria fotograficzne|Filtry i akcesoria'),(16,'Filtry',55,2354,'Fotografia|Akcesoria fotograficzne|Filtry i akcesoria|Filtry'),(17,'Akcesoria do filtrów',2359,2354,'Fotografia|Akcesoria fotograficzne|Filtry i akcesoria|Akcesoria do filtrów'),(18,'Systemy Cokin',2567,2354,'Fotografia|Akcesoria fotograficzne|Filtry i akcesoria|Systemy Cokin'),(19,'Konwertery i akcesoria',2357,48,'Fotografia|Akcesoria fotograficzne|Konwertery i akcesoria'),(20,'Konwertery',437,2357,'Fotografia|Akcesoria fotograficzne|Konwertery i akcesoria|Konwertery'),(21,'Akcesoria do konwerterów',2358,2357,'Fotografia|Akcesoria fotograficzne|Konwertery i akcesoria|Akcesoria do konwerterów'),(22,'Lampy błyskowe i akcesoria',2360,48,'Fotografia|Akcesoria fotograficzne|Lampy błyskowe i akcesoria'),(23,'Lampy błyskowe',291,2360,'Fotografia|Akcesoria fotograficzne|Lampy błyskowe i akcesoria|Lampy błyskowe'),(24,'Akcesoria do lamp błyskowych',2361,2360,'Fotografia|Akcesoria fotograficzne|Lampy błyskowe i akcesoria|Akcesoria do lamp błyskowych'),(25,'Fotografia podwodna',2362,48,'Fotografia|Akcesoria fotograficzne|Fotografia podwodna'),(26,'Obudowy podwodne',394,2362,'Fotografia|Akcesoria fotograficzne|Fotografia podwodna|Obudowy podwodne'),(27,'Podwodne akcesoria fotograficzne',2363,2362,'Fotografia|Akcesoria fotograficzne|Fotografia podwodna|Podwodne akcesoria fotograficzne'),(28,'Makrofotografia',2364,48,'Fotografia|Akcesoria fotograficzne|Makrofotografia'),(29,'Torby i ochrona sprzętu fotograficznego',2365,48,'Fotografia|Akcesoria fotograficzne|Torby i ochrona sprzętu fotograficznego'),(30,'Torby i futerały fotograficzne',396,2365,'Fotografia|Akcesoria fotograficzne|Torby i ochrona sprzętu fotograficznego|Torby i futerały fotograficzne'),(31,'Plecaki fotograficzne',2366,2365,'Fotografia|Akcesoria fotograficzne|Torby i ochrona sprzętu fotograficznego|Plecaki fotograficzne'),(32,'Pozostała ochrona sprzętu fotograficznego',2367,2365,'Fotografia|Akcesoria fotograficzne|Torby i ochrona sprzętu fotograficznego|Pozostała ochrona sprzętu fotograficznego'),(33,'Środki czystości do optyki',2368,2365,'Fotografia|Akcesoria fotograficzne|Torby i ochrona sprzętu fotograficznego|Środki czystości do optyki'),(34,'Statywy głowice i akcesoria',2369,48,'Fotografia|Akcesoria fotograficzne|Statywy głowice i akcesoria'),(35,'Statywy',428,2369,'Fotografia|Akcesoria fotograficzne|Statywy głowice i akcesoria|Statywy'),(36,'Głowice do statywów',2370,2369,'Fotografia|Akcesoria fotograficzne|Statywy głowice i akcesoria|Głowice do statywów'),(37,'Akcesoria do statywów i głowic',2371,2369,'Fotografia|Akcesoria fotograficzne|Statywy głowice i akcesoria|Akcesoria do statywów i głowic'),(38,'Sprzęt studyjny',2372,48,'Fotografia|Akcesoria fotograficzne|Sprzęt studyjny'),(39,'Piloty i wężyki spustowe',2373,48,'Fotografia|Akcesoria fotograficzne|Piloty i wężyki spustowe'),(40,'Akcesoria do wizjera i LCD',2374,48,'Fotografia|Akcesoria fotograficzne|Akcesoria do wizjera i LCD'),(41,'Zestawy akcesoriów fotograficznych',2831,48,'Fotografia|Akcesoria fotograficzne|Zestawy akcesoriów fotograficznych'),(42,'Zasilanie',293,40,'Fotografia|Zasilanie'),(43,'Akumulatory i baterie uniwersalne',294,293,'Fotografia|Zasilanie|Akumulatory i baterie uniwersalne'),(44,'Ładowarki i zasilacze',295,293,'Fotografia|Zasilanie|Ładowarki i zasilacze'),(45,'Gripy i batterypacki',1261,293,'Fotografia|Zasilanie|Gripy i batterypacki'),(46,'Akumulatory dedykowane',3014,293,'Fotografia|Zasilanie|Akumulatory dedykowane'),(47,'Karty pamięci fotobanki i akcesoria',2348,40,'Fotografia|Karty pamięci fotobanki i akcesoria'),(48,'Karty pamięci',53,2348,'Fotografia|Karty pamięci fotobanki i akcesoria|Karty pamięci'),(49,'Akcesoria do kart pamięci i fotobanków',2349,2348,'Fotografia|Karty pamięci fotobanki i akcesoria|Akcesoria do kart pamięci i fotobanków'),(50,'Fotobanki i fotograficzne stacje dokujące',2350,2348,'Fotografia|Karty pamięci fotobanki i akcesoria|Fotobanki i fotograficzne stacje dokujące'),(51,'Obiektywy i akcesoria',2351,40,'Fotografia|Obiektywy i akcesoria'),(52,'Obiektywy',54,2351,'Fotografia|Obiektywy i akcesoria|Obiektywy'),(53,'Akcesoria do obiektywów',2352,2351,'Fotografia|Obiektywy i akcesoria|Akcesoria do obiektywów'),(54,'Osłony na obiektywy',1235,2352,'Fotografia|Obiektywy i akcesoria|Akcesoria do obiektywów|Osłony na obiektywy'),(55,'Dekielki i zaślepki',1236,2352,'Fotografia|Obiektywy i akcesoria|Akcesoria do obiektywów|Dekielki i zaślepki'),(56,'Pozostałe akcesoria do obiektywów',2353,2352,'Fotografia|Obiektywy i akcesoria|Akcesoria do obiektywów|Pozostałe akcesoria do obiektywów'),(57,'Sprzęt optyczny',2375,40,'Fotografia|Sprzęt optyczny'),(58,'Lornetki',427,2375,'Fotografia|Sprzęt optyczny|Lornetki'),(59,'Teleskopy',620,2375,'Fotografia|Sprzęt optyczny|Teleskopy'),(60,'Lunety obserwacyjne',2376,2375,'Fotografia|Sprzęt optyczny|Lunety obserwacyjne'),(61,'Lupy i mikroskopy',2377,2375,'Fotografia|Sprzęt optyczny|Lupy i mikroskopy'),(62,'Akcesoria do optyki',2378,2375,'Fotografia|Sprzęt optyczny|Akcesoria do optyki'),(63,'Usługi fotograficzne',3466,40,'Fotografia|Usługi fotograficzne'),(64,'Sprzęt RTV',41,0,'Sprzęt RTV'),(65,'Audio',296,41,'Sprzęt RTV|Audio'),(66,'Wieże',316,296,'Sprzęt RTV|Audio|Wieże'),(67,'Wzmacniacze audio',317,296,'Sprzęt RTV|Audio|Wzmacniacze audio'),(68,'Tunery radiowe',318,296,'Sprzęt RTV|Audio|Tunery radiowe'),(69,'Amplitunery',319,296,'Sprzęt RTV|Audio|Amplitunery'),(70,'Odtwarzacze CD',320,296,'Sprzęt RTV|Audio|Odtwarzacze CD'),(71,'Radioodtwarzacze',321,296,'Sprzęt RTV|Audio|Radioodtwarzacze'),(72,'Kolumny i głośniki',322,296,'Sprzęt RTV|Audio|Kolumny i głośniki'),(73,'Słuchawki',326,296,'Sprzęt RTV|Audio|Słuchawki'),(74,'Nagrywarki audio',332,296,'Sprzęt RTV|Audio|Nagrywarki audio'),(75,'Akcesoria Audio',333,296,'Sprzęt RTV|Audio|Akcesoria Audio'),(76,'Gramofony',384,296,'Sprzęt RTV|Audio|Gramofony'),(77,'Radia',442,296,'Sprzęt RTV|Audio|Radia'),(78,'Magnetofony',444,296,'Sprzęt RTV|Audio|Magnetofony'),(79,'Pozostały sprzęt audio',2722,296,'Sprzęt RTV|Audio|Pozostały sprzęt audio'),(80,'Radiobudziki',3032,296,'Sprzęt RTV|Audio|Radiobudziki'),(81,'Radia internetowe',3033,296,'Sprzęt RTV|Audio|Radia internetowe'),(82,'Video',297,41,'Sprzęt RTV|Video'),(83,'Telewizory',299,297,'Sprzęt RTV|Video|Telewizory'),(84,'Telewizory tradycyjne',300,299,'Sprzęt RTV|Video|Telewizory|Telewizory tradycyjne'),(85,'Telewizory projekcyjne',301,299,'Sprzęt RTV|Video|Telewizory|Telewizory projekcyjne'),(86,'Telewizory plazmowe',302,299,'Sprzęt RTV|Video|Telewizory|Telewizory plazmowe'),(87,'Telewizory LCD',303,299,'Sprzęt RTV|Video|Telewizory|Telewizory LCD'),(88,'Telewizory LED',2478,299,'Sprzęt RTV|Video|Telewizory|Telewizory LED'),(89,'Telewizory 3D',2814,299,'Sprzęt RTV|Video|Telewizory|Telewizory 3D'),(90,'Magnetowidy',307,297,'Sprzęt RTV|Video|Magnetowidy'),(91,'Zestawy kina domowego',309,297,'Sprzęt RTV|Video|Zestawy kina domowego'),(92,'Sprzęt satelitarny',314,297,'Sprzęt RTV|Video|Sprzęt satelitarny'),(93,'Anteny satelitarne',739,314,'Sprzęt RTV|Video|Sprzęt satelitarny|Anteny satelitarne'),(94,'Tunery satelitarne',740,314,'Sprzęt RTV|Video|Sprzęt satelitarny|Tunery satelitarne'),(95,'Konwertery satelitarne',741,314,'Sprzęt RTV|Video|Sprzęt satelitarny|Konwertery satelitarne'),(96,'Akcesoria satelitarne',742,314,'Sprzęt RTV|Video|Sprzęt satelitarny|Akcesoria satelitarne'),(97,'Pozostały sprzęt satelitarny',2742,314,'Sprzęt RTV|Video|Sprzęt satelitarny|Pozostały sprzęt satelitarny'),(98,'Multiswitche',3020,314,'Sprzęt RTV|Video|Sprzęt satelitarny|Multiswitche'),(99,'Kamery i akcesoria',2731,297,'Sprzęt RTV|Video|Kamery i akcesoria'),(100,'Kamery cyfrowe',47,2731,'Sprzęt RTV|Video|Kamery i akcesoria|Kamery cyfrowe'),(101,'Kamery analogowe',306,2731,'Sprzęt RTV|Video|Kamery i akcesoria|Kamery analogowe'),(102,'Akcesoria do kamer',2732,2731,'Sprzęt RTV|Video|Kamery i akcesoria|Akcesoria do kamer'),(103,'Odtwarzacze i nagrywarki',2739,297,'Sprzęt RTV|Video|Odtwarzacze i nagrywarki'),(104,'Odtwarzacze DVD',310,2739,'Sprzęt RTV|Video|Odtwarzacze i nagrywarki|Odtwarzacze DVD'),(105,'Nagrywarki DVD',312,2739,'Sprzęt RTV|Video|Odtwarzacze i nagrywarki|Nagrywarki DVD'),(106,'Odtwarzacze Blu-ray',2097,2739,'Sprzęt RTV|Video|Odtwarzacze i nagrywarki|Odtwarzacze Blu-ray'),(107,'Odtwarzacze multimedialne',2492,2739,'Sprzęt RTV|Video|Odtwarzacze i nagrywarki|Odtwarzacze multimedialne'),(108,'Nagrywarki Blu-ray',2740,2739,'Sprzęt RTV|Video|Odtwarzacze i nagrywarki|Nagrywarki Blu-ray'),(109,'Pozostały sprzęt video',2741,297,'Sprzęt RTV|Video|Pozostały sprzęt video'),(110,'Sprzęt naziemny',2959,297,'Sprzęt RTV|Video|Sprzęt naziemny'),(111,'Tunery naziemne',2960,2959,'Sprzęt RTV|Video|Sprzęt naziemny|Tunery naziemne'),(112,'Anteny naziemne',2961,2959,'Sprzęt RTV|Video|Sprzęt naziemny|Anteny naziemne'),(113,'Akcesoria do sprzętu naziemnego',2962,2959,'Sprzęt RTV|Video|Sprzęt naziemny|Akcesoria do sprzętu naziemnego'),(114,'Akcesoria video',3016,297,'Sprzęt RTV|Video|Akcesoria video'),(115,'Pozostałe akcesoria video',315,3016,'Sprzęt RTV|Video|Akcesoria video|Pozostałe akcesoria video'),(116,'Okulary 3D',3017,3016,'Sprzęt RTV|Video|Akcesoria video|Okulary 3D'),(117,'Piloty',3018,3016,'Sprzęt RTV|Video|Akcesoria video|Piloty'),(118,'Nadajniki TV',3019,3016,'Sprzęt RTV|Video|Akcesoria video|Nadajniki TV'),(119,'Splittery video',3129,3016,'Sprzęt RTV|Video|Akcesoria video|Splittery video'),(120,'Przekaźniki audio-video',3130,3016,'Sprzęt RTV|Video|Akcesoria video|Przekaźniki audio-video'),(121,'Sprzęt car audio',298,41,'Sprzęt RTV|Sprzęt car audio'),(122,'Głośniki samochodowe',334,298,'Sprzęt RTV|Sprzęt car audio|Głośniki samochodowe'),(123,'Zmieniarki CD DVD',338,298,'Sprzęt RTV|Sprzęt car audio|Zmieniarki CD DVD'),(124,'Wzmacniacze samochodowe',341,298,'Sprzęt RTV|Sprzęt car audio|Wzmacniacze samochodowe'),(125,'Radioodtwarzacze samochodowe',383,298,'Sprzęt RTV|Sprzęt car audio|Radioodtwarzacze samochodowe'),(126,'Akcesoria car audio',446,298,'Sprzęt RTV|Sprzęt car audio|Akcesoria car audio'),(127,'Pozostały sprzęt car audio',2723,298,'Sprzęt RTV|Sprzęt car audio|Pozostały sprzęt car audio'),(128,'Samochodowe panele LCD TV',3015,298,'Sprzęt RTV|Sprzęt car audio|Samochodowe panele LCD TV'),(129,'Systemy nawigacji GPS',542,41,'Sprzęt RTV|Systemy nawigacji GPS'),(130,'Nawigacja samochodowa',1587,542,'Sprzęt RTV|Systemy nawigacji GPS|Nawigacja samochodowa'),(131,'Nawigacja wodna',1588,542,'Sprzęt RTV|Systemy nawigacji GPS|Nawigacja wodna'),(132,'Nawigacja specjalistyczna',1589,542,'Sprzęt RTV|Systemy nawigacji GPS|Nawigacja specjalistyczna'),(133,'Nawigacja turystyczna',1590,542,'Sprzęt RTV|Systemy nawigacji GPS|Nawigacja turystyczna'),(134,'Akcesoria GPS',1591,542,'Sprzęt RTV|Systemy nawigacji GPS|Akcesoria GPS'),(135,'Odbiorniki GPS',1592,542,'Sprzęt RTV|Systemy nawigacji GPS|Odbiorniki GPS'),(136,'Mapy cyfrowe',1593,542,'Sprzęt RTV|Systemy nawigacji GPS|Mapy cyfrowe'),(137,'Nawigacja samochodowa dedykowana',3218,542,'Sprzęt RTV|Systemy nawigacji GPS|Nawigacja samochodowa dedykowana'),(138,'Kable przewody i wtyki',1464,41,'Sprzęt RTV|Kable przewody i wtyki'),(139,'Stoliki uchwyty i półki',1465,41,'Sprzęt RTV|Stoliki uchwyty i półki'),(140,'Stoliki i stojaki RTV',304,1465,'Sprzęt RTV|Stoliki uchwyty i półki|Stoliki i stojaki RTV'),(141,'Podstawy i uchwyty do kolumn',1466,1465,'Sprzęt RTV|Stoliki uchwyty i półki|Podstawy i uchwyty do kolumn'),(142,'Uchwyty i półki RTV',1467,1465,'Sprzęt RTV|Stoliki uchwyty i półki|Uchwyty i półki RTV'),(143,'Sprzęt przenośny',1584,41,'Sprzęt RTV|Sprzęt przenośny'),(144,'Discmany i MD',323,1584,'Sprzęt RTV|Sprzęt przenośny|Discmany i MD'),(145,'Odtwarzacze mp3 i mp4',324,1584,'Sprzęt RTV|Sprzęt przenośny|Odtwarzacze mp3 i mp4'),(146,'Walkmany',330,1584,'Sprzęt RTV|Sprzęt przenośny|Walkmany'),(147,'Dyktafony',331,1584,'Sprzęt RTV|Sprzęt przenośny|Dyktafony'),(148,'Akcesoria do sprzętu przenośnego',1585,1584,'Sprzęt RTV|Sprzęt przenośny|Akcesoria do sprzętu przenośnego'),(149,'Ładowarki do sprzętu przenośnego',2725,1585,'Sprzęt RTV|Sprzęt przenośny|Akcesoria do sprzętu przenośnego|Ładowarki do sprzętu przenośnego'),(150,'Głośniki przenośne i stacje dokujące',2726,1585,'Sprzęt RTV|Sprzęt przenośny|Akcesoria do sprzętu przenośnego|Głośniki przenośne i stacje dokujące'),(151,'Pokrowce i etui do sprzętu przenośnego',2727,1585,'Sprzęt RTV|Sprzęt przenośny|Akcesoria do sprzętu przenośnego|Pokrowce i etui do sprzętu przenośnego'),(152,'Pozostałe akcesoria do sprzętu przenośnego',2728,1585,'Sprzęt RTV|Sprzęt przenośny|Akcesoria do sprzętu przenośnego|Pozostałe akcesoria do sprzętu przenośnego'),(153,'Przenośne odtwarzacze DVD',2729,1584,'Sprzęt RTV|Sprzęt przenośny|Przenośne odtwarzacze DVD'),(154,'Pozostały sprzęt przenośny',2730,1584,'Sprzęt RTV|Sprzęt przenośny|Pozostały sprzęt przenośny'),(155,'Przenośne odtwarzacze Blu-ray',3125,1584,'Sprzęt RTV|Sprzęt przenośny|Przenośne odtwarzacze Blu-ray'),(156,'Usługi i serwis RTV',3469,41,'Sprzęt RTV|Usługi i serwis RTV'),(157,'Sprzęt AGD',42,0,'Sprzęt AGD'),(158,'Duże AGD wolnostojące',342,42,'Sprzęt AGD|Duże AGD wolnostojące'),(159,'Zmywarki',359,342,'Sprzęt AGD|Duże AGD wolnostojące|Zmywarki'),(160,'Zestawy zintegrowane AGD',391,342,'Sprzęt AGD|Duże AGD wolnostojące|Zestawy zintegrowane AGD'),(161,'Gotowanie i pieczenie wolnostojące',3291,342,'Sprzęt AGD|Duże AGD wolnostojące|Gotowanie i pieczenie wolnostojące'),(162,'Kuchenki elektryczne',385,3291,'Sprzęt AGD|Duże AGD wolnostojące|Gotowanie i pieczenie wolnostojące|Kuchenki elektryczne'),(163,'Kuchenki gazowe',386,3291,'Sprzęt AGD|Duże AGD wolnostojące|Gotowanie i pieczenie wolnostojące|Kuchenki gazowe'),(164,'Kuchenki gazowo-elektryczne',1273,3291,'Sprzęt AGD|Duże AGD wolnostojące|Gotowanie i pieczenie wolnostojące|Kuchenki gazowo-elektryczne'),(165,'Płyty wolnostojące',1514,3291,'Sprzęt AGD|Duże AGD wolnostojące|Gotowanie i pieczenie wolnostojące|Płyty wolnostojące'),(166,'Pranie i suszenie wolnostojące',3293,342,'Sprzęt AGD|Duże AGD wolnostojące|Pranie i suszenie wolnostojące'),(167,'Pralki',360,3293,'Sprzęt AGD|Duże AGD wolnostojące|Pranie i suszenie wolnostojące|Pralki'),(168,'Pralko suszarki',361,3293,'Sprzęt AGD|Duże AGD wolnostojące|Pranie i suszenie wolnostojące|Pralko suszarki'),(169,'Suszarki',362,3293,'Sprzęt AGD|Duże AGD wolnostojące|Pranie i suszenie wolnostojące|Suszarki'),(170,'Chłodnictwo wolnostojące',3294,342,'Sprzęt AGD|Duże AGD wolnostojące|Chłodnictwo wolnostojące'),(171,'Lodówki',357,3294,'Sprzęt AGD|Duże AGD wolnostojące|Chłodnictwo wolnostojące|Lodówki'),(172,'Zamrażarki',358,3294,'Sprzęt AGD|Duże AGD wolnostojące|Chłodnictwo wolnostojące|Zamrażarki'),(173,'Witryny chłodnicze',3042,3294,'Sprzęt AGD|Duże AGD wolnostojące|Chłodnictwo wolnostojące|Witryny chłodnicze'),(174,'Duże AGD do zabudowy',343,42,'Sprzęt AGD|Duże AGD do zabudowy'),(175,'Zmywarki do zabudowy',349,343,'Sprzęt AGD|Duże AGD do zabudowy|Zmywarki do zabudowy'),(176,'Ekspresy do kawy do zabudowy',1515,343,'Sprzęt AGD|Duże AGD do zabudowy|Ekspresy do kawy do zabudowy'),(177,'Okapy i akcesoria',2624,343,'Sprzęt AGD|Duże AGD do zabudowy|Okapy i akcesoria'),(178,'Okapy',350,2624,'Sprzęt AGD|Duże AGD do zabudowy|Okapy i akcesoria|Okapy'),(179,'Filtry do okapów',798,2624,'Sprzęt AGD|Duże AGD do zabudowy|Okapy i akcesoria|Filtry do okapów'),(180,'Akcesoria do okapów',2625,2624,'Sprzęt AGD|Duże AGD do zabudowy|Okapy i akcesoria|Akcesoria do okapów'),(181,'Gotowanie i pieczenie do zabudowy',3295,343,'Sprzęt AGD|Duże AGD do zabudowy|Gotowanie i pieczenie do zabudowy'),(182,'Kuchnie elektryczne do zabudowy',345,3295,'Sprzęt AGD|Duże AGD do zabudowy|Gotowanie i pieczenie do zabudowy|Kuchnie elektryczne do zabudowy'),(183,'Kuchenki mikrofalowe do zabudowy',346,3295,'Sprzęt AGD|Duże AGD do zabudowy|Gotowanie i pieczenie do zabudowy|Kuchenki mikrofalowe do zabudowy'),(184,'Piekarniki',351,3295,'Sprzęt AGD|Duże AGD do zabudowy|Gotowanie i pieczenie do zabudowy|Piekarniki'),(185,'Płyty elektryczne do zabudowy',352,3295,'Sprzęt AGD|Duże AGD do zabudowy|Gotowanie i pieczenie do zabudowy|Płyty elektryczne do zabudowy'),(186,'Płyty gazowe do zabudowy',388,3295,'Sprzęt AGD|Duże AGD do zabudowy|Gotowanie i pieczenie do zabudowy|Płyty gazowe do zabudowy'),(187,'Kuchnie gazowo-elektryczne do zabudowy',1272,3295,'Sprzęt AGD|Duże AGD do zabudowy|Gotowanie i pieczenie do zabudowy|Kuchnie gazowo-elektryczne do zabudowy'),(188,'Płyty gazowo-elektryczne do zabudowy',1513,3295,'Sprzęt AGD|Duże AGD do zabudowy|Gotowanie i pieczenie do zabudowy|Płyty gazowo-elektryczne do zabudowy'),(189,'Pozostałe płyty do zabudowy',3025,3295,'Sprzęt AGD|Duże AGD do zabudowy|Gotowanie i pieczenie do zabudowy|Pozostałe płyty do zabudowy'),(190,'Chłodnictwo do zabudowy',3296,343,'Sprzęt AGD|Duże AGD do zabudowy|Chłodnictwo do zabudowy'),(191,'Lodówki do zabudowy',347,3296,'Sprzęt AGD|Duże AGD do zabudowy|Chłodnictwo do zabudowy|Lodówki do zabudowy'),(192,'Zamrażarki do zabudowy',348,3296,'Sprzęt AGD|Duże AGD do zabudowy|Chłodnictwo do zabudowy|Zamrażarki do zabudowy'),(193,'Witryny chłodnicze do zabudowy',3043,3296,'Sprzęt AGD|Duże AGD do zabudowy|Chłodnictwo do zabudowy|Witryny chłodnicze do zabudowy'),(194,'Pranie i suszenie do zabudowy',3297,343,'Sprzęt AGD|Duże AGD do zabudowy|Pranie i suszenie do zabudowy'),(195,'Pralki do zabudowy',353,3297,'Sprzęt AGD|Duże AGD do zabudowy|Pranie i suszenie do zabudowy|Pralki do zabudowy'),(196,'Pralko suszarki do zabudowy',354,3297,'Sprzęt AGD|Duże AGD do zabudowy|Pranie i suszenie do zabudowy|Pralko suszarki do zabudowy'),(197,'Suszarki do zabudowy',748,3297,'Sprzęt AGD|Duże AGD do zabudowy|Pranie i suszenie do zabudowy|Suszarki do zabudowy'),(198,'Małe AGD do kuchni',1274,42,'Sprzęt AGD|Małe AGD do kuchni'),(199,'Pozostałe drobne AGD do kuchni',1576,1274,'Sprzęt AGD|Małe AGD do kuchni|Pozostałe drobne AGD do kuchni'),(200,'Filtry do wody',2628,1274,'Sprzęt AGD|Małe AGD do kuchni|Filtry do wody'),(201,'Dzbanki filtrujące',1286,2628,'Sprzęt AGD|Małe AGD do kuchni|Filtry do wody|Dzbanki filtrujące'),(202,'Filtry nakranowe i podzlewozmywakowe',2629,2628,'Sprzęt AGD|Małe AGD do kuchni|Filtry do wody|Filtry nakranowe i podzlewozmywakowe'),(203,'Akcesoria do filtrów do wody',2631,2628,'Sprzęt AGD|Małe AGD do kuchni|Filtry do wody|Akcesoria do filtrów do wody'),(204,'Wkłady do filtrów',2632,2628,'Sprzęt AGD|Małe AGD do kuchni|Filtry do wody|Wkłady do filtrów'),(205,'Spieniacze do mleka',3161,1274,'Sprzęt AGD|Małe AGD do kuchni|Spieniacze do mleka'),(206,'Pieczenie',3288,1274,'Sprzęt AGD|Małe AGD do kuchni|Pieczenie'),(207,'Kuchenki mikrofalowe',356,3288,'Sprzęt AGD|Małe AGD do kuchni|Pieczenie|Kuchenki mikrofalowe'),(208,'Frytownice',367,3288,'Sprzęt AGD|Małe AGD do kuchni|Pieczenie|Frytownice'),(209,'Grille elektryczne',368,3288,'Sprzęt AGD|Małe AGD do kuchni|Pieczenie|Grille elektryczne'),(210,'Opiekacze elektryczne',370,3288,'Sprzęt AGD|Małe AGD do kuchni|Pieczenie|Opiekacze elektryczne'),(211,'Tostery',372,3288,'Sprzęt AGD|Małe AGD do kuchni|Pieczenie|Tostery'),(212,'Gofrownice',382,3288,'Sprzęt AGD|Małe AGD do kuchni|Pieczenie|Gofrownice'),(213,'Piecyki i prodiże do pieczenia',1283,3288,'Sprzęt AGD|Małe AGD do kuchni|Pieczenie|Piecyki i prodiże do pieczenia'),(214,'Wypiekacze do chleba',2627,3288,'Sprzęt AGD|Małe AGD do kuchni|Pieczenie|Wypiekacze do chleba'),(215,'Patelnie elektryczne',3431,3288,'Sprzęt AGD|Małe AGD do kuchni|Pieczenie|Patelnie elektryczne'),(216,'Gotowanie',3289,1274,'Sprzęt AGD|Małe AGD do kuchni|Gotowanie'),(217,'Ekspresy do kawy',365,3289,'Sprzęt AGD|Małe AGD do kuchni|Gotowanie|Ekspresy do kawy'),(218,'Czajniki elektryczne',366,3289,'Sprzęt AGD|Małe AGD do kuchni|Gotowanie|Czajniki elektryczne'),(219,'Młynki do kawy',1279,3289,'Sprzęt AGD|Małe AGD do kuchni|Gotowanie|Młynki do kawy'),(220,'Jajowary',1280,3289,'Sprzęt AGD|Małe AGD do kuchni|Gotowanie|Jajowary'),(221,'Parowary i kombiwary',1775,3289,'Sprzęt AGD|Małe AGD do kuchni|Gotowanie|Parowary i kombiwary'),(222,'Przyrządzanie potraw',3290,1274,'Sprzęt AGD|Małe AGD do kuchni|Przyrządzanie potraw'),(223,'Krajalnice',369,3290,'Sprzęt AGD|Małe AGD do kuchni|Przyrządzanie potraw|Krajalnice'),(224,'Sokowirówki',371,3290,'Sprzęt AGD|Małe AGD do kuchni|Przyrządzanie potraw|Sokowirówki'),(225,'Roboty kuchenne',381,3290,'Sprzęt AGD|Małe AGD do kuchni|Przyrządzanie potraw|Roboty kuchenne'),(226,'Wagi kuchenne',1278,3290,'Sprzęt AGD|Małe AGD do kuchni|Przyrządzanie potraw|Wagi kuchenne'),(227,'Maszynki do mielenia',1281,3290,'Sprzęt AGD|Małe AGD do kuchni|Przyrządzanie potraw|Maszynki do mielenia'),(228,'Suszarki do warzyw i owoców',1579,3290,'Sprzęt AGD|Małe AGD do kuchni|Przyrządzanie potraw|Suszarki do warzyw i owoców'),(229,'Wyciskarki do owoców',1583,3290,'Sprzęt AGD|Małe AGD do kuchni|Przyrządzanie potraw|Wyciskarki do owoców'),(230,'Urządzenia do lodów i jogurtów',3026,3290,'Sprzęt AGD|Małe AGD do kuchni|Przyrządzanie potraw|Urządzenia do lodów i jogurtów'),(231,'Urządzenia do pielęgnacji ciała',1275,42,'Sprzęt AGD|Urządzenia do pielęgnacji ciała'),(232,'Depilatory i golarki damskie',373,1275,'Sprzęt AGD|Urządzenia do pielęgnacji ciała|Depilatory i golarki damskie'),(233,'Golarki męskie',374,1275,'Sprzęt AGD|Urządzenia do pielęgnacji ciała|Golarki męskie'),(234,'Suszarki do włosów',375,1275,'Sprzęt AGD|Urządzenia do pielęgnacji ciała|Suszarki do włosów'),(235,'Elektryczne szczoteczki do zębów',376,1275,'Sprzęt AGD|Urządzenia do pielęgnacji ciała|Elektryczne szczoteczki do zębów'),(236,'Lokówki do włosów',377,1275,'Sprzęt AGD|Urządzenia do pielęgnacji ciała|Lokówki do włosów'),(237,'Maszynki do strzyżenia',378,1275,'Sprzęt AGD|Urządzenia do pielęgnacji ciała|Maszynki do strzyżenia'),(238,'Prostownice i karbownice do włosów',671,1275,'Sprzęt AGD|Urządzenia do pielęgnacji ciała|Prostownice i karbownice do włosów'),(239,'Masażery',2063,1275,'Sprzęt AGD|Urządzenia do pielęgnacji ciała|Masażery'),(240,'Pozostałe urządzenia do pielęgnacji ciała',2065,1275,'Sprzęt AGD|Urządzenia do pielęgnacji ciała|Pozostałe urządzenia do pielęgnacji ciała'),(241,'Trymery',3299,1275,'Sprzęt AGD|Urządzenia do pielęgnacji ciała|Trymery'),(242,'Suszarko-lokówki do włosów',3300,1275,'Sprzęt AGD|Urządzenia do pielęgnacji ciała|Suszarko-lokówki do włosów'),(243,'Końcówki do szczoteczek elektrycznych do zębów',3430,1275,'Sprzęt AGD|Urządzenia do pielęgnacji ciała|Końcówki do szczoteczek elektrycznych do zębów'),(244,'Małe AGD do domu',1276,42,'Sprzęt AGD|Małe AGD do domu'),(245,'Żelazka',379,1276,'Sprzęt AGD|Małe AGD do domu|Żelazka'),(246,'Inne drobne AGD',393,1276,'Sprzęt AGD|Małe AGD do domu|Inne drobne AGD'),(247,'Stacje pogody i mierniki ozdobne',765,1276,'Sprzęt AGD|Małe AGD do domu|Stacje pogody i mierniki ozdobne'),(248,'Maszyny do szycia',1277,1276,'Sprzęt AGD|Małe AGD do domu|Maszyny do szycia'),(249,'Wagi łazienkowe',1282,1276,'Sprzęt AGD|Małe AGD do domu|Wagi łazienkowe'),(250,'Odkurzacze i akcesoria',1577,1276,'Sprzęt AGD|Małe AGD do domu|Odkurzacze i akcesoria'),(251,'Odkurzacze',364,1577,'Sprzęt AGD|Małe AGD do domu|Odkurzacze i akcesoria|Odkurzacze'),(252,'Worki do odkurzaczy',779,1577,'Sprzęt AGD|Małe AGD do domu|Odkurzacze i akcesoria|Worki do odkurzaczy'),(253,'Akcesoria do odkurzaczy',1578,1577,'Sprzęt AGD|Małe AGD do domu|Odkurzacze i akcesoria|Akcesoria do odkurzaczy'),(254,'Filtry do odkurzaczy',3028,1577,'Sprzęt AGD|Małe AGD do domu|Odkurzacze i akcesoria|Filtry do odkurzaczy'),(255,'Wentylatory przenośne',1744,1276,'Sprzęt AGD|Małe AGD do domu|Wentylatory przenośne'),(256,'Domowe uzdatniacze powietrza',2002,1276,'Sprzęt AGD|Małe AGD do domu|Domowe uzdatniacze powietrza'),(257,'Golarki do ubrań',3027,1276,'Sprzęt AGD|Małe AGD do domu|Golarki do ubrań'),(258,'Mopy parowe',3432,1276,'Sprzęt AGD|Małe AGD do domu|Mopy parowe'),(259,'Akcesoria i zestawy AGD',2621,42,'Sprzęt AGD|Akcesoria i zestawy AGD'),(260,'Akcesoria i części do AGD',2485,2621,'Sprzęt AGD|Akcesoria i zestawy AGD|Akcesoria i części do AGD'),(261,'Zestawy AGD',2623,2621,'Sprzęt AGD|Akcesoria i zestawy AGD|Zestawy AGD'),(262,'Usługi i serwis AGD',3468,42,'Sprzęt AGD|Usługi i serwis AGD'),(263,'Komputery',43,0,'Komputery'),(264,'Monitory',60,43,'Komputery|Monitory'),(265,'Monitory CRT',439,60,'Komputery|Monitory|Monitory CRT'),(266,'Monitory LCD',440,60,'Komputery|Monitory|Monitory LCD'),(267,'Akcesoria do monitorów',1657,60,'Komputery|Monitory|Akcesoria do monitorów'),(268,'Monitory LED',2591,60,'Komputery|Monitory|Monitory LED'),(269,'Podzespoły komputerowe',61,43,'Komputery|Podzespoły komputerowe'),(270,'Barebone',66,61,'Komputery|Podzespoły komputerowe|Barebone'),(271,'Napędy optyczne',68,61,'Komputery|Podzespoły komputerowe|Napędy optyczne'),(272,'Stacje dyskietek',69,61,'Komputery|Podzespoły komputerowe|Stacje dyskietek'),(273,'Procesory',70,61,'Komputery|Podzespoły komputerowe|Procesory'),(274,'Pamięci operacyjne',71,61,'Komputery|Podzespoły komputerowe|Pamięci operacyjne'),(275,'Płyty główne',72,61,'Komputery|Podzespoły komputerowe|Płyty główne'),(276,'Karty graficzne',73,61,'Komputery|Podzespoły komputerowe|Karty graficzne'),(277,'Karty muzyczne',75,61,'Komputery|Podzespoły komputerowe|Karty muzyczne'),(278,'Tunery TV i FM',77,61,'Komputery|Podzespoły komputerowe|Tunery TV i FM'),(279,'Kontrolery',729,61,'Komputery|Podzespoły komputerowe|Kontrolery'),(280,'Karty video',2816,61,'Komputery|Podzespoły komputerowe|Karty video'),(281,'Dyski',2818,61,'Komputery|Podzespoły komputerowe|Dyski'),(282,'Dyski twarde',67,2818,'Komputery|Podzespoły komputerowe|Dyski|Dyski twarde'),(283,'Dyski SSD',2819,2818,'Komputery|Podzespoły komputerowe|Dyski|Dyski SSD'),(284,'Dyski NAS',2820,2818,'Komputery|Podzespoły komputerowe|Dyski|Dyski NAS'),(285,'Dyski multimedialne',3219,2818,'Komputery|Podzespoły komputerowe|Dyski|Dyski multimedialne'),(286,'Urządzenia sieciowe',62,43,'Komputery|Urządzenia sieciowe'),(287,'Modemy',74,62,'Komputery|Urządzenia sieciowe|Modemy'),(288,'Karty sieciowe',80,62,'Komputery|Urządzenia sieciowe|Karty sieciowe'),(289,'Routery',81,62,'Komputery|Urządzenia sieciowe|Routery'),(290,'Switche i huby',82,62,'Komputery|Urządzenia sieciowe|Switche i huby'),(291,'Inne urządzenia sieciowe',706,62,'Komputery|Urządzenia sieciowe|Inne urządzenia sieciowe'),(292,'Anteny Wi-Fi',1641,62,'Komputery|Urządzenia sieciowe|Anteny Wi-Fi'),(293,'Konwertery sieciowe',1642,62,'Komputery|Urządzenia sieciowe|Konwertery sieciowe'),(294,'Access Point',1803,62,'Komputery|Urządzenia sieciowe|Access Point'),(295,'Akcesoria do urządzeń sieciowych',2454,62,'Komputery|Urządzenia sieciowe|Akcesoria do urządzeń sieciowych'),(296,'Przełączniki KVM',2455,62,'Komputery|Urządzenia sieciowe|Przełączniki KVM'),(297,'Serwery wydruku',2456,62,'Komputery|Urządzenia sieciowe|Serwery wydruku'),(298,'Szafy i obudowy',2457,62,'Komputery|Urządzenia sieciowe|Szafy i obudowy'),(299,'Narzędzia sieciowe',2458,62,'Komputery|Urządzenia sieciowe|Narzędzia sieciowe'),(300,'Elementy montażowe',2589,62,'Komputery|Urządzenia sieciowe|Elementy montażowe'),(301,'Firewalle sprzętowe',3029,62,'Komputery|Urządzenia sieciowe|Firewalle sprzętowe'),(302,'Serwery plików NAS',3030,62,'Komputery|Urządzenia sieciowe|Serwery plików NAS'),(303,'Power Line Communication PLC',3031,62,'Komputery|Urządzenia sieciowe|Power Line Communication PLC'),(304,'Kamery IP',3454,62,'Komputery|Urządzenia sieciowe|Kamery IP'),(305,'Akcesoria komputerowe',63,43,'Komputery|Akcesoria komputerowe'),(306,'Kamery internetowe',85,63,'Komputery|Akcesoria komputerowe|Kamery internetowe'),(307,'Klawiatury',86,63,'Komputery|Akcesoria komputerowe|Klawiatury'),(308,'Myszy i trackballe',87,63,'Komputery|Akcesoria komputerowe|Myszy i trackballe'),(309,'Głośniki multimedialne',89,63,'Komputery|Akcesoria komputerowe|Głośniki multimedialne'),(310,'Słuchawki i mikrofony',90,63,'Komputery|Akcesoria komputerowe|Słuchawki i mikrofony'),(311,'Kable i taśmy',94,63,'Komputery|Akcesoria komputerowe|Kable i taśmy'),(312,'Chłodzenie i tuning',641,63,'Komputery|Akcesoria komputerowe|Chłodzenie i tuning'),(313,'Adaptery bluetooth',725,63,'Komputery|Akcesoria komputerowe|Adaptery bluetooth'),(314,'Inne akcesoria komputerowe',727,63,'Komputery|Akcesoria komputerowe|Inne akcesoria komputerowe'),(315,'Tablety graficzne',786,63,'Komputery|Akcesoria komputerowe|Tablety graficzne'),(316,'Słuchawki USB',1650,63,'Komputery|Akcesoria komputerowe|Słuchawki USB'),(317,'Środki czyszczące do sprzętu komputerowego',1654,63,'Komputery|Akcesoria komputerowe|Środki czyszczące do sprzętu komputerowego'),(318,'Huby USB',1791,63,'Komputery|Akcesoria komputerowe|Huby USB'),(319,'Podkładki pod myszki i klawiatury',3098,63,'Komputery|Akcesoria komputerowe|Podkładki pod myszki i klawiatury'),(320,'Oprogramowanie',475,43,'Komputery|Oprogramowanie'),(321,'Edytory grafiki i video',1670,475,'Komputery|Oprogramowanie|Edytory grafiki i video'),(322,'Hobby i rozrywka',1671,475,'Komputery|Oprogramowanie|Hobby i rozrywka'),(323,'Programy muzyczne',1672,475,'Komputery|Oprogramowanie|Programy muzyczne'),(324,'Pozostałe oprogramowanie',1673,475,'Komputery|Oprogramowanie|Pozostałe oprogramowanie'),(325,'Programowanie',1674,475,'Komputery|Oprogramowanie|Programowanie'),(326,'Programy biurowe',1675,475,'Komputery|Oprogramowanie|Programy biurowe'),(327,'Zarządzanie firmą',1676,475,'Komputery|Oprogramowanie|Zarządzanie firmą'),(328,'Programy narzędziowe',1677,475,'Komputery|Oprogramowanie|Programy narzędziowe'),(329,'Programy serwerowe',1678,475,'Komputery|Oprogramowanie|Programy serwerowe'),(330,'Systemy operacyjne',1679,475,'Komputery|Oprogramowanie|Systemy operacyjne'),(331,'Programy antywirusowe i zabezpieczające',1680,475,'Komputery|Oprogramowanie|Programy antywirusowe i zabezpieczające'),(332,'Translatory i słowniki',1950,475,'Komputery|Oprogramowanie|Translatory i słowniki'),(333,'Programy do nauki języków',1951,475,'Komputery|Oprogramowanie|Programy do nauki języków'),(334,'Programy edukacyjne',1952,475,'Komputery|Oprogramowanie|Programy edukacyjne'),(335,'Kursy multimedialne',3034,475,'Komputery|Oprogramowanie|Kursy multimedialne'),(336,'Laptopy i komputery',1618,43,'Komputery|Laptopy i komputery'),(337,'Laptopy',58,1618,'Komputery|Laptopy i komputery|Laptopy'),(338,'Komputery stacjonarne',2195,1618,'Komputery|Laptopy i komputery|Komputery stacjonarne'),(339,'Netbooki',2222,1618,'Komputery|Laptopy i komputery|Netbooki'),(340,'Czytniki e-book',2484,1618,'Komputery|Laptopy i komputery|Czytniki e-book'),(341,'Nettopy',2489,1618,'Komputery|Laptopy i komputery|Nettopy'),(342,'Komputery All-in-one',2490,1618,'Komputery|Laptopy i komputery|Komputery All-in-one'),(343,'Tablety PC',2817,1618,'Komputery|Laptopy i komputery|Tablety PC'),(344,'Ultrabook',3356,1618,'Komputery|Laptopy i komputery|Ultrabook'),(345,'Drukarki i skanery',1627,43,'Komputery|Drukarki i skanery'),(346,'Drukarki',59,1627,'Komputery|Drukarki i skanery|Drukarki'),(347,'Drukarki atramentowe',449,59,'Komputery|Drukarki i skanery|Drukarki|Drukarki atramentowe'),(348,'Drukarki termosublimacyjne i żelowe',1639,59,'Komputery|Drukarki i skanery|Drukarki|Drukarki termosublimacyjne i żelowe'),(349,'Pozostałe drukarki',1761,59,'Komputery|Drukarki i skanery|Drukarki|Pozostałe drukarki'),(350,'Drukarki laserowe',2821,59,'Komputery|Drukarki i skanery|Drukarki|Drukarki laserowe'),(351,'Skanery',64,1627,'Komputery|Drukarki i skanery|Skanery'),(352,'Materiały eksploatacyjne do drukarek',1631,1627,'Komputery|Drukarki i skanery|Materiały eksploatacyjne do drukarek'),(353,'Tusze',1632,1631,'Komputery|Drukarki i skanery|Materiały eksploatacyjne do drukarek|Tusze'),(354,'Tonery i bębny',1633,1631,'Komputery|Drukarki i skanery|Materiały eksploatacyjne do drukarek|Tonery i bębny'),(355,'Papier fotograficzny',2303,1631,'Komputery|Drukarki i skanery|Materiały eksploatacyjne do drukarek|Papier fotograficzny'),(356,'Akcesoria do drukarek i skanerów',1637,1627,'Komputery|Drukarki i skanery|Akcesoria do drukarek i skanerów'),(357,'Urządzenia wielofunkcyjne',2823,1627,'Komputery|Drukarki i skanery|Urządzenia wielofunkcyjne'),(358,'Urządzenia wielofunkcyjne atramentowe',1628,2823,'Komputery|Drukarki i skanery|Urządzenia wielofunkcyjne|Urządzenia wielofunkcyjne atramentowe'),(359,'Urządzenia wielofunkcyjne laserowe mono',2827,2823,'Komputery|Drukarki i skanery|Urządzenia wielofunkcyjne|Urządzenia wielofunkcyjne laserowe mono'),(360,'Urządzenia wielofunkcyjne laserowe kolor',2830,2823,'Komputery|Drukarki i skanery|Urządzenia wielofunkcyjne|Urządzenia wielofunkcyjne laserowe kolor'),(361,'Przechowywanie danych',1643,43,'Komputery|Przechowywanie danych'),(362,'PenDrive',292,1643,'Komputery|Przechowywanie danych|PenDrive'),(363,'Nośniki danych',639,1643,'Komputery|Przechowywanie danych|Nośniki danych'),(364,'Czytniki kart Flash',730,1643,'Komputery|Przechowywanie danych|Czytniki kart Flash'),(365,'Akcesoria do przechowywania danych',1644,1643,'Komputery|Przechowywanie danych|Akcesoria do przechowywania danych'),(366,'Inne nośniki i napędy',1645,1643,'Komputery|Przechowywanie danych|Inne nośniki i napędy'),(367,'Obudowy kieszenie i adaptery HDD',1646,1643,'Komputery|Przechowywanie danych|Obudowy kieszenie i adaptery HDD'),(368,'Obudowa i zasilanie',1647,43,'Komputery|Obudowa i zasilanie'),(369,'Obudowy',76,1647,'Komputery|Obudowa i zasilanie|Obudowy'),(370,'Zasilacze awaryjne UPS',79,1647,'Komputery|Obudowa i zasilanie|Zasilacze awaryjne UPS'),(371,'Zasilacze do obudów',452,1647,'Komputery|Obudowa i zasilanie|Zasilacze do obudów'),(372,'Listwy zasilające',755,1647,'Komputery|Obudowa i zasilanie|Listwy zasilające'),(373,'Inne elementy obudowy i zasilania',1648,1647,'Komputery|Obudowa i zasilanie|Inne elementy obudowy i zasilania'),(374,'Baterie do zasilaczy awaryjnych UPS',3082,1647,'Komputery|Obudowa i zasilanie|Baterie do zasilaczy awaryjnych UPS'),(375,'Palmtopy i akcesoria',1655,43,'Komputery|Palmtopy i akcesoria'),(376,'Palmtopy',65,1655,'Komputery|Palmtopy i akcesoria|Palmtopy'),(377,'Akcesoria do palmtopów',1656,1655,'Komputery|Palmtopy i akcesoria|Akcesoria do palmtopów'),(378,'Akcesoria do laptopów',2227,43,'Komputery|Akcesoria do laptopów'),(379,'Torby do laptopów',505,2227,'Komputery|Akcesoria do laptopów|Torby do laptopów'),(380,'Baterie do laptopów',1619,2227,'Komputery|Akcesoria do laptopów|Baterie do laptopów'),(381,'Stacje dokujące i duplikatory',1620,2227,'Komputery|Akcesoria do laptopów|Stacje dokujące i duplikatory'),(382,'Zasilacze do laptopów',1621,2227,'Komputery|Akcesoria do laptopów|Zasilacze do laptopów'),(383,'Pozostałe akcesoria do laptopów',1622,2227,'Komputery|Akcesoria do laptopów|Pozostałe akcesoria do laptopów'),(384,'Gadżety na USB',2229,2227,'Komputery|Akcesoria do laptopów|Gadżety na USB'),(385,'Podzespoły do laptopów',3097,2227,'Komputery|Akcesoria do laptopów|Podzespoły do laptopów'),(386,'Podstawki i stoliki pod laptopy',3099,2227,'Komputery|Akcesoria do laptopów|Podstawki i stoliki pod laptopy'),(387,'Serwery i podzespoły',2635,43,'Komputery|Serwery i podzespoły'),(388,'Serwery',2459,2635,'Komputery|Serwery i podzespoły|Serwery'),(389,'Płyty i platformy serwerowe',2636,2635,'Komputery|Serwery i podzespoły|Płyty i platformy serwerowe'),(390,'Streamery',2637,2635,'Komputery|Serwery i podzespoły|Streamery'),(391,'Macierze dyskowe',2638,2635,'Komputery|Serwery i podzespoły|Macierze dyskowe'),(392,'Obudowy serwerowe',2639,2635,'Komputery|Serwery i podzespoły|Obudowy serwerowe'),(393,'Zasilacze do obudów serwerowych',2640,2635,'Komputery|Serwery i podzespoły|Zasilacze do obudów serwerowych'),(394,'Akcesoria do serwerów',2641,2635,'Komputery|Serwery i podzespoły|Akcesoria do serwerów'),(395,'Procesory serwerowe',2815,2635,'Komputery|Serwery i podzespoły|Procesory serwerowe'),(396,'Gwarancje i pakiety serwisowe',3128,43,'Komputery|Gwarancje i pakiety serwisowe'),(397,'Usługi internetowe',3144,43,'Komputery|Usługi internetowe'),(398,'Uroda',463,0,'Uroda'),(399,'Perfumy i wody',464,463,'Uroda|Perfumy i wody'),(400,'Zapachy damskie',1914,464,'Uroda|Perfumy i wody|Zapachy damskie'),(401,'Perfumy i wody damskie',467,1914,'Uroda|Perfumy i wody|Zapachy damskie|Perfumy i wody damskie'),(402,'Antyperspiranty i dezodoranty damskie',1915,1914,'Uroda|Perfumy i wody|Zapachy damskie|Antyperspiranty i dezodoranty damskie'),(403,'Zapachy męskie',1916,464,'Uroda|Perfumy i wody|Zapachy męskie'),(404,'Perfumy i wody męskie',468,1916,'Uroda|Perfumy i wody|Zapachy męskie|Perfumy i wody męskie'),(405,'Antyperspiranty i dezodoranty męskie',1918,1916,'Uroda|Perfumy i wody|Zapachy męskie|Antyperspiranty i dezodoranty męskie'),(406,'Zapachy unisex',1917,464,'Uroda|Perfumy i wody|Zapachy unisex'),(407,'Pielęgnacja zębów',736,463,'Uroda|Pielęgnacja zębów'),(408,'Kosmetyczki',1233,463,'Uroda|Kosmetyczki'),(409,'Zestawy dla kobiet',1884,463,'Uroda|Zestawy dla kobiet'),(410,'Kosmetyki dla mężczyzn',1887,463,'Uroda|Kosmetyki dla mężczyzn'),(411,'Męskie kosmetyki do pielęgnacji ciała',533,1887,'Uroda|Kosmetyki dla mężczyzn|Męskie kosmetyki do pielęgnacji ciała'),(412,'Zestawy dla mężczyzn',1885,1887,'Uroda|Kosmetyki dla mężczyzn|Zestawy dla mężczyzn'),(413,'Męskie kosmetyki do pielęgnacji włosów',1888,1887,'Uroda|Kosmetyki dla mężczyzn|Męskie kosmetyki do pielęgnacji włosów'),(414,'Męskie kosmetyki i akcesoria do golenia',1889,1887,'Uroda|Kosmetyki dla mężczyzn|Męskie kosmetyki i akcesoria do golenia'),(415,'Męskie kosmetyki do pielęgnacji twarzy',1890,1887,'Uroda|Kosmetyki dla mężczyzn|Męskie kosmetyki do pielęgnacji twarzy'),(416,'Pozostałe kosmetyki i akcesoria pielęgnacyjne',1891,463,'Uroda|Pozostałe kosmetyki i akcesoria pielęgnacyjne'),(417,'Pielęgnacja twarzy',1933,463,'Uroda|Pielęgnacja twarzy'),(418,'Pozostałe kosmetyki do pielęgnacji twarzy',532,1933,'Uroda|Pielęgnacja twarzy|Pozostałe kosmetyki do pielęgnacji twarzy'),(419,'Maseczki',1934,1933,'Uroda|Pielęgnacja twarzy|Maseczki'),(420,'Peelingi i scruby do twarzy',1935,1933,'Uroda|Pielęgnacja twarzy|Peelingi i scruby do twarzy'),(421,'Kosmetyki pod oczy',1936,1933,'Uroda|Pielęgnacja twarzy|Kosmetyki pod oczy'),(422,'Emulsje i mleczka do twarzy',1937,1933,'Uroda|Pielęgnacja twarzy|Emulsje i mleczka do twarzy'),(423,'Toniki do twarzy',1938,1933,'Uroda|Pielęgnacja twarzy|Toniki do twarzy'),(424,'Żele i pianki do mycia twarzy',1940,1933,'Uroda|Pielęgnacja twarzy|Żele i pianki do mycia twarzy'),(425,'Serum do twarzy',1941,1933,'Uroda|Pielęgnacja twarzy|Serum do twarzy'),(426,'Kremy do twarzy',1942,1933,'Uroda|Pielęgnacja twarzy|Kremy do twarzy'),(427,'Płyny do twarzy',3379,1933,'Uroda|Pielęgnacja twarzy|Płyny do twarzy'),(428,'Makijaż',1943,463,'Uroda|Makijaż'),(429,'Akcesoria do makijażu',1944,1943,'Uroda|Makijaż|Akcesoria do makijażu'),(430,'Podkłady i bazy',1946,1943,'Uroda|Makijaż|Podkłady i bazy'),(431,'Zestawy do makijażu',1947,1943,'Uroda|Makijaż|Zestawy do makijażu'),(432,'Makijaż oczu',1948,1943,'Uroda|Makijaż|Makijaż oczu'),(433,'Makijaż ust',1949,1943,'Uroda|Makijaż|Makijaż ust'),(434,'Korektory do twarzy',1960,1943,'Uroda|Makijaż|Korektory do twarzy'),(435,'Pudry i róże',1961,1943,'Uroda|Makijaż|Pudry i róże'),(436,'Pielęgnacja ciała',1962,463,'Uroda|Pielęgnacja ciała'),(437,'Pozostałe kosmetyki do pielęgnacji ciała',530,1962,'Uroda|Pielęgnacja ciała|Pozostałe kosmetyki do pielęgnacji ciała'),(438,'Opalanie',1963,1962,'Uroda|Pielęgnacja ciała|Opalanie'),(439,'Balsamy i mleczka do ciała',1964,1962,'Uroda|Pielęgnacja ciała|Balsamy i mleczka do ciała'),(440,'Kremy i masła do ciała',1967,1962,'Uroda|Pielęgnacja ciała|Kremy i masła do ciała'),(441,'Higiena intymna',1968,1962,'Uroda|Pielęgnacja ciała|Higiena intymna'),(442,'Kosmetyki do higieny intymnej',1969,1968,'Uroda|Pielęgnacja ciała|Higiena intymna|Kosmetyki do higieny intymnej'),(443,'Środki higieniczne',1970,1968,'Uroda|Pielęgnacja ciała|Higiena intymna|Środki higieniczne'),(444,'Depilacja',1971,1962,'Uroda|Pielęgnacja ciała|Depilacja'),(445,'Pielęgnacja biustu',1972,1962,'Uroda|Pielęgnacja ciała|Pielęgnacja biustu'),(446,'Wyszczuplanie i ujędrnianie',1973,1962,'Uroda|Pielęgnacja ciała|Wyszczuplanie i ujędrnianie'),(447,'Masaż',2007,1962,'Uroda|Pielęgnacja ciała|Masaż'),(448,'Manicure i pedicure',1974,463,'Uroda|Manicure i pedicure'),(449,'Zestawy do manicure i pedicure',1975,1974,'Uroda|Manicure i pedicure|Zestawy do manicure i pedicure'),(450,'Akcesoria do manicure i pedicure',1976,1974,'Uroda|Manicure i pedicure|Akcesoria do manicure i pedicure'),(451,'Lakiery do paznokci',1977,1974,'Uroda|Manicure i pedicure|Lakiery do paznokci'),(452,'Podkłady utwardzacze odżywki',1981,1974,'Uroda|Manicure i pedicure|Podkłady utwardzacze odżywki'),(453,'Ozdoby i sztuczne paznokcie',1982,1974,'Uroda|Manicure i pedicure|Ozdoby i sztuczne paznokcie'),(454,'Kosmetyki do stóp',1983,1974,'Uroda|Manicure i pedicure|Kosmetyki do stóp'),(455,'Kosmetyki do rąk',1984,1974,'Uroda|Manicure i pedicure|Kosmetyki do rąk'),(456,'Zmywacze i korektory do paznokci',1985,1974,'Uroda|Manicure i pedicure|Zmywacze i korektory do paznokci'),(457,'Urządzenia do manicure i pedicure',1986,1974,'Uroda|Manicure i pedicure|Urządzenia do manicure i pedicure'),(458,'Pielęgnacja i stylizacja włosów',1987,463,'Uroda|Pielęgnacja i stylizacja włosów'),(459,'Pozostałe kosmetyki do włosów',531,1987,'Uroda|Pielęgnacja i stylizacja włosów|Pozostałe kosmetyki do włosów'),(460,'Ozdoby do włosów',1131,1987,'Uroda|Pielęgnacja i stylizacja włosów|Ozdoby do włosów'),(461,'Szampony do włosów',1988,1987,'Uroda|Pielęgnacja i stylizacja włosów|Szampony do włosów'),(462,'Farby i szampony koloryzujące',1989,1987,'Uroda|Pielęgnacja i stylizacja włosów|Farby i szampony koloryzujące'),(463,'Odżywki do włosów',1990,1987,'Uroda|Pielęgnacja i stylizacja włosów|Odżywki do włosów'),(464,'Maski do włosów',1991,1987,'Uroda|Pielęgnacja i stylizacja włosów|Maski do włosów'),(465,'Akcesoria do pielęgnacji i stylizacji włosów',1992,1987,'Uroda|Pielęgnacja i stylizacja włosów|Akcesoria do pielęgnacji i stylizacji włosów'),(466,'Kosmetyki do stylizacji włosów',1993,1987,'Uroda|Pielęgnacja i stylizacja włosów|Kosmetyki do stylizacji włosów'),(467,'Kosmetyki i akcesoria do kąpieli',1994,463,'Uroda|Kosmetyki i akcesoria do kąpieli'),(468,'Mydła',1995,1994,'Uroda|Kosmetyki i akcesoria do kąpieli|Mydła'),(469,'Akcesoria do kąpieli',1996,1994,'Uroda|Kosmetyki i akcesoria do kąpieli|Akcesoria do kąpieli'),(470,'Żele pod prysznic',1997,1994,'Uroda|Kosmetyki i akcesoria do kąpieli|Żele pod prysznic'),(471,'Płyny i olejki do kąpieli',1998,1994,'Uroda|Kosmetyki i akcesoria do kąpieli|Płyny i olejki do kąpieli'),(472,'Sole do kąpieli',1999,1994,'Uroda|Kosmetyki i akcesoria do kąpieli|Sole do kąpieli'),(473,'Peelingi i scruby do ciała',2000,1994,'Uroda|Kosmetyki i akcesoria do kąpieli|Peelingi i scruby do ciała'),(474,'Pozostałe kosmetyki do kąpieli',2001,1994,'Uroda|Kosmetyki i akcesoria do kąpieli|Pozostałe kosmetyki do kąpieli'),(475,'Telefony i akcesoria',469,0,'Telefony i akcesoria'),(476,'Telefony komórkowe',471,469,'Telefony i akcesoria|Telefony komórkowe'),(477,'Telefony stacjonarne',472,469,'Telefony i akcesoria|Telefony stacjonarne'),(478,'Akcesoria telefoniczne',473,469,'Telefony i akcesoria|Akcesoria telefoniczne'),(479,'Baterie do telefonów',476,473,'Telefony i akcesoria|Akcesoria telefoniczne|Baterie do telefonów'),(480,'Pokrowce i kabury do telefonów',477,473,'Telefony i akcesoria|Akcesoria telefoniczne|Pokrowce i kabury do telefonów'),(481,'Zestawy słuchawkowe',479,473,'Telefony i akcesoria|Akcesoria telefoniczne|Zestawy słuchawkowe'),(482,'Inne akcesoria telefoniczne',480,473,'Telefony i akcesoria|Akcesoria telefoniczne|Inne akcesoria telefoniczne'),(483,'Ładowarki do telefonów',525,473,'Telefony i akcesoria|Akcesoria telefoniczne|Ładowarki do telefonów'),(484,'Zestawy głośnomówiące',526,473,'Telefony i akcesoria|Akcesoria telefoniczne|Zestawy głośnomówiące'),(485,'Uchwyty samochodowe',527,473,'Telefony i akcesoria|Akcesoria telefoniczne|Uchwyty samochodowe'),(486,'Obudowy do telefonów',528,473,'Telefony i akcesoria|Akcesoria telefoniczne|Obudowy do telefonów'),(487,'Klawiatury telefoniczne',529,473,'Telefony i akcesoria|Akcesoria telefoniczne|Klawiatury telefoniczne'),(488,'Akcesoria do telefaksów',2290,473,'Telefony i akcesoria|Akcesoria telefoniczne|Akcesoria do telefaksów'),(489,'Podzespoły do telefonów',3127,473,'Telefony i akcesoria|Akcesoria telefoniczne|Podzespoły do telefonów'),(490,'Telefaksy',504,469,'Telefony i akcesoria|Telefaksy'),(491,'Radiotelefony i krótkofalówki',638,469,'Telefony i akcesoria|Radiotelefony i krótkofalówki'),(492,'Telefony VoIP',676,469,'Telefony i akcesoria|Telefony VoIP'),(493,'Bramki VoIP',1651,469,'Telefony i akcesoria|Bramki VoIP'),(494,'Doładowania i startery',2483,469,'Telefony i akcesoria|Doładowania i startery'),(495,'Bramki GSM UMTS',2975,469,'Telefony i akcesoria|Bramki GSM UMTS'),(496,'Aplikacje mobilne',3096,469,'Telefony i akcesoria|Aplikacje mobilne'),(497,'Telefony komórkowe w ofercie Play',3220,469,'Telefony i akcesoria|Telefony komórkowe w ofercie Play'),(498,'Usługi teleinformatyczne',3467,469,'Telefony i akcesoria|Usługi teleinformatyczne'),(499,'Gry',470,0,'Gry'),(500,'Konsole do gier',534,470,'Gry|Konsole do gier'),(501,'Akcesoria i kontrolery do gier',1922,470,'Gry|Akcesoria i kontrolery do gier'),(502,'Kierownice',1923,1922,'Gry|Akcesoria i kontrolery do gier|Kierownice'),(503,'Joysticki',1924,1922,'Gry|Akcesoria i kontrolery do gier|Joysticki'),(504,'Gamepady',1925,1922,'Gry|Akcesoria i kontrolery do gier|Gamepady'),(505,'Akumulatory i ładowarki do konsol i kontrolerów',3000,1922,'Gry|Akcesoria i kontrolery do gier|Akumulatory i ładowarki do konsol i kontrolerów'),(506,'Panele pokrowce i etui na konsole',3001,1922,'Gry|Akcesoria i kontrolery do gier|Panele pokrowce i etui na konsole'),(507,'Kable i przewody do konsol',3002,1922,'Gry|Akcesoria i kontrolery do gier|Kable i przewody do konsol'),(508,'Kamery sensory i kontrolery video',3003,1922,'Gry|Akcesoria i kontrolery do gier|Kamery sensory i kontrolery video'),(509,'Karty pamięci i dyski do konsol',3004,1922,'Gry|Akcesoria i kontrolery do gier|Karty pamięci i dyski do konsol'),(510,'Klawiatury do gier',3005,1922,'Gry|Akcesoria i kontrolery do gier|Klawiatury do gier'),(511,'Kontrolery do gier muzycznych',3006,1922,'Gry|Akcesoria i kontrolery do gier|Kontrolery do gier muzycznych'),(512,'Kontrolery i nakładki do gier sportowych',3007,1922,'Gry|Akcesoria i kontrolery do gier|Kontrolery i nakładki do gier sportowych'),(513,'Piloty do konsol',3008,1922,'Gry|Akcesoria i kontrolery do gier|Piloty do konsol'),(514,'Pozostałe akcesoria i kontrolery do gier',3009,1922,'Gry|Akcesoria i kontrolery do gier|Pozostałe akcesoria i kontrolery do gier'),(515,'Słuchawki i headsety',3010,1922,'Gry|Akcesoria i kontrolery do gier|Słuchawki i headsety'),(516,'Urządzenia sieciowe do konsol',3011,1922,'Gry|Akcesoria i kontrolery do gier|Urządzenia sieciowe do konsol'),(517,'Zestawy akcesoriów do gier',3012,1922,'Gry|Akcesoria i kontrolery do gier|Zestawy akcesoriów do gier'),(518,'Gry towarzyskie',1930,470,'Gry|Gry towarzyskie'),(519,'Kody i karty pre-paid',2477,470,'Gry|Kody i karty pre-paid'),(520,'Gry konsolowe',2993,470,'Gry|Gry konsolowe'),(521,'Xbox',510,2993,'Gry|Gry konsolowe|Xbox'),(522,'Gry Xbox 360',702,2993,'Gry|Gry konsolowe|Gry Xbox 360'),(523,'Gry Nintendo',1892,2993,'Gry|Gry konsolowe|Gry Nintendo'),(524,'Gry GameBoy Advance',508,1892,'Gry|Gry konsolowe|Gry Nintendo|Gry GameBoy Advance'),(525,'Gry GameBoy Color',509,1892,'Gry|Gry konsolowe|Gry Nintendo|Gry GameBoy Color'),(526,'Gry Nintendo DS',511,1892,'Gry|Gry konsolowe|Gry Nintendo|Gry Nintendo DS'),(527,'Gry GameCube',565,1892,'Gry|Gry konsolowe|Gry Nintendo|Gry GameCube'),(528,'Gry Nintendo Wii',1098,1892,'Gry|Gry konsolowe|Gry Nintendo|Gry Nintendo Wii'),(529,'Gry Nintendo 3DS',3168,1892,'Gry|Gry konsolowe|Gry Nintendo|Gry Nintendo 3DS'),(530,'Gry Nintendo Wii U',3480,1892,'Gry|Gry konsolowe|Gry Nintendo|Gry Nintendo Wii U'),(531,'Gry PlayStation',1894,2993,'Gry|Gry konsolowe|Gry PlayStation'),(532,'PlayStation',507,1894,'Gry|Gry konsolowe|Gry PlayStation|PlayStation'),(533,'Gry PlayStation 2',522,1894,'Gry|Gry konsolowe|Gry PlayStation|Gry PlayStation 2'),(534,'Gry Playstation Portable',713,1894,'Gry|Gry konsolowe|Gry PlayStation|Gry Playstation Portable'),(535,'Gry PlayStation 3',1211,1894,'Gry|Gry konsolowe|Gry PlayStation|Gry PlayStation 3'),(536,'Gry Playstation Vita',3390,1894,'Gry|Gry konsolowe|Gry PlayStation|Gry Playstation Vita'),(537,'Gry komputerowe',2994,470,'Gry|Gry komputerowe'),(538,'Gry PC',1897,2994,'Gry|Gry komputerowe|Gry PC'),(539,'Gry MAC',2707,2994,'Gry|Gry komputerowe|Gry MAC'),(540,'Gadżety dla graczy',3313,470,'Gry|Gadżety dla graczy'),(541,'Gry do pobrania i CD-key',3475,470,'Gry|Gry do pobrania i CD-key'),(542,'Gry do pobrania na PC',3476,3475,'Gry|Gry do pobrania i CD-key|Gry do pobrania na PC'),(543,'Gry do pobrania na Nintendo Wii',3477,3475,'Gry|Gry do pobrania i CD-key|Gry do pobrania na Nintendo Wii'),(544,'Gry do pobrania na Playstation 3',3478,3475,'Gry|Gry do pobrania i CD-key|Gry do pobrania na Playstation 3'),(545,'Gry do pobrania na Xbox 360',3479,3475,'Gry|Gry do pobrania i CD-key|Gry do pobrania na Xbox 360'),(546,'Filmy',537,0,'Filmy'),(547,'Filmy DVD',550,537,'Filmy|Filmy DVD'),(548,'Seriale',557,537,'Filmy|Seriale'),(549,'Filmy Blu-ray',2476,537,'Filmy|Filmy Blu-ray'),(550,'Pakiety filmowe',2833,537,'Filmy|Pakiety filmowe'),(551,'Filmy na innych nośnikach',2964,537,'Filmy|Filmy na innych nośnikach'),(552,'Filmy 3D',2965,537,'Filmy|Filmy 3D'),(553,'Gadżety filmowe',3311,537,'Filmy|Gadżety filmowe'),(554,'Nauka, hobby i rozrywka (filmy)',3312,537,'Filmy|Nauka, hobby i rozrywka (filmy)'),(555,'Filmy dokumentalne',544,3312,'Filmy|Nauka, hobby i rozrywka (filmy)|Filmy dokumentalne'),(556,'Kabarety',549,3312,'Filmy|Nauka, hobby i rozrywka (filmy)|Kabarety'),(557,'Filmy instruktażowe',564,3312,'Filmy|Nauka, hobby i rozrywka (filmy)|Filmy instruktażowe'),(558,'Motoryzacja',540,0,'Motoryzacja'),(559,'Opony',541,540,'Motoryzacja|Opony'),(560,'Opony osobowe',2102,541,'Motoryzacja|Opony|Opony osobowe'),(561,'Opony letnie',2111,2102,'Motoryzacja|Opony|Opony osobowe|Opony letnie'),(562,'Opony zimowe',2112,2102,'Motoryzacja|Opony|Opony osobowe|Opony zimowe'),(563,'Opony całoroczne',2113,2102,'Motoryzacja|Opony|Opony osobowe|Opony całoroczne'),(564,'Opony ciężarowe',2103,541,'Motoryzacja|Opony|Opony ciężarowe'),(565,'Opony ciężarowe całoroczne',3342,2103,'Motoryzacja|Opony|Opony ciężarowe|Opony ciężarowe całoroczne'),(566,'Opony ciężarowe letnie',3343,2103,'Motoryzacja|Opony|Opony ciężarowe|Opony ciężarowe letnie'),(567,'Opony ciężarowe zimowe',3344,2103,'Motoryzacja|Opony|Opony ciężarowe|Opony ciężarowe zimowe'),(568,'Opony dostawcze',2104,541,'Motoryzacja|Opony|Opony dostawcze'),(569,'Opony dostawcze całoroczne',3345,2104,'Motoryzacja|Opony|Opony dostawcze|Opony dostawcze całoroczne'),(570,'Opony dostawcze letnie',3346,2104,'Motoryzacja|Opony|Opony dostawcze|Opony dostawcze letnie'),(571,'Opony dostawcze zimowe',3347,2104,'Motoryzacja|Opony|Opony dostawcze|Opony dostawcze zimowe'),(572,'Opony motocyklowe i do skuterów',2105,541,'Motoryzacja|Opony|Opony motocyklowe i do skuterów'),(573,'Opony przemysłowe',2106,541,'Motoryzacja|Opony|Opony przemysłowe'),(574,'Opony rolnicze',2107,541,'Motoryzacja|Opony|Opony rolnicze'),(575,'Opony terenowe',2108,541,'Motoryzacja|Opony|Opony terenowe'),(576,'Opony terenowe całoroczne',3339,2108,'Motoryzacja|Opony|Opony terenowe|Opony terenowe całoroczne'),(577,'Opony terenowe letnie',3340,2108,'Motoryzacja|Opony|Opony terenowe|Opony terenowe letnie'),(578,'Opony terenowe zimowe',3341,2108,'Motoryzacja|Opony|Opony terenowe|Opony terenowe zimowe'),(579,'Pozostałe opony',2110,541,'Motoryzacja|Opony|Pozostałe opony'),(580,'Opony bieżnikowane',3369,541,'Motoryzacja|Opony|Opony bieżnikowane'),(581,'Felgi i kołpaki',568,540,'Motoryzacja|Felgi i kołpaki'),(582,'Felgi aluminiowe',569,568,'Motoryzacja|Felgi i kołpaki|Felgi aluminiowe'),(583,'Felgi stalowe',738,568,'Motoryzacja|Felgi i kołpaki|Felgi stalowe'),(584,'Kołpaki',2237,568,'Motoryzacja|Felgi i kołpaki|Kołpaki'),(585,'Akcesoria do felg i kołpaków',3363,568,'Motoryzacja|Felgi i kołpaki|Akcesoria do felg i kołpaków'),(586,'Pozostałe akcesoria do felg i kołpaków',3151,3363,'Motoryzacja|Felgi i kołpaki|Akcesoria do felg i kołpaków|Pozostałe akcesoria do felg i kołpaków'),(587,'Dekielki do felg',3364,3363,'Motoryzacja|Felgi i kołpaki|Akcesoria do felg i kołpaków|Dekielki do felg'),(588,'Śruby i nakrętki',3365,3363,'Motoryzacja|Felgi i kołpaki|Akcesoria do felg i kołpaków|Śruby i nakrętki'),(589,'Śruby zabezpieczające',3366,3363,'Motoryzacja|Felgi i kołpaki|Akcesoria do felg i kołpaków|Śruby zabezpieczające'),(590,'Pierścienie centrujące',3367,3363,'Motoryzacja|Felgi i kołpaki|Akcesoria do felg i kołpaków|Pierścienie centrujące'),(591,'Szpilki',3368,3363,'Motoryzacja|Felgi i kołpaki|Akcesoria do felg i kołpaków|Szpilki'),(592,'Motocykle i sporty motorowe',1241,540,'Motoryzacja|Motocykle i sporty motorowe'),(593,'Motocykle i części motocyklowe',2504,1241,'Motoryzacja|Motocykle i sporty motorowe|Motocykle i części motocyklowe'),(594,'Akcesoria motocyklowe',1243,2504,'Motoryzacja|Motocykle i sporty motorowe|Motocykle i części motocyklowe|Akcesoria motocyklowe'),(595,'Części motocyklowe',1568,2504,'Motoryzacja|Motocykle i sporty motorowe|Motocykle i części motocyklowe|Części motocyklowe'),(596,'Motocykle',3268,2504,'Motoryzacja|Motocykle i sporty motorowe|Motocykle i części motocyklowe|Motocykle'),(597,'Pojazdy i części do sportów motorowych',2837,1241,'Motoryzacja|Motocykle i sporty motorowe|Pojazdy i części do sportów motorowych'),(598,'Quady i części do quadów',2501,2837,'Motoryzacja|Motocykle i sporty motorowe|Pojazdy i części do sportów motorowych|Quady i części do quadów'),(599,'Sporty samochodowe',2838,2837,'Motoryzacja|Motocykle i sporty motorowe|Pojazdy i części do sportów motorowych|Sporty samochodowe'),(600,'Karting',2841,2837,'Motoryzacja|Motocykle i sporty motorowe|Pojazdy i części do sportów motorowych|Karting'),(601,'Gadżety i akcesoria do sportów motorowych',2844,1241,'Motoryzacja|Motocykle i sporty motorowe|Gadżety i akcesoria do sportów motorowych'),(602,'Wyposażenie kierowcy',3357,1241,'Motoryzacja|Motocykle i sporty motorowe|Wyposażenie kierowcy'),(603,'Pozostałe wyposażenie motocyklowe',2834,3357,'Motoryzacja|Motocykle i sporty motorowe|Wyposażenie kierowcy|Pozostałe wyposażenie motocyklowe'),(604,'Kaski motocyklowe',3358,3357,'Motoryzacja|Motocykle i sporty motorowe|Wyposażenie kierowcy|Kaski motocyklowe'),(605,'Odzież motocyklowa',3359,3357,'Motoryzacja|Motocykle i sporty motorowe|Wyposażenie kierowcy|Odzież motocyklowa'),(606,'Gogle motocyklowe',3360,3357,'Motoryzacja|Motocykle i sporty motorowe|Wyposażenie kierowcy|Gogle motocyklowe'),(607,'Rękawice motocyklowe',3361,3357,'Motoryzacja|Motocykle i sporty motorowe|Wyposażenie kierowcy|Rękawice motocyklowe'),(608,'Buty motocyklowe',3362,3357,'Motoryzacja|Motocykle i sporty motorowe|Wyposażenie kierowcy|Buty motocyklowe'),(609,'Pielęgnacja samochodu',1518,540,'Motoryzacja|Pielęgnacja samochodu'),(610,'Pielęgnacja karoserii',1520,1518,'Motoryzacja|Pielęgnacja samochodu|Pielęgnacja karoserii'),(611,'Pielęgnacja wnętrza samochodu',1522,1518,'Motoryzacja|Pielęgnacja samochodu|Pielęgnacja wnętrza samochodu'),(612,'Pielęgnacja opon i felg',1523,1518,'Motoryzacja|Pielęgnacja samochodu|Pielęgnacja opon i felg'),(613,'Pielęgnacja szyb',1524,1518,'Motoryzacja|Pielęgnacja samochodu|Pielęgnacja szyb'),(614,'Odrdzewiacze',1525,1518,'Motoryzacja|Pielęgnacja samochodu|Odrdzewiacze'),(615,'Pozostałe preparaty samochodowe',1526,1518,'Motoryzacja|Pielęgnacja samochodu|Pozostałe preparaty samochodowe'),(616,'Oleje i płyny samochodowe',1527,540,'Motoryzacja|Oleje i płyny samochodowe'),(617,'Oleje silnikowe',1528,1527,'Motoryzacja|Oleje i płyny samochodowe|Oleje silnikowe'),(618,'Oleje przekładniowe',1529,1527,'Motoryzacja|Oleje i płyny samochodowe|Oleje przekładniowe'),(619,'Płyny eksploatacyjne',1530,1527,'Motoryzacja|Oleje i płyny samochodowe|Płyny eksploatacyjne'),(620,'Akcesoria do samochodu',1531,540,'Motoryzacja|Akcesoria do samochodu'),(621,'Antyradary',808,1531,'Motoryzacja|Akcesoria do samochodu|Antyradary'),(622,'Alkomaty',1257,1531,'Motoryzacja|Akcesoria do samochodu|Alkomaty'),(623,'Wycieraczki samochodowe',1532,1531,'Motoryzacja|Akcesoria do samochodu|Wycieraczki samochodowe'),(624,'Anteny samochodowe',1533,1531,'Motoryzacja|Akcesoria do samochodu|Anteny samochodowe'),(625,'Bagażniki haki i uchwyty',1534,1531,'Motoryzacja|Akcesoria do samochodu|Bagażniki haki i uchwyty'),(626,'Bagażniki bazowe',1535,1534,'Motoryzacja|Akcesoria do samochodu|Bagażniki haki i uchwyty|Bagażniki bazowe'),(627,'Uchwyty narciarskie',1536,1534,'Motoryzacja|Akcesoria do samochodu|Bagażniki haki i uchwyty|Uchwyty narciarskie'),(628,'Uchwyty rowerowe',1537,1534,'Motoryzacja|Akcesoria do samochodu|Bagażniki haki i uchwyty|Uchwyty rowerowe'),(629,'Autoboksy',1539,1534,'Motoryzacja|Akcesoria do samochodu|Bagażniki haki i uchwyty|Autoboksy'),(630,'Akcesoria do bagażników',1540,1534,'Motoryzacja|Akcesoria do samochodu|Bagażniki haki i uchwyty|Akcesoria do bagażników'),(631,'Haki holownicze',2453,1534,'Motoryzacja|Akcesoria do samochodu|Bagażniki haki i uchwyty|Haki holownicze'),(632,'Zabezpieczenia ładunku',2587,1534,'Motoryzacja|Akcesoria do samochodu|Bagażniki haki i uchwyty|Zabezpieczenia ładunku'),(633,'Blokady',2160,1531,'Motoryzacja|Akcesoria do samochodu|Blokady'),(634,'Dywaniki samochodowe',2161,1531,'Motoryzacja|Akcesoria do samochodu|Dywaniki samochodowe'),(635,'Gaśnice samochodowe',2162,1531,'Motoryzacja|Akcesoria do samochodu|Gaśnice samochodowe'),(636,'Pokrowce samochodowe',2163,1531,'Motoryzacja|Akcesoria do samochodu|Pokrowce samochodowe'),(637,'Łańcuchy śniegowe',2164,1531,'Motoryzacja|Akcesoria do samochodu|Łańcuchy śniegowe'),(638,'Pozostałe akcesoria do samochodu',2165,1531,'Motoryzacja|Akcesoria do samochodu|Pozostałe akcesoria do samochodu'),(639,'CB Radia i akcesoria',2166,1531,'Motoryzacja|Akcesoria do samochodu|CB Radia i akcesoria'),(640,'CB Radia',807,2166,'Motoryzacja|Akcesoria do samochodu|CB Radia i akcesoria|CB Radia'),(641,'Akcesoria CB',2167,2166,'Motoryzacja|Akcesoria do samochodu|CB Radia i akcesoria|Akcesoria CB'),(642,'Anteny CB',3131,2166,'Motoryzacja|Akcesoria do samochodu|CB Radia i akcesoria|Anteny CB'),(643,'Akcesoria Off-Road',2507,1531,'Motoryzacja|Akcesoria do samochodu|Akcesoria Off-Road'),(644,'Przetwornice napięcia',2939,1531,'Motoryzacja|Akcesoria do samochodu|Przetwornice napięcia'),(645,'Prostowniki do akumulatorów',3132,1531,'Motoryzacja|Akcesoria do samochodu|Prostowniki do akumulatorów'),(646,'Części samochodowe',1541,540,'Motoryzacja|Części samochodowe'),(647,'Filtry samochodowe',1542,1541,'Motoryzacja|Części samochodowe|Filtry samochodowe'),(648,'Filtry oleju',1543,1542,'Motoryzacja|Części samochodowe|Filtry samochodowe|Filtry oleju'),(649,'Filtry powietrza',1544,1542,'Motoryzacja|Części samochodowe|Filtry samochodowe|Filtry powietrza'),(650,'Filtry kabinowe',1545,1542,'Motoryzacja|Części samochodowe|Filtry samochodowe|Filtry kabinowe'),(651,'Filtry paliwa',1546,1542,'Motoryzacja|Części samochodowe|Filtry samochodowe|Filtry paliwa'),(652,'Inne filtry',1547,1542,'Motoryzacja|Części samochodowe|Filtry samochodowe|Inne filtry'),(653,'Układ hamulcowy',1548,1541,'Motoryzacja|Części samochodowe|Układ hamulcowy'),(654,'Klocki hamulcowe',1549,1548,'Motoryzacja|Części samochodowe|Układ hamulcowy|Klocki hamulcowe'),(655,'Tarcze hamulcowe',1550,1548,'Motoryzacja|Części samochodowe|Układ hamulcowy|Tarcze hamulcowe'),(656,'Pozostałe elementy układu hamulcowego',2122,1548,'Motoryzacja|Części samochodowe|Układ hamulcowy|Pozostałe elementy układu hamulcowego'),(657,'Szczęki hamulcowe',2462,1548,'Motoryzacja|Części samochodowe|Układ hamulcowy|Szczęki hamulcowe'),(658,'Bębny hamulcowe',2463,1548,'Motoryzacja|Części samochodowe|Układ hamulcowy|Bębny hamulcowe'),(659,'Zestawy naprawcze układu hamulcowego',2464,1548,'Motoryzacja|Części samochodowe|Układ hamulcowy|Zestawy naprawcze układu hamulcowego'),(660,'Układ wydechowy',1561,1541,'Motoryzacja|Części samochodowe|Układ wydechowy'),(661,'Tłumiki',1562,1561,'Motoryzacja|Części samochodowe|Układ wydechowy|Tłumiki'),(662,'Katalizatory',2118,1561,'Motoryzacja|Części samochodowe|Układ wydechowy|Katalizatory'),(663,'Kolektory',2119,1561,'Motoryzacja|Części samochodowe|Układ wydechowy|Kolektory'),(664,'Sondy lambda',2120,1561,'Motoryzacja|Części samochodowe|Układ wydechowy|Sondy lambda'),(665,'Pozostałe elementy układu wydechowego',2121,1561,'Motoryzacja|Części samochodowe|Układ wydechowy|Pozostałe elementy układu wydechowego'),(666,'Układ elektryczny i zapłon',1563,1541,'Motoryzacja|Części samochodowe|Układ elektryczny i zapłon'),(667,'Akumulatory',1564,1563,'Motoryzacja|Części samochodowe|Układ elektryczny i zapłon|Akumulatory'),(668,'Autoalarmy',2123,1563,'Motoryzacja|Części samochodowe|Układ elektryczny i zapłon|Autoalarmy'),(669,'Centralne zamki',2124,1563,'Motoryzacja|Części samochodowe|Układ elektryczny i zapłon|Centralne zamki'),(670,'Czujniki',2125,1563,'Motoryzacja|Części samochodowe|Układ elektryczny i zapłon|Czujniki'),(671,'Świece',2126,1563,'Motoryzacja|Części samochodowe|Układ elektryczny i zapłon|Świece'),(672,'Układ elektryczny silnika',2127,1563,'Motoryzacja|Części samochodowe|Układ elektryczny i zapłon|Układ elektryczny silnika'),(673,'Wyposażenie elektryczne',2128,1563,'Motoryzacja|Części samochodowe|Układ elektryczny i zapłon|Wyposażenie elektryczne'),(674,'Pozostałe elementy układu elektrycznego i zapłonu',2129,1563,'Motoryzacja|Części samochodowe|Układ elektryczny i zapłon|Pozostałe elementy układu elektrycznego i zapłonu'),(675,'Tuning samochodowy',1569,1541,'Motoryzacja|Części samochodowe|Tuning samochodowy'),(676,'Tuning mechaniczny',1570,1569,'Motoryzacja|Części samochodowe|Tuning samochodowy|Tuning mechaniczny'),(677,'Tuning optyczny',1571,1569,'Motoryzacja|Części samochodowe|Tuning samochodowy|Tuning optyczny'),(678,'Części karoserii',2009,1541,'Motoryzacja|Części samochodowe|Części karoserii'),(679,'Części blacharskie',2010,2009,'Motoryzacja|Części samochodowe|Części karoserii|Części blacharskie'),(680,'Elementy wygłuszające',2011,2009,'Motoryzacja|Części samochodowe|Części karoserii|Elementy wygłuszające'),(681,'Klamki samochodowe',2012,2009,'Motoryzacja|Części samochodowe|Części karoserii|Klamki samochodowe'),(682,'Listwy boczne',2013,2009,'Motoryzacja|Części samochodowe|Części karoserii|Listwy boczne'),(683,'Listwy na zderzak',2014,2009,'Motoryzacja|Części samochodowe|Części karoserii|Listwy na zderzak'),(684,'Lusterka zewnętrzne',2015,2009,'Motoryzacja|Części samochodowe|Części karoserii|Lusterka zewnętrzne'),(685,'Nadkola',2016,2009,'Motoryzacja|Części samochodowe|Części karoserii|Nadkola'),(686,'Relingi dachowe',2017,2009,'Motoryzacja|Części samochodowe|Części karoserii|Relingi dachowe'),(687,'Siłowniki i teleskopy',2018,2009,'Motoryzacja|Części samochodowe|Części karoserii|Siłowniki i teleskopy'),(688,'Szyby samochodowe',2019,2009,'Motoryzacja|Części samochodowe|Części karoserii|Szyby samochodowe'),(689,'Zamki wkładki i kluczyki',2020,2009,'Motoryzacja|Części samochodowe|Części karoserii|Zamki wkładki i kluczyki'),(690,'Zawiasy',2021,2009,'Motoryzacja|Części samochodowe|Części karoserii|Zawiasy'),(691,'Zderzaki',2022,2009,'Motoryzacja|Części samochodowe|Części karoserii|Zderzaki'),(692,'Pozostałe części karoserii',2023,2009,'Motoryzacja|Części samochodowe|Części karoserii|Pozostałe części karoserii'),(693,'Oświetlenie samochodowe',2024,1541,'Motoryzacja|Części samochodowe|Oświetlenie samochodowe'),(694,'Żarówki samochodowe',1565,2024,'Motoryzacja|Części samochodowe|Oświetlenie samochodowe|Żarówki samochodowe'),(695,'Halogeny',2041,2024,'Motoryzacja|Części samochodowe|Oświetlenie samochodowe|Halogeny'),(696,'Kierunkowskazy',2042,2024,'Motoryzacja|Części samochodowe|Oświetlenie samochodowe|Kierunkowskazy'),(697,'Lampki obrysowe',2043,2024,'Motoryzacja|Części samochodowe|Oświetlenie samochodowe|Lampki obrysowe'),(698,'Lampki tablicy rejestracyjnej',2044,2024,'Motoryzacja|Części samochodowe|Oświetlenie samochodowe|Lampki tablicy rejestracyjnej'),(699,'Lampy ostrzegawcze i koguty',2045,2024,'Motoryzacja|Części samochodowe|Oświetlenie samochodowe|Lampy ostrzegawcze i koguty'),(700,'Lampy przednie',2046,2024,'Motoryzacja|Części samochodowe|Oświetlenie samochodowe|Lampy przednie'),(701,'Lampy tylne',2047,2024,'Motoryzacja|Części samochodowe|Oświetlenie samochodowe|Lampy tylne'),(702,'Przetwornice oświetlenia',2048,2024,'Motoryzacja|Części samochodowe|Oświetlenie samochodowe|Przetwornice oświetlenia'),(703,'Silniczki regulacji',2049,2024,'Motoryzacja|Części samochodowe|Oświetlenie samochodowe|Silniczki regulacji'),(704,'Światła stop',2050,2024,'Motoryzacja|Części samochodowe|Oświetlenie samochodowe|Światła stop'),(705,'Pozostałe oświetlenie samochodowe',2052,2024,'Motoryzacja|Części samochodowe|Oświetlenie samochodowe|Pozostałe oświetlenie samochodowe'),(706,'Zawieszenie i układ kierowniczy',2114,1541,'Motoryzacja|Części samochodowe|Zawieszenie i układ kierowniczy'),(707,'Amortyzatory samochodowe',2115,2114,'Motoryzacja|Części samochodowe|Zawieszenie i układ kierowniczy|Amortyzatory samochodowe'),(708,'Tuleje i poduszki',2116,2114,'Motoryzacja|Części samochodowe|Zawieszenie i układ kierowniczy|Tuleje i poduszki'),(709,'Pozostałe elementy zawieszenia',2117,2114,'Motoryzacja|Części samochodowe|Zawieszenie i układ kierowniczy|Pozostałe elementy zawieszenia'),(710,'Osłony i odboje',2231,2114,'Motoryzacja|Części samochodowe|Zawieszenie i układ kierowniczy|Osłony i odboje'),(711,'Sprężyny zawieszenia',2232,2114,'Motoryzacja|Części samochodowe|Zawieszenie i układ kierowniczy|Sprężyny zawieszenia'),(712,'Rozpórki',2233,2114,'Motoryzacja|Części samochodowe|Zawieszenie i układ kierowniczy|Rozpórki'),(713,'Komplety zawieszeń',2234,2114,'Motoryzacja|Części samochodowe|Zawieszenie i układ kierowniczy|Komplety zawieszeń'),(714,'Wahacze',2449,2114,'Motoryzacja|Części samochodowe|Zawieszenie i układ kierowniczy|Wahacze'),(715,'Końcówki drążków kierowniczych',2450,2114,'Motoryzacja|Części samochodowe|Zawieszenie i układ kierowniczy|Końcówki drążków kierowniczych'),(716,'Drążki kierownicze',2451,2114,'Motoryzacja|Części samochodowe|Zawieszenie i układ kierowniczy|Drążki kierownicze'),(717,'Łączniki stabilizatorów',2452,2114,'Motoryzacja|Części samochodowe|Zawieszenie i układ kierowniczy|Łączniki stabilizatorów'),(718,'Kolumny McPhersona',2460,2114,'Motoryzacja|Części samochodowe|Zawieszenie i układ kierowniczy|Kolumny McPhersona'),(719,'Łożyska amortyzatorów',2461,2114,'Motoryzacja|Części samochodowe|Zawieszenie i układ kierowniczy|Łożyska amortyzatorów'),(720,'Układ napędowy',2130,1541,'Motoryzacja|Części samochodowe|Układ napędowy'),(721,'Sprzęgła',2131,2130,'Motoryzacja|Części samochodowe|Układ napędowy|Sprzęgła'),(722,'Pozostałe elementy układu napędowego',2132,2130,'Motoryzacja|Części samochodowe|Układ napędowy|Pozostałe elementy układu napędowego'),(723,'Przeguby',2235,2130,'Motoryzacja|Części samochodowe|Układ napędowy|Przeguby'),(724,'Półosie',2236,2130,'Motoryzacja|Części samochodowe|Układ napędowy|Półosie'),(725,'Wyposażenie wnętrza samochodu',2133,1541,'Motoryzacja|Części samochodowe|Wyposażenie wnętrza samochodu'),(726,'Fotele i kanapy',2134,2133,'Motoryzacja|Części samochodowe|Wyposażenie wnętrza samochodu|Fotele i kanapy'),(727,'Gałki zmiany biegów',2135,2133,'Motoryzacja|Części samochodowe|Wyposażenie wnętrza samochodu|Gałki zmiany biegów'),(728,'Kierownice samochodowe',2136,2133,'Motoryzacja|Części samochodowe|Wyposażenie wnętrza samochodu|Kierownice samochodowe'),(729,'Pasy bezpieczeństwa',2137,2133,'Motoryzacja|Części samochodowe|Wyposażenie wnętrza samochodu|Pasy bezpieczeństwa'),(730,'Pozostałe wyposażenie wnętrza samochodu',2138,2133,'Motoryzacja|Części samochodowe|Wyposażenie wnętrza samochodu|Pozostałe wyposażenie wnętrza samochodu'),(731,'Chłodzenie silnika',2139,1541,'Motoryzacja|Części samochodowe|Chłodzenie silnika'),(732,'Silniki i osprzęt',2140,1541,'Motoryzacja|Części samochodowe|Silniki i osprzęt'),(733,'Turbosprężarki',2141,2140,'Motoryzacja|Części samochodowe|Silniki i osprzęt|Turbosprężarki'),(734,'Blok silnika',2142,2140,'Motoryzacja|Części samochodowe|Silniki i osprzęt|Blok silnika'),(735,'Elementy napędu',2143,2140,'Motoryzacja|Części samochodowe|Silniki i osprzęt|Elementy napędu'),(736,'Głowice cylindrów',2144,2140,'Motoryzacja|Części samochodowe|Silniki i osprzęt|Głowice cylindrów'),(737,'Kolektory ssące',2145,2140,'Motoryzacja|Części samochodowe|Silniki i osprzęt|Kolektory ssące'),(738,'Mechanizmy rozrządu',2146,2140,'Motoryzacja|Części samochodowe|Silniki i osprzęt|Mechanizmy rozrządu'),(739,'Silniczki krokowe',2147,2140,'Motoryzacja|Części samochodowe|Silniki i osprzęt|Silniczki krokowe'),(740,'Silniki kompletne',2148,2140,'Motoryzacja|Części samochodowe|Silniki i osprzęt|Silniki kompletne'),(741,'Smarowanie silnika',2149,2140,'Motoryzacja|Części samochodowe|Silniki i osprzęt|Smarowanie silnika'),(742,'Zawieszenie silnika',2150,2140,'Motoryzacja|Części samochodowe|Silniki i osprzęt|Zawieszenie silnika'),(743,'Pozostały osprzęt silnika',2151,2140,'Motoryzacja|Części samochodowe|Silniki i osprzęt|Pozostały osprzęt silnika'),(744,'Ogrzewanie wentylacja i klimatyzacja samochodowa',2152,1541,'Motoryzacja|Części samochodowe|Ogrzewanie wentylacja i klimatyzacja samochodowa'),(745,'Klimatyzacja samochodowa',2153,2152,'Motoryzacja|Części samochodowe|Ogrzewanie wentylacja i klimatyzacja samochodowa|Klimatyzacja samochodowa'),(746,'Ogrzewanie i wentylacja samochodowa',2154,2152,'Motoryzacja|Części samochodowe|Ogrzewanie wentylacja i klimatyzacja samochodowa|Ogrzewanie i wentylacja samochodowa'),(747,'Webasto',2155,2152,'Motoryzacja|Części samochodowe|Ogrzewanie wentylacja i klimatyzacja samochodowa|Webasto'),(748,'Układ paliwowy',2156,1541,'Motoryzacja|Części samochodowe|Układ paliwowy'),(749,'Benzyna i Diesel',2157,2156,'Motoryzacja|Części samochodowe|Układ paliwowy|Benzyna i Diesel'),(750,'LPG',2158,2156,'Motoryzacja|Części samochodowe|Układ paliwowy|LPG'),(751,'Pozostałe części samochodowe',2159,1541,'Motoryzacja|Części samochodowe|Pozostałe części samochodowe'),(752,'Warsztat samochodowy',1858,540,'Motoryzacja|Warsztat samochodowy'),(753,'Narzędzia warsztatowe',3269,1858,'Motoryzacja|Warsztat samochodowy|Narzędzia warsztatowe'),(754,'Serwis ogumienia',3270,1858,'Motoryzacja|Warsztat samochodowy|Serwis ogumienia'),(755,'Samochody',2846,540,'Motoryzacja|Samochody'),(756,'Caravaning',3108,540,'Motoryzacja|Caravaning'),(757,'Kampery i przyczepy kempingowe',3109,3108,'Motoryzacja|Caravaning|Kampery i przyczepy kempingowe'),(758,'Wyposażenie i akcesoria do przyczep kempingowych',3110,3108,'Motoryzacja|Caravaning|Wyposażenie i akcesoria do przyczep kempingowych'),(759,'Części do kamperów i przyczep kempingowych',3111,3108,'Motoryzacja|Caravaning|Części do kamperów i przyczep kempingowych'),(760,'Chemia samochodowa',3216,540,'Motoryzacja|Chemia samochodowa'),(761,'Hobby',573,0,'Hobby'),(762,'Artykuły zoologiczne',2238,573,'Hobby|Artykuły zoologiczne'),(763,'Akwarystyka',2239,2238,'Hobby|Artykuły zoologiczne|Akwarystyka'),(764,'Pokarm dla ryb akwariowych',2240,2239,'Hobby|Artykuły zoologiczne|Akwarystyka|Pokarm dla ryb akwariowych'),(765,'Akwaria',2241,2239,'Hobby|Artykuły zoologiczne|Akwarystyka|Akwaria'),(766,'Szafki stoliki i regały akwariowe',2242,2239,'Hobby|Artykuły zoologiczne|Akwarystyka|Szafki stoliki i regały akwariowe'),(767,'Chemia akwariowa',2243,2239,'Hobby|Artykuły zoologiczne|Akwarystyka|Chemia akwariowa'),(768,'Filtry akwariowe i akcesoria',2244,2239,'Hobby|Artykuły zoologiczne|Akwarystyka|Filtry akwariowe i akcesoria'),(769,'Grzałki akwariowe',2247,2239,'Hobby|Artykuły zoologiczne|Akwarystyka|Grzałki akwariowe'),(770,'Pompki napowietrzacze i kurtyny powietrza',2248,2239,'Hobby|Artykuły zoologiczne|Akwarystyka|Pompki napowietrzacze i kurtyny powietrza'),(771,'Pokrywy i inne oświetlenie akwarium',2249,2239,'Hobby|Artykuły zoologiczne|Akwarystyka|Pokrywy i inne oświetlenie akwarium'),(772,'Podłoża tła i ozdoby akwariowe',2250,2239,'Hobby|Artykuły zoologiczne|Akwarystyka|Podłoża tła i ozdoby akwariowe'),(773,'Pozostałe akcesoria akwarystyczne',2251,2239,'Hobby|Artykuły zoologiczne|Akwarystyka|Pozostałe akcesoria akwarystyczne'),(774,'Terrarystyka',2252,2238,'Hobby|Artykuły zoologiczne|Terrarystyka'),(775,'Terraria',2253,2252,'Hobby|Artykuły zoologiczne|Terrarystyka|Terraria'),(776,'Podłoża i ozdoby do terrarium',2254,2252,'Hobby|Artykuły zoologiczne|Terrarystyka|Podłoża i ozdoby do terrarium'),(777,'Ogrzewanie i oświetlenie terrarium',2255,2252,'Hobby|Artykuły zoologiczne|Terrarystyka|Ogrzewanie i oświetlenie terrarium'),(778,'Pokarm dla zwierząt terrarystycznych',2256,2252,'Hobby|Artykuły zoologiczne|Terrarystyka|Pokarm dla zwierząt terrarystycznych'),(779,'Pozostałe akcesoria terrarystyczne',2257,2252,'Hobby|Artykuły zoologiczne|Terrarystyka|Pozostałe akcesoria terrarystyczne'),(780,'Gryzonie i fretki',2258,2238,'Hobby|Artykuły zoologiczne|Gryzonie i fretki'),(781,'Klatki dla gryzoni i fretek',2259,2258,'Hobby|Artykuły zoologiczne|Gryzonie i fretki|Klatki dla gryzoni i fretek'),(782,'Pokarm i przysmaki dla gryzoni i fretek',2260,2258,'Hobby|Artykuły zoologiczne|Gryzonie i fretki|Pokarm i przysmaki dla gryzoni i fretek'),(783,'Akcesoria dla gryzoni i fretek',2261,2258,'Hobby|Artykuły zoologiczne|Gryzonie i fretki|Akcesoria dla gryzoni i fretek'),(784,'Ptaki',2262,2238,'Hobby|Artykuły zoologiczne|Ptaki'),(785,'Klatki dla ptaków',2263,2262,'Hobby|Artykuły zoologiczne|Ptaki|Klatki dla ptaków'),(786,'Pokarm dla ptaków',2264,2262,'Hobby|Artykuły zoologiczne|Ptaki|Pokarm dla ptaków'),(787,'Akcesoria dla ptaków',2265,2262,'Hobby|Artykuły zoologiczne|Ptaki|Akcesoria dla ptaków'),(788,'Karmniki i budki lęgowe',2757,2262,'Hobby|Artykuły zoologiczne|Ptaki|Karmniki i budki lęgowe'),(789,'Psy',2266,2238,'Hobby|Artykuły zoologiczne|Psy'),(790,'Pokarm dla psów',2267,2266,'Hobby|Artykuły zoologiczne|Psy|Pokarm dla psów'),(791,'Obroże szelki i kagańce',2268,2266,'Hobby|Artykuły zoologiczne|Psy|Obroże szelki i kagańce'),(792,'Smycze',2269,2266,'Hobby|Artykuły zoologiczne|Psy|Smycze'),(793,'Higiena psów',2270,2266,'Hobby|Artykuły zoologiczne|Psy|Higiena psów'),(794,'Zabawki dla psów',2271,2266,'Hobby|Artykuły zoologiczne|Psy|Zabawki dla psów'),(795,'Budy i legowiska dla psów',2272,2266,'Hobby|Artykuły zoologiczne|Psy|Budy i legowiska dla psów'),(796,'Pozostałe akcesoria dla psów',2273,2266,'Hobby|Artykuły zoologiczne|Psy|Pozostałe akcesoria dla psów'),(797,'Miski dla psów',2755,2266,'Hobby|Artykuły zoologiczne|Psy|Miski dla psów'),(798,'Ubrania i buty dla psów',2756,2266,'Hobby|Artykuły zoologiczne|Psy|Ubrania i buty dla psów'),(799,'Koty',2274,2238,'Hobby|Artykuły zoologiczne|Koty'),(800,'Pokarm dla kotów',2275,2274,'Hobby|Artykuły zoologiczne|Koty|Pokarm dla kotów'),(801,'Zabawki i drapaki dla kotów',2276,2274,'Hobby|Artykuły zoologiczne|Koty|Zabawki i drapaki dla kotów'),(802,'Budki i legowiska dla kotów',2277,2274,'Hobby|Artykuły zoologiczne|Koty|Budki i legowiska dla kotów'),(803,'Kuwety dla kotów',2278,2274,'Hobby|Artykuły zoologiczne|Koty|Kuwety dla kotów'),(804,'Pozostałe akcesoria dla kotów',2279,2274,'Hobby|Artykuły zoologiczne|Koty|Pozostałe akcesoria dla kotów'),(805,'Żwirki i piaski dla kotów',3474,2274,'Hobby|Artykuły zoologiczne|Koty|Żwirki i piaski dla kotów'),(806,'Transportery i torby dla zwierząt',2280,2238,'Hobby|Artykuły zoologiczne|Transportery i torby dla zwierząt'),(807,'Pozostałe akcesoria dla zwierząt',2281,2238,'Hobby|Artykuły zoologiczne|Pozostałe akcesoria dla zwierząt'),(808,'Gadżety',2346,573,'Hobby|Gadżety'),(809,'Prezenty-przeżycia i atrakcje',2588,573,'Hobby|Prezenty-przeżycia i atrakcje'),(810,'Wyrób trunków i nalewek',2702,573,'Hobby|Wyrób trunków i nalewek'),(811,'Akcesoria imprezowe',3048,573,'Hobby|Akcesoria imprezowe'),(812,'Akcesoria LARP',3053,573,'Hobby|Akcesoria LARP'),(813,'Artykuły dla plastyków',3068,573,'Hobby|Artykuły dla plastyków'),(814,'Ramy i sztalugi',3069,3068,'Hobby|Artykuły dla plastyków|Ramy i sztalugi'),(815,'Podobrazia bloki i papiery',3070,3068,'Hobby|Artykuły dla plastyków|Podobrazia bloki i papiery'),(816,'Farby i media malarskie',3071,3068,'Hobby|Artykuły dla plastyków|Farby i media malarskie'),(817,'Kredki ołówki pastele i pisaki',3072,3068,'Hobby|Artykuły dla plastyków|Kredki ołówki pastele i pisaki'),(818,'Akcesoria kreślarskie',3073,3068,'Hobby|Artykuły dla plastyków|Akcesoria kreślarskie'),(819,'Akcesoria rzeźbiarskie',3074,3068,'Hobby|Artykuły dla plastyków|Akcesoria rzeźbiarskie'),(820,'Pędzle i inne narzędzia dla plastyków',3075,3068,'Hobby|Artykuły dla plastyków|Pędzle i inne narzędzia dla plastyków'),(821,'Pozostałe akcesoria dla plastyków',3076,3068,'Hobby|Artykuły dla plastyków|Pozostałe akcesoria dla plastyków'),(822,'Militaria i strzelectwo',3088,573,'Hobby|Militaria i strzelectwo'),(823,'Air Soft Gun',574,3088,'Hobby|Militaria i strzelectwo|Air Soft Gun'),(824,'Części broni ASG',576,574,'Hobby|Militaria i strzelectwo|Air Soft Gun|Części broni ASG'),(825,'Amunicja ASG',3035,574,'Hobby|Militaria i strzelectwo|Air Soft Gun|Amunicja ASG'),(826,'Osprzęt ASG',3036,574,'Hobby|Militaria i strzelectwo|Air Soft Gun|Osprzęt ASG'),(827,'Broń ASG',3037,574,'Hobby|Militaria i strzelectwo|Air Soft Gun|Broń ASG'),(828,'Akcesoria do samoobrony',579,3088,'Hobby|Militaria i strzelectwo|Akcesoria do samoobrony'),(829,'Akcesoria do broni palnej',581,3088,'Hobby|Militaria i strzelectwo|Akcesoria do broni palnej'),(830,'Kabury i pasy nośne',582,581,'Hobby|Militaria i strzelectwo|Akcesoria do broni palnej|Kabury i pasy nośne'),(831,'Optyka do broni',599,581,'Hobby|Militaria i strzelectwo|Akcesoria do broni palnej|Optyka do broni'),(832,'Tarcze i kulochwyty',605,581,'Hobby|Militaria i strzelectwo|Akcesoria do broni palnej|Tarcze i kulochwyty'),(833,'Konserwacja broni',607,581,'Hobby|Militaria i strzelectwo|Akcesoria do broni palnej|Konserwacja broni'),(834,'Pozostałe akcesoria do broni palnej',3041,581,'Hobby|Militaria i strzelectwo|Akcesoria do broni palnej|Pozostałe akcesoria do broni palnej'),(835,'Wiatrówki',587,3088,'Hobby|Militaria i strzelectwo|Wiatrówki'),(836,'Wiatrówki karabinki',588,587,'Hobby|Militaria i strzelectwo|Wiatrówki|Wiatrówki karabinki'),(837,'Osprzęt do wiatrówek',589,587,'Hobby|Militaria i strzelectwo|Wiatrówki|Osprzęt do wiatrówek'),(838,'Amunicja do wiatrówek',602,587,'Hobby|Militaria i strzelectwo|Wiatrówki|Amunicja do wiatrówek'),(839,'Wiatrówki pistolety',604,587,'Hobby|Militaria i strzelectwo|Wiatrówki|Wiatrówki pistolety'),(840,'Broń biała',594,3088,'Hobby|Militaria i strzelectwo|Broń biała'),(841,'Noże',595,594,'Hobby|Militaria i strzelectwo|Broń biała|Noże'),(842,'Akcesoria do broni białej',598,594,'Hobby|Militaria i strzelectwo|Broń biała|Akcesoria do broni białej'),(843,'Miecze i szable',621,594,'Hobby|Militaria i strzelectwo|Broń biała|Miecze i szable'),(844,'Topory i maczety',1258,594,'Hobby|Militaria i strzelectwo|Broń biała|Topory i maczety'),(845,'Pozostała broń biała',3077,594,'Hobby|Militaria i strzelectwo|Broń biała|Pozostała broń biała'),(846,'Akcesoria ochronne',603,3088,'Hobby|Militaria i strzelectwo|Akcesoria ochronne'),(847,'Łucznictwo i proce',608,3088,'Hobby|Militaria i strzelectwo|Łucznictwo i proce'),(848,'Łuki',609,608,'Hobby|Militaria i strzelectwo|Łucznictwo i proce|Łuki'),(849,'Strzały do łuków',610,608,'Hobby|Militaria i strzelectwo|Łucznictwo i proce|Strzały do łuków'),(850,'Proce',617,608,'Hobby|Militaria i strzelectwo|Łucznictwo i proce|Proce'),(851,'Akcesoria łucznicze',625,608,'Hobby|Militaria i strzelectwo|Łucznictwo i proce|Akcesoria łucznicze'),(852,'Paintball',611,3088,'Hobby|Militaria i strzelectwo|Paintball'),(853,'Markery Paintball',612,611,'Hobby|Militaria i strzelectwo|Paintball|Markery Paintball'),(854,'Amunicja do Paintball',613,611,'Hobby|Militaria i strzelectwo|Paintball|Amunicja do Paintball'),(855,'Osprzęt do Paintball',614,611,'Hobby|Militaria i strzelectwo|Paintball|Osprzęt do Paintball'),(856,'Repliki',699,3088,'Hobby|Militaria i strzelectwo|Repliki'),(857,'Pozostałe militaria kolekcjonerskie',700,699,'Hobby|Militaria i strzelectwo|Repliki|Pozostałe militaria kolekcjonerskie'),(858,'Repliki broni palnej',701,699,'Hobby|Militaria i strzelectwo|Repliki|Repliki broni palnej'),(859,'Odzież taktyczna',3040,3088,'Hobby|Militaria i strzelectwo|Odzież taktyczna'),(860,'Rękodzieło',3089,573,'Hobby|Rękodzieło'),(861,'Pasmanteria',2578,3089,'Hobby|Rękodzieło|Pasmanteria'),(862,'Akcesoria krawieckie',2579,2578,'Hobby|Rękodzieło|Pasmanteria|Akcesoria krawieckie'),(863,'Akcesoria do robótek ręcznych',2580,2578,'Hobby|Rękodzieło|Pasmanteria|Akcesoria do robótek ręcznych'),(864,'Dodatki krawieckie',2581,2578,'Hobby|Rękodzieło|Pasmanteria|Dodatki krawieckie'),(865,'Tkaniny',2582,2578,'Hobby|Rękodzieło|Pasmanteria|Tkaniny'),(866,'Włóczki',2583,2578,'Hobby|Rękodzieło|Pasmanteria|Włóczki'),(867,'Pozostałe artykuły krawieckie',2584,2578,'Hobby|Rękodzieło|Pasmanteria|Pozostałe artykuły krawieckie'),(868,'Akcesoria do wyrobu biżuterii',3055,3089,'Hobby|Rękodzieło|Akcesoria do wyrobu biżuterii'),(869,'Narzędzia jubilerskie',3056,3055,'Hobby|Rękodzieło|Akcesoria do wyrobu biżuterii|Narzędzia jubilerskie'),(870,'Półfabrykaty jubilerskie',3057,3055,'Hobby|Rękodzieło|Akcesoria do wyrobu biżuterii|Półfabrykaty jubilerskie'),(871,'Opakowania jubilerskie',3058,3055,'Hobby|Rękodzieło|Akcesoria do wyrobu biżuterii|Opakowania jubilerskie'),(872,'Żyłki linki i gumki jubilerskie',3059,3055,'Hobby|Rękodzieło|Akcesoria do wyrobu biżuterii|Żyłki linki i gumki jubilerskie'),(873,'Koraliki',3060,3055,'Hobby|Rękodzieło|Akcesoria do wyrobu biżuterii|Koraliki'),(874,'Kamienie szlachetne i ozdobne',3066,3055,'Hobby|Rękodzieło|Akcesoria do wyrobu biżuterii|Kamienie szlachetne i ozdobne'),(875,'Decoupage',3078,3089,'Hobby|Rękodzieło|Decoupage'),(876,'Dekoratorstwo',3079,3089,'Hobby|Rękodzieło|Dekoratorstwo'),(877,'Scrapbooking',3080,3089,'Hobby|Rękodzieło|Scrapbooking'),(878,'Pozostałe rękodzieło',3081,3089,'Hobby|Rękodzieło|Pozostałe rękodzieło'),(879,'Kolekcjonerstwo',3090,573,'Hobby|Kolekcjonerstwo'),(880,'Modelarstwo',2186,3090,'Hobby|Kolekcjonerstwo|Modelarstwo'),(881,'Modele do sklejania',1057,2186,'Hobby|Kolekcjonerstwo|Modelarstwo|Modele do sklejania'),(882,'Kolekcjonerskie modele pojazdów',2187,2186,'Hobby|Kolekcjonerstwo|Modelarstwo|Kolekcjonerskie modele pojazdów'),(883,'Pozostałe modele',2188,2186,'Hobby|Kolekcjonerstwo|Modelarstwo|Pozostałe modele'),(884,'Akcesoria i części modelarskie',2194,2186,'Hobby|Kolekcjonerstwo|Modelarstwo|Akcesoria i części modelarskie'),(885,'Kolejki i akcesoria',3049,2186,'Hobby|Kolekcjonerstwo|Modelarstwo|Kolejki i akcesoria'),(886,'Modele zdalnie sterowane',3052,2186,'Hobby|Kolekcjonerstwo|Modelarstwo|Modele zdalnie sterowane'),(887,'Figurki kolekcjonerskie',3054,3090,'Hobby|Kolekcjonerstwo|Figurki kolekcjonerskie'),(888,'Numizmatyka',3094,3090,'Hobby|Kolekcjonerstwo|Numizmatyka'),(889,'Akcesoria dla kolekcjonerów',3095,3090,'Hobby|Kolekcjonerstwo|Akcesoria dla kolekcjonerów'),(890,'Wróżbiarstwo',3091,573,'Hobby|Wróżbiarstwo'),(891,'Wędkarstwo i łowiectwo',3092,573,'Hobby|Wędkarstwo i łowiectwo'),(892,'Wędkarstwo',2765,3092,'Hobby|Wędkarstwo i łowiectwo|Wędkarstwo'),(893,'Wyposażenie wędkarza',2766,2765,'Hobby|Wędkarstwo i łowiectwo|Wędkarstwo|Wyposażenie wędkarza'),(894,'Sprzęt wędkarski',2767,2765,'Hobby|Wędkarstwo i łowiectwo|Wędkarstwo|Sprzęt wędkarski'),(895,'Odzież i obuwie wędkarskie',2776,2765,'Hobby|Wędkarstwo i łowiectwo|Wędkarstwo|Odzież i obuwie wędkarskie'),(896,'Akcesoria i odzież myśliwska',3093,3092,'Hobby|Wędkarstwo i łowiectwo|Akcesoria i odzież myśliwska'),(897,'Odzież, obuwie, dodatki',626,0,'Odzież, obuwie, dodatki'),(898,'Galanteria i dodatki',1169,626,'Odzież, obuwie, dodatki|Galanteria i dodatki'),(899,'Rękawiczki',829,1169,'Odzież, obuwie, dodatki|Galanteria i dodatki|Rękawiczki'),(900,'Nakrycia głowy',830,1169,'Odzież, obuwie, dodatki|Galanteria i dodatki|Nakrycia głowy'),(901,'Czapki',1367,830,'Odzież, obuwie, dodatki|Galanteria i dodatki|Nakrycia głowy|Czapki'),(902,'Kapelusze',1370,830,'Odzież, obuwie, dodatki|Galanteria i dodatki|Nakrycia głowy|Kapelusze'),(903,'Pozostałe nakrycia głowy',1371,830,'Odzież, obuwie, dodatki|Galanteria i dodatki|Nakrycia głowy|Pozostałe nakrycia głowy'),(904,'Okulary przeciwsłoneczne',1050,1169,'Odzież, obuwie, dodatki|Galanteria i dodatki|Okulary przeciwsłoneczne'),(905,'Chustki i apaszki',1095,1169,'Odzież, obuwie, dodatki|Galanteria i dodatki|Chustki i apaszki'),(906,'Spinki do krawatów i mankietów',1136,1169,'Odzież, obuwie, dodatki|Galanteria i dodatki|Spinki do krawatów i mankietów'),(907,'Breloki',1171,1169,'Odzież, obuwie, dodatki|Galanteria i dodatki|Breloki'),(908,'Etui',1173,1169,'Odzież, obuwie, dodatki|Galanteria i dodatki|Etui'),(909,'Pozostała galanteria',1174,1169,'Odzież, obuwie, dodatki|Galanteria i dodatki|Pozostała galanteria'),(910,'Parasole',1176,1169,'Odzież, obuwie, dodatki|Galanteria i dodatki|Parasole'),(911,'Paski',1177,1169,'Odzież, obuwie, dodatki|Galanteria i dodatki|Paski'),(912,'Portfele',1178,1169,'Odzież, obuwie, dodatki|Galanteria i dodatki|Portfele'),(913,'Saszetki',1181,1169,'Odzież, obuwie, dodatki|Galanteria i dodatki|Saszetki'),(914,'Teczki i aktówki',1182,1169,'Odzież, obuwie, dodatki|Galanteria i dodatki|Teczki i aktówki'),(915,'Torebki damskie',1183,1169,'Odzież, obuwie, dodatki|Galanteria i dodatki|Torebki damskie'),(916,'Torby i walizki',1200,1169,'Odzież, obuwie, dodatki|Galanteria i dodatki|Torby i walizki'),(917,'Szale i szaliki',1387,1169,'Odzież, obuwie, dodatki|Galanteria i dodatki|Szale i szaliki'),(918,'Akcesoria do butów',3386,1169,'Odzież, obuwie, dodatki|Galanteria i dodatki|Akcesoria do butów'),(919,'Dla Dzieci',2941,626,'Odzież, obuwie, dodatki|Dla Dzieci'),(920,'Odzież dziecięca',887,2941,'Odzież, obuwie, dodatki|Dla Dzieci|Odzież dziecięca'),(921,'Bluzy i swetry dziecięce',888,887,'Odzież, obuwie, dodatki|Dla Dzieci|Odzież dziecięca|Bluzy i swetry dziecięce'),(922,'Kamizelki dziecięce',889,887,'Odzież, obuwie, dodatki|Dla Dzieci|Odzież dziecięca|Kamizelki dziecięce'),(923,'Komplety dziecięce',892,887,'Odzież, obuwie, dodatki|Dla Dzieci|Odzież dziecięca|Komplety dziecięce'),(924,'Bluzki i koszulki dziecięce',893,887,'Odzież, obuwie, dodatki|Dla Dzieci|Odzież dziecięca|Bluzki i koszulki dziecięce'),(925,'Koszule dziecięce',894,887,'Odzież, obuwie, dodatki|Dla Dzieci|Odzież dziecięca|Koszule dziecięce'),(926,'Kurtki i płaszcze dziecięce',895,887,'Odzież, obuwie, dodatki|Dla Dzieci|Odzież dziecięca|Kurtki i płaszcze dziecięce'),(927,'Spódnice dziecięce',900,887,'Odzież, obuwie, dodatki|Dla Dzieci|Odzież dziecięca|Spódnice dziecięce'),(928,'Dresy dziecięce',917,887,'Odzież, obuwie, dodatki|Dla Dzieci|Odzież dziecięca|Dresy dziecięce'),(929,'Sukienki dziecięce',1295,887,'Odzież, obuwie, dodatki|Dla Dzieci|Odzież dziecięca|Sukienki dziecięce'),(930,'Spodnie dziecięce',1357,887,'Odzież, obuwie, dodatki|Dla Dzieci|Odzież dziecięca|Spodnie dziecięce'),(931,'Pozostała odzież dziecięca',2958,887,'Odzież, obuwie, dodatki|Dla Dzieci|Odzież dziecięca|Pozostała odzież dziecięca'),(932,'Ubranka niemowlęce',1099,2941,'Odzież, obuwie, dodatki|Dla Dzieci|Ubranka niemowlęce'),(933,'Buty dziecięce',1315,2941,'Odzież, obuwie, dodatki|Dla Dzieci|Buty dziecięce'),(934,'Bielizna dziecięca',1356,2941,'Odzież, obuwie, dodatki|Dla Dzieci|Bielizna dziecięca'),(935,'Skarpetki i rajstopy dziecięce',897,1356,'Odzież, obuwie, dodatki|Dla Dzieci|Bielizna dziecięca|Skarpetki i rajstopy dziecięce'),(936,'Majtki i slipy dziecięce',902,1356,'Odzież, obuwie, dodatki|Dla Dzieci|Bielizna dziecięca|Majtki i slipy dziecięce'),(937,'Pidżamy i szlafroki dziecięce',928,1356,'Odzież, obuwie, dodatki|Dla Dzieci|Bielizna dziecięca|Pidżamy i szlafroki dziecięce'),(938,'Stroje kąpielowe i kąpielówki dziecięce',2951,1356,'Odzież, obuwie, dodatki|Dla Dzieci|Bielizna dziecięca|Stroje kąpielowe i kąpielówki dziecięce'),(939,'Pozostała bielizna dziecięca',2952,1356,'Odzież, obuwie, dodatki|Dla Dzieci|Bielizna dziecięca|Pozostała bielizna dziecięca'),(940,'Galanteria dziecięca',2942,2941,'Odzież, obuwie, dodatki|Dla Dzieci|Galanteria dziecięca'),(941,'Czapki szaliki i rękawiczki',896,2942,'Odzież, obuwie, dodatki|Dla Dzieci|Galanteria dziecięca|Czapki szaliki i rękawiczki'),(942,'Torebki saszetki i worki',2943,2942,'Odzież, obuwie, dodatki|Dla Dzieci|Galanteria dziecięca|Torebki saszetki i worki'),(943,'Pozostała galanteria dziecięca',2944,2942,'Odzież, obuwie, dodatki|Dla Dzieci|Galanteria dziecięca|Pozostała galanteria dziecięca'),(944,'Biżuteria i ozdoby do włosów',2945,2942,'Odzież, obuwie, dodatki|Dla Dzieci|Galanteria dziecięca|Biżuteria i ozdoby do włosów'),(945,'Paski i szelki dziecięce',2946,2942,'Odzież, obuwie, dodatki|Dla Dzieci|Galanteria dziecięca|Paski i szelki dziecięce'),(946,'Odzież i dodatki dziecięce na okazje',2947,2941,'Odzież, obuwie, dodatki|Dla Dzieci|Odzież i dodatki dziecięce na okazje'),(947,'Stroje karnawałowe i przebrania dla dzieci',2479,2947,'Odzież, obuwie, dodatki|Dla Dzieci|Odzież i dodatki dziecięce na okazje|Stroje karnawałowe i przebrania dla dzieci'),(948,'Komunia',2948,2947,'Odzież, obuwie, dodatki|Dla Dzieci|Odzież i dodatki dziecięce na okazje|Komunia'),(949,'Chrzest',2949,2947,'Odzież, obuwie, dodatki|Dla Dzieci|Odzież i dodatki dziecięce na okazje|Chrzest'),(950,'Akcesoria na imprezy dziecięce',2950,2947,'Odzież, obuwie, dodatki|Dla Dzieci|Odzież i dodatki dziecięce na okazje|Akcesoria na imprezy dziecięce'),(951,'Dla Kobiety',3152,626,'Odzież, obuwie, dodatki|Dla Kobiety'),(952,'Odzież damska',1081,3152,'Odzież, obuwie, dodatki|Dla Kobiety|Odzież damska'),(953,'Spódnice',1062,1081,'Odzież, obuwie, dodatki|Dla Kobiety|Odzież damska|Spódnice'),(954,'Bluzki i koszulki damskie',1082,1081,'Odzież, obuwie, dodatki|Dla Kobiety|Odzież damska|Bluzki i koszulki damskie'),(955,'Bluzy damskie',1083,1081,'Odzież, obuwie, dodatki|Dla Kobiety|Odzież damska|Bluzy damskie'),(956,'Dresy damskie',1084,1081,'Odzież, obuwie, dodatki|Dla Kobiety|Odzież damska|Dresy damskie'),(957,'Golfy damskie',1085,1081,'Odzież, obuwie, dodatki|Dla Kobiety|Odzież damska|Golfy damskie'),(958,'Garsonki i kostiumy',1086,1081,'Odzież, obuwie, dodatki|Dla Kobiety|Odzież damska|Garsonki i kostiumy'),(959,'Koszule damskie',1087,1081,'Odzież, obuwie, dodatki|Dla Kobiety|Odzież damska|Koszule damskie'),(960,'Marynarki i żakiety',1088,1081,'Odzież, obuwie, dodatki|Dla Kobiety|Odzież damska|Marynarki i żakiety'),(961,'Spodenki damskie',1091,1081,'Odzież, obuwie, dodatki|Dla Kobiety|Odzież damska|Spodenki damskie'),(962,'Swetry i sweterki',1093,1081,'Odzież, obuwie, dodatki|Dla Kobiety|Odzież damska|Swetry i sweterki'),(963,'Kamizelki damskie',1287,1081,'Odzież, obuwie, dodatki|Dla Kobiety|Odzież damska|Kamizelki damskie'),(964,'Suknie i sukienki',1288,1081,'Odzież, obuwie, dodatki|Dla Kobiety|Odzież damska|Suknie i sukienki'),(965,'Spodnie damskie',1299,1081,'Odzież, obuwie, dodatki|Dla Kobiety|Odzież damska|Spodnie damskie'),(966,'Kurtki i płaszcze damskie',1377,1081,'Odzież, obuwie, dodatki|Dla Kobiety|Odzież damska|Kurtki i płaszcze damskie'),(967,'Komplety odzieży',1379,1081,'Odzież, obuwie, dodatki|Dla Kobiety|Odzież damska|Komplety odzieży'),(968,'Bolerka',1380,1081,'Odzież, obuwie, dodatki|Dla Kobiety|Odzież damska|Bolerka'),(969,'Pozostała odzież damska',1386,1081,'Odzież, obuwie, dodatki|Dla Kobiety|Odzież damska|Pozostała odzież damska'),(970,'Tuniki',3102,1081,'Odzież, obuwie, dodatki|Dla Kobiety|Odzież damska|Tuniki'),(971,'Buty damskie',1305,3152,'Odzież, obuwie, dodatki|Dla Kobiety|Buty damskie'),(972,'Bielizna damska',1330,3152,'Odzież, obuwie, dodatki|Dla Kobiety|Bielizna damska'),(973,'Biustonosze',628,1330,'Odzież, obuwie, dodatki|Dla Kobiety|Bielizna damska|Biustonosze'),(974,'Body',629,1330,'Odzież, obuwie, dodatki|Dla Kobiety|Bielizna damska|Body'),(975,'Figi',630,1330,'Odzież, obuwie, dodatki|Dla Kobiety|Bielizna damska|Figi'),(976,'Gorsety',631,1330,'Odzież, obuwie, dodatki|Dla Kobiety|Bielizna damska|Gorsety'),(977,'Komplety bielizny',632,1330,'Odzież, obuwie, dodatki|Dla Kobiety|Bielizna damska|Komplety bielizny'),(978,'Koszulki i halki',633,1330,'Odzież, obuwie, dodatki|Dla Kobiety|Bielizna damska|Koszulki i halki'),(979,'Pończochy pasy i podwiązki',634,1330,'Odzież, obuwie, dodatki|Dla Kobiety|Bielizna damska|Pończochy pasy i podwiązki'),(980,'Rajstopy',635,1330,'Odzież, obuwie, dodatki|Dla Kobiety|Bielizna damska|Rajstopy'),(981,'Stroje kąpielowe',665,1330,'Odzież, obuwie, dodatki|Dla Kobiety|Bielizna damska|Stroje kąpielowe'),(982,'Skarpetki i podkolanówki',705,1330,'Odzież, obuwie, dodatki|Dla Kobiety|Bielizna damska|Skarpetki i podkolanówki'),(983,'Szlafroki damskie',752,1330,'Odzież, obuwie, dodatki|Dla Kobiety|Bielizna damska|Szlafroki damskie'),(984,'Pidżamy damskie',929,1330,'Odzież, obuwie, dodatki|Dla Kobiety|Bielizna damska|Pidżamy damskie'),(985,'Szorty damskie',1334,1330,'Odzież, obuwie, dodatki|Dla Kobiety|Bielizna damska|Szorty damskie'),(986,'Stringi damskie',1458,1330,'Odzież, obuwie, dodatki|Dla Kobiety|Bielizna damska|Stringi damskie'),(987,'Pozostała bielizna damska',1459,1330,'Odzież, obuwie, dodatki|Dla Kobiety|Bielizna damska|Pozostała bielizna damska'),(988,'Dodatki do biustonoszy',2585,1330,'Odzież, obuwie, dodatki|Dla Kobiety|Bielizna damska|Dodatki do biustonoszy'),(989,'Bielizna modelująca',3100,1330,'Odzież, obuwie, dodatki|Dla Kobiety|Bielizna damska|Bielizna modelująca'),(990,'Legginsy',3101,1330,'Odzież, obuwie, dodatki|Dla Kobiety|Bielizna damska|Legginsy'),(991,'Bielizna dla Amazonek',3225,1330,'Odzież, obuwie, dodatki|Dla Kobiety|Bielizna damska|Bielizna dla Amazonek'),(992,'Odzież i bielizna ciążowa',1353,3152,'Odzież, obuwie, dodatki|Dla Kobiety|Odzież i bielizna ciążowa'),(993,'Bielizna ciążowa',668,1353,'Odzież, obuwie, dodatki|Dla Kobiety|Odzież i bielizna ciążowa|Bielizna ciążowa'),(994,'Bluzki i tuniki ciążowe',1381,1353,'Odzież, obuwie, dodatki|Dla Kobiety|Odzież i bielizna ciążowa|Bluzki i tuniki ciążowe'),(995,'Spodnie ciążowe',1382,1353,'Odzież, obuwie, dodatki|Dla Kobiety|Odzież i bielizna ciążowa|Spodnie ciążowe'),(996,'Sukienki i spódnice ciążowe',1383,1353,'Odzież, obuwie, dodatki|Dla Kobiety|Odzież i bielizna ciążowa|Sukienki i spódnice ciążowe'),(997,'Bluzy i swetry ciążowe',3103,1353,'Odzież, obuwie, dodatki|Dla Kobiety|Odzież i bielizna ciążowa|Bluzy i swetry ciążowe'),(998,'Okrycia wierzchnie ciążowe',3104,1353,'Odzież, obuwie, dodatki|Dla Kobiety|Odzież i bielizna ciążowa|Okrycia wierzchnie ciążowe'),(999,'Pozostała odzież ciążowa',3105,1353,'Odzież, obuwie, dodatki|Dla Kobiety|Odzież i bielizna ciążowa|Pozostała odzież ciążowa'),(1000,'Dla Mężczyzny',3153,626,'Odzież, obuwie, dodatki|Dla Mężczyzny'),(1001,'Odzież męska',825,3153,'Odzież, obuwie, dodatki|Dla Mężczyzny|Odzież męska'),(1002,'Bluzy męskie',826,825,'Odzież, obuwie, dodatki|Dla Mężczyzny|Odzież męska|Bluzy męskie'),(1003,'Krawaty i muchy',827,825,'Odzież, obuwie, dodatki|Dla Mężczyzny|Odzież męska|Krawaty i muchy'),(1004,'Marynarki',833,825,'Odzież, obuwie, dodatki|Dla Mężczyzny|Odzież męska|Marynarki'),(1005,'Koszule',834,825,'Odzież, obuwie, dodatki|Dla Mężczyzny|Odzież męska|Koszule'),(1006,'Kamizelki',835,825,'Odzież, obuwie, dodatki|Dla Mężczyzny|Odzież męska|Kamizelki'),(1007,'Spodenki męskie',838,825,'Odzież, obuwie, dodatki|Dla Mężczyzny|Odzież męska|Spodenki męskie'),(1008,'T-shirty i koszulki męskie',839,825,'Odzież, obuwie, dodatki|Dla Mężczyzny|Odzież męska|T-shirty i koszulki męskie'),(1009,'Dresy męskie',918,825,'Odzież, obuwie, dodatki|Dla Mężczyzny|Odzież męska|Dresy męskie'),(1010,'Garnitury',1289,825,'Odzież, obuwie, dodatki|Dla Mężczyzny|Odzież męska|Garnitury'),(1011,'Swetry i golfy',1291,825,'Odzież, obuwie, dodatki|Dla Mężczyzny|Odzież męska|Swetry i golfy'),(1012,'Spodnie męskie',1302,825,'Odzież, obuwie, dodatki|Dla Mężczyzny|Odzież męska|Spodnie męskie'),(1013,'Kurtki i płaszcze męskie',1372,825,'Odzież, obuwie, dodatki|Dla Mężczyzny|Odzież męska|Kurtki i płaszcze męskie'),(1014,'Pozostała odzież męska',1376,825,'Odzież, obuwie, dodatki|Dla Mężczyzny|Odzież męska|Pozostała odzież męska'),(1015,'Buty męskie',1321,3153,'Odzież, obuwie, dodatki|Dla Mężczyzny|Buty męskie'),(1016,'Bielizna męska',1331,3153,'Odzież, obuwie, dodatki|Dla Mężczyzny|Bielizna męska'),(1017,'Slipy i stringi',636,1331,'Odzież, obuwie, dodatki|Dla Mężczyzny|Bielizna męska|Slipy i stringi'),(1018,'Bokserki i szorty',678,1331,'Odzież, obuwie, dodatki|Dla Mężczyzny|Bielizna męska|Bokserki i szorty'),(1019,'Podkoszulki męskie',703,1331,'Odzież, obuwie, dodatki|Dla Mężczyzny|Bielizna męska|Podkoszulki męskie'),(1020,'Kąpielówki',704,1331,'Odzież, obuwie, dodatki|Dla Mężczyzny|Bielizna męska|Kąpielówki'),(1021,'Skarpety męskie',832,1331,'Odzież, obuwie, dodatki|Dla Mężczyzny|Bielizna męska|Skarpety męskie'),(1022,'Pidżamy męskie',919,1331,'Odzież, obuwie, dodatki|Dla Mężczyzny|Bielizna męska|Pidżamy męskie'),(1023,'Szlafroki męskie',930,1331,'Odzież, obuwie, dodatki|Dla Mężczyzny|Bielizna męska|Szlafroki męskie'),(1024,'Pozostała bielizna męska',1460,1331,'Odzież, obuwie, dodatki|Dla Mężczyzny|Bielizna męska|Pozostała bielizna męska'),(1025,'Kalesony',3106,1331,'Odzież, obuwie, dodatki|Dla Mężczyzny|Bielizna męska|Kalesony'),(1026,'Na okazje',3154,626,'Odzież, obuwie, dodatki|Na okazje'),(1027,'Odzież obuwie i dodatki ślubne',2427,3154,'Odzież, obuwie, dodatki|Na okazje|Odzież obuwie i dodatki ślubne'),(1028,'Męskie dodatki ślubne',2428,2427,'Odzież, obuwie, dodatki|Na okazje|Odzież obuwie i dodatki ślubne|Męskie dodatki ślubne'),(1029,'Damska odzież i dodatki ślubne',2429,2427,'Odzież, obuwie, dodatki|Na okazje|Odzież obuwie i dodatki ślubne|Damska odzież i dodatki ślubne'),(1030,'Pozostałe dodatki ślubne',2436,2427,'Odzież, obuwie, dodatki|Na okazje|Odzież obuwie i dodatki ślubne|Pozostałe dodatki ślubne'),(1031,'Stroje karnawałowe przebrania i dodatki',2480,3154,'Odzież, obuwie, dodatki|Na okazje|Stroje karnawałowe przebrania i dodatki'),(1032,'Stroje karnawałowe i przebrania',2481,2480,'Odzież, obuwie, dodatki|Na okazje|Stroje karnawałowe przebrania i dodatki|Stroje karnawałowe i przebrania'),(1033,'Dodatki do strojów karnawałowych i przebrań',2482,2480,'Odzież, obuwie, dodatki|Na okazje|Stroje karnawałowe przebrania i dodatki|Dodatki do strojów karnawałowych i przebrań'),(1034,'Zniżki',3470,626,'Odzież, obuwie, dodatki|Zniżki'),(1035,'Vouchery',3471,3470,'Odzież, obuwie, dodatki|Zniżki|Vouchery'),(1036,'Karty upominkowe',3472,3470,'Odzież, obuwie, dodatki|Zniżki|Karty upominkowe'),(1037,'Erotyka',643,0,'Erotyka'),(1038,'Drogeria erotyczna',644,643,'Erotyka|Drogeria erotyczna'),(1039,'Feromony',645,644,'Erotyka|Drogeria erotyczna|Feromony'),(1040,'Lubrykanty',647,644,'Erotyka|Drogeria erotyczna|Lubrykanty'),(1041,'Suplementy erotyczne',648,644,'Erotyka|Drogeria erotyczna|Suplementy erotyczne'),(1042,'Biżuteria erotyczna',661,643,'Erotyka|Biżuteria erotyczna'),(1043,'Akcesoria erotyczne',666,643,'Erotyka|Akcesoria erotyczne'),(1044,'Sztuczne pochwy',667,666,'Erotyka|Akcesoria erotyczne|Sztuczne pochwy'),(1045,'Pompki erotyczne',669,666,'Erotyka|Akcesoria erotyczne|Pompki erotyczne'),(1046,'Sztuczne penisy',670,666,'Erotyka|Akcesoria erotyczne|Sztuczne penisy'),(1047,'Wibratory',672,666,'Erotyka|Akcesoria erotyczne|Wibratory'),(1048,'Stymulatory',673,666,'Erotyka|Akcesoria erotyczne|Stymulatory'),(1049,'Lalki miłości',674,666,'Erotyka|Akcesoria erotyczne|Lalki miłości'),(1050,'Kulki stymulujące',677,666,'Erotyka|Akcesoria erotyczne|Kulki stymulujące'),(1051,'Pierścienie i nasadki',680,666,'Erotyka|Akcesoria erotyczne|Pierścienie i nasadki'),(1052,'Huśtawki erotyczne',693,666,'Erotyka|Akcesoria erotyczne|Huśtawki erotyczne'),(1053,'Korki analne',694,666,'Erotyka|Akcesoria erotyczne|Korki analne'),(1054,'Sztuczne usta',697,666,'Erotyka|Akcesoria erotyczne|Sztuczne usta'),(1055,'Zestawy erotyczne',698,666,'Erotyka|Akcesoria erotyczne|Zestawy erotyczne'),(1056,'Akcesoria BDSM',3114,666,'Erotyka|Akcesoria erotyczne|Akcesoria BDSM'),(1057,'Pozostałe akcesoria erotyczne',3118,666,'Erotyka|Akcesoria erotyczne|Pozostałe akcesoria erotyczne'),(1058,'Filmy erotyczne',675,643,'Erotyka|Filmy erotyczne'),(1059,'Gadżety erotyczne',679,643,'Erotyka|Gadżety erotyczne'),(1060,'Gadżety erotyczne na imprezy',3115,679,'Erotyka|Gadżety erotyczne|Gadżety erotyczne na imprezy'),(1061,'Gry i zabawy erotyczne',3116,679,'Erotyka|Gadżety erotyczne|Gry i zabawy erotyczne'),(1062,'Pozostałe gadżety erotyczne',3117,679,'Erotyka|Gadżety erotyczne|Pozostałe gadżety erotyczne'),(1063,'Odzież obuwie i bielizna erotyczna męska',3120,643,'Erotyka|Odzież obuwie i bielizna erotyczna męska'),(1064,'Slipy i stringi erotyczne',691,3120,'Erotyka|Odzież obuwie i bielizna erotyczna męska|Slipy i stringi erotyczne'),(1065,'Odzież i przebrania erotyczne męskie',3121,3120,'Erotyka|Odzież obuwie i bielizna erotyczna męska|Odzież i przebrania erotyczne męskie'),(1066,'Obuwie erotyczne męskie',3122,3120,'Erotyka|Odzież obuwie i bielizna erotyczna męska|Obuwie erotyczne męskie'),(1067,'Odzież obuwie i bielizna erotyczna damska',3123,643,'Erotyka|Odzież obuwie i bielizna erotyczna damska'),(1068,'Bielizna erotyczna damska',649,3123,'Erotyka|Odzież obuwie i bielizna erotyczna damska|Bielizna erotyczna damska'),(1069,'Biustonosze erotyczne',650,649,'Erotyka|Odzież obuwie i bielizna erotyczna damska|Bielizna erotyczna damska|Biustonosze erotyczne'),(1070,'Komplety erotyczne damskie',652,649,'Erotyka|Odzież obuwie i bielizna erotyczna damska|Bielizna erotyczna damska|Komplety erotyczne damskie'),(1071,'Body erotyczne',653,649,'Erotyka|Odzież obuwie i bielizna erotyczna damska|Bielizna erotyczna damska|Body erotyczne'),(1072,'Figi i stringi erotyczne',656,649,'Erotyka|Odzież obuwie i bielizna erotyczna damska|Bielizna erotyczna damska|Figi i stringi erotyczne'),(1073,'Gorsety erotyczne',685,649,'Erotyka|Odzież obuwie i bielizna erotyczna damska|Bielizna erotyczna damska|Gorsety erotyczne'),(1074,'Koszulki i pidżamki erotyczne',687,649,'Erotyka|Odzież obuwie i bielizna erotyczna damska|Bielizna erotyczna damska|Koszulki i pidżamki erotyczne'),(1075,'Pończochy pasy i podwiązki erotyczne',688,649,'Erotyka|Odzież obuwie i bielizna erotyczna damska|Bielizna erotyczna damska|Pończochy pasy i podwiązki erotyczne'),(1076,'Rajstopy erotyczne',690,649,'Erotyka|Odzież obuwie i bielizna erotyczna damska|Bielizna erotyczna damska|Rajstopy erotyczne'),(1077,'Kombinezony erotyczne',709,649,'Erotyka|Odzież obuwie i bielizna erotyczna damska|Bielizna erotyczna damska|Kombinezony erotyczne'),(1078,'Pozostała bielizna erotyczna damska',3113,649,'Erotyka|Odzież obuwie i bielizna erotyczna damska|Bielizna erotyczna damska|Pozostała bielizna erotyczna damska'),(1079,'Obuwie erotyczne damskie',714,3123,'Erotyka|Odzież obuwie i bielizna erotyczna damska|Obuwie erotyczne damskie'),(1080,'Pozostałe obuwie erotyczne',718,714,'Erotyka|Odzież obuwie i bielizna erotyczna damska|Obuwie erotyczne damskie|Pozostałe obuwie erotyczne'),(1081,'Kozaki erotyczne',721,714,'Erotyka|Odzież obuwie i bielizna erotyczna damska|Obuwie erotyczne damskie|Kozaki erotyczne'),(1082,'Sandały i klapki erotyczne',722,714,'Erotyka|Odzież obuwie i bielizna erotyczna damska|Obuwie erotyczne damskie|Sandały i klapki erotyczne'),(1083,'Szpilki i półbuty erotyczne',723,714,'Erotyka|Odzież obuwie i bielizna erotyczna damska|Obuwie erotyczne damskie|Szpilki i półbuty erotyczne'),(1084,'Odzież erotyczna damska',3124,3123,'Erotyka|Odzież obuwie i bielizna erotyczna damska|Odzież erotyczna damska'),(1085,'Sukienki i spódniczki erotyczne',732,3124,'Erotyka|Odzież obuwie i bielizna erotyczna damska|Odzież erotyczna damska|Sukienki i spódniczki erotyczne'),(1086,'Przebrania erotyczne damskie',3119,3124,'Erotyka|Odzież obuwie i bielizna erotyczna damska|Odzież erotyczna damska|Przebrania erotyczne damskie'),(1087,'Pozostała odzież erotyczna damska',3156,3124,'Erotyka|Odzież obuwie i bielizna erotyczna damska|Odzież erotyczna damska|Pozostała odzież erotyczna damska'),(1088,'Dom i wnętrze',743,0,'Dom i wnętrze'),(1089,'Wyposażenie kuchni',745,743,'Dom i wnętrze|Wyposażenie kuchni'),(1090,'Sztućce',950,745,'Dom i wnętrze|Wyposażenie kuchni|Sztućce'),(1091,'Łyżeczki',1778,950,'Dom i wnętrze|Wyposażenie kuchni|Sztućce|Łyżeczki'),(1092,'Łyżki',1779,950,'Dom i wnętrze|Wyposażenie kuchni|Sztućce|Łyżki'),(1093,'Noże kuchenne',1782,950,'Dom i wnętrze|Wyposażenie kuchni|Sztućce|Noże kuchenne'),(1094,'Widelce',1783,950,'Dom i wnętrze|Wyposażenie kuchni|Sztućce|Widelce'),(1095,'Zestawy sztućców',1784,950,'Dom i wnętrze|Wyposażenie kuchni|Sztućce|Zestawy sztućców'),(1096,'Akcesoria do sztućców',1785,950,'Dom i wnętrze|Wyposażenie kuchni|Sztućce|Akcesoria do sztućców'),(1097,'Pozostałe sztućce',1786,950,'Dom i wnętrze|Wyposażenie kuchni|Sztućce|Pozostałe sztućce'),(1098,'Ostrzałki do noży',3162,950,'Dom i wnętrze|Wyposażenie kuchni|Sztućce|Ostrzałki do noży'),(1099,'Naczynia kuchenne',1214,745,'Dom i wnętrze|Wyposażenie kuchni|Naczynia kuchenne'),(1100,'Salaterki',814,1214,'Dom i wnętrze|Wyposażenie kuchni|Naczynia kuchenne|Salaterki'),(1101,'Talerze',815,1214,'Dom i wnętrze|Wyposażenie kuchni|Naczynia kuchenne|Talerze'),(1102,'Pozostałe naczynia kuchenne',820,1214,'Dom i wnętrze|Wyposażenie kuchni|Naczynia kuchenne|Pozostałe naczynia kuchenne'),(1103,'Serwisy obiadowe',948,1214,'Dom i wnętrze|Wyposażenie kuchni|Naczynia kuchenne|Serwisy obiadowe'),(1104,'Szklanki',953,1214,'Dom i wnętrze|Wyposażenie kuchni|Naczynia kuchenne|Szklanki'),(1105,'Kieliszki',1215,1214,'Dom i wnętrze|Wyposażenie kuchni|Naczynia kuchenne|Kieliszki'),(1106,'Karafki',1217,1214,'Dom i wnętrze|Wyposażenie kuchni|Naczynia kuchenne|Karafki'),(1107,'Miski',1221,1214,'Dom i wnętrze|Wyposażenie kuchni|Naczynia kuchenne|Miski'),(1108,'Półmiski',1222,1214,'Dom i wnętrze|Wyposażenie kuchni|Naczynia kuchenne|Półmiski'),(1109,'Kubki',1249,1214,'Dom i wnętrze|Wyposażenie kuchni|Naczynia kuchenne|Kubki'),(1110,'Naczynia do kawy i herbaty',1787,1214,'Dom i wnętrze|Wyposażenie kuchni|Naczynia kuchenne|Naczynia do kawy i herbaty'),(1111,'Dzbanki',1790,1214,'Dom i wnętrze|Wyposażenie kuchni|Naczynia kuchenne|Dzbanki'),(1112,'Bulionówki',3374,1214,'Dom i wnętrze|Wyposażenie kuchni|Naczynia kuchenne|Bulionówki'),(1113,'Sosjerki',3375,1214,'Dom i wnętrze|Wyposażenie kuchni|Naczynia kuchenne|Sosjerki'),(1114,'Wazy',3376,1214,'Dom i wnętrze|Wyposażenie kuchni|Naczynia kuchenne|Wazy'),(1115,'Przybory do gotowania i pieczenia',1751,745,'Dom i wnętrze|Wyposażenie kuchni|Przybory do gotowania i pieczenia'),(1116,'Podstawki pod garnki',1247,1751,'Dom i wnętrze|Wyposażenie kuchni|Przybory do gotowania i pieczenia|Podstawki pod garnki'),(1117,'Formy do pieczenia',1254,1751,'Dom i wnętrze|Wyposażenie kuchni|Przybory do gotowania i pieczenia|Formy do pieczenia'),(1118,'Pozostałe przybory do gotowania i pieczenia',1752,1751,'Dom i wnętrze|Wyposażenie kuchni|Przybory do gotowania i pieczenia|Pozostałe przybory do gotowania i pieczenia'),(1119,'Naczynia żaroodporne',1768,1751,'Dom i wnętrze|Wyposażenie kuchni|Przybory do gotowania i pieczenia|Naczynia żaroodporne'),(1120,'Chochle i łyżki',3330,1751,'Dom i wnętrze|Wyposażenie kuchni|Przybory do gotowania i pieczenia|Chochle i łyżki'),(1121,'Łopatki',3331,1751,'Dom i wnętrze|Wyposażenie kuchni|Przybory do gotowania i pieczenia|Łopatki'),(1122,'Szczypce',3332,1751,'Dom i wnętrze|Wyposażenie kuchni|Przybory do gotowania i pieczenia|Szczypce'),(1123,'Tłuczki',3333,1751,'Dom i wnętrze|Wyposażenie kuchni|Przybory do gotowania i pieczenia|Tłuczki'),(1124,'Trzepaczki',3334,1751,'Dom i wnętrze|Wyposażenie kuchni|Przybory do gotowania i pieczenia|Trzepaczki'),(1125,'Foremki do czekoladek',3373,1751,'Dom i wnętrze|Wyposażenie kuchni|Przybory do gotowania i pieczenia|Foremki do czekoladek'),(1126,'Akcesoria kuchenne',1753,745,'Dom i wnętrze|Wyposażenie kuchni|Akcesoria kuchenne'),(1127,'Deski kuchenne',817,1753,'Dom i wnętrze|Wyposażenie kuchni|Akcesoria kuchenne|Deski kuchenne'),(1128,'Pozostałe akcesoria kuchenne',844,1753,'Dom i wnętrze|Wyposażenie kuchni|Akcesoria kuchenne|Pozostałe akcesoria kuchenne'),(1129,'Tace i patery',1213,1753,'Dom i wnętrze|Wyposażenie kuchni|Akcesoria kuchenne|Tace i patery'),(1130,'Młynki do przypraw',1220,1753,'Dom i wnętrze|Wyposażenie kuchni|Akcesoria kuchenne|Młynki do przypraw'),(1131,'Cedzaki i sitka',3317,1753,'Dom i wnętrze|Wyposażenie kuchni|Akcesoria kuchenne|Cedzaki i sitka'),(1132,'Chlebaki',3318,1753,'Dom i wnętrze|Wyposażenie kuchni|Akcesoria kuchenne|Chlebaki'),(1133,'Słoiki i pojemniki na żywność',3319,1753,'Dom i wnętrze|Wyposażenie kuchni|Akcesoria kuchenne|Słoiki i pojemniki na żywność'),(1134,'Solniczki pieprzniczki i przyprawniki',3320,1753,'Dom i wnętrze|Wyposażenie kuchni|Akcesoria kuchenne|Solniczki pieprzniczki i przyprawniki'),(1135,'Pojemniki hermetyczne',3321,1753,'Dom i wnętrze|Wyposażenie kuchni|Akcesoria kuchenne|Pojemniki hermetyczne'),(1136,'Dozowniki do octu i oliwy',3322,1753,'Dom i wnętrze|Wyposażenie kuchni|Akcesoria kuchenne|Dozowniki do octu i oliwy'),(1137,'Suszarki i ociekacze',3323,1753,'Dom i wnętrze|Wyposażenie kuchni|Akcesoria kuchenne|Suszarki i ociekacze'),(1138,'Obieraczki',3324,1753,'Dom i wnętrze|Wyposażenie kuchni|Akcesoria kuchenne|Obieraczki'),(1139,'Maselniczki',3325,1753,'Dom i wnętrze|Wyposażenie kuchni|Akcesoria kuchenne|Maselniczki'),(1140,'Minutniki',3326,1753,'Dom i wnętrze|Wyposażenie kuchni|Akcesoria kuchenne|Minutniki'),(1141,'Dziadki do orzechów',3327,1753,'Dom i wnętrze|Wyposażenie kuchni|Akcesoria kuchenne|Dziadki do orzechów'),(1142,'Siekacze tarki i szatkownice',3328,1753,'Dom i wnętrze|Wyposażenie kuchni|Akcesoria kuchenne|Siekacze tarki i szatkownice'),(1143,'Zestawy do sushi',3329,1753,'Dom i wnętrze|Wyposażenie kuchni|Akcesoria kuchenne|Zestawy do sushi'),(1144,'Akcesoria do alkoholu',1776,745,'Dom i wnętrze|Wyposażenie kuchni|Akcesoria do alkoholu'),(1145,'Stojaki na alkohol',1228,1776,'Dom i wnętrze|Wyposażenie kuchni|Akcesoria do alkoholu|Stojaki na alkohol'),(1146,'Shakery',1245,1776,'Dom i wnętrze|Wyposażenie kuchni|Akcesoria do alkoholu|Shakery'),(1147,'Pozostałe akcesoria do alkoholu',1248,1776,'Dom i wnętrze|Wyposażenie kuchni|Akcesoria do alkoholu|Pozostałe akcesoria do alkoholu'),(1148,'Korkociągi i otwieracze',1777,1776,'Dom i wnętrze|Wyposażenie kuchni|Akcesoria do alkoholu|Korkociągi i otwieracze'),(1149,'Zestawy do wina',3160,1776,'Dom i wnętrze|Wyposażenie kuchni|Akcesoria do alkoholu|Zestawy do wina'),(1150,'Chłodzenie alkoholu',3380,1776,'Dom i wnętrze|Wyposażenie kuchni|Akcesoria do alkoholu|Chłodzenie alkoholu'),(1151,'Skrzynki na alkohol',3381,1776,'Dom i wnętrze|Wyposażenie kuchni|Akcesoria do alkoholu|Skrzynki na alkohol'),(1152,'Zatyczki i nalewaki do butelek',3382,1776,'Dom i wnętrze|Wyposażenie kuchni|Akcesoria do alkoholu|Zatyczki i nalewaki do butelek'),(1153,'Piersiówki',3414,1776,'Dom i wnętrze|Wyposażenie kuchni|Akcesoria do alkoholu|Piersiówki'),(1154,'Dekoracja stołu',3159,745,'Dom i wnętrze|Wyposażenie kuchni|Dekoracja stołu'),(1155,'Garnki i patelnie',3335,745,'Dom i wnętrze|Wyposażenie kuchni|Garnki i patelnie'),(1156,'Garnki',566,3335,'Dom i wnętrze|Wyposażenie kuchni|Garnki i patelnie|Garnki'),(1157,'Szybkowary',1580,3335,'Dom i wnętrze|Wyposażenie kuchni|Garnki i patelnie|Szybkowary'),(1158,'Czajniki',1581,3335,'Dom i wnętrze|Wyposażenie kuchni|Garnki i patelnie|Czajniki'),(1159,'Patelnie',1767,3335,'Dom i wnętrze|Wyposażenie kuchni|Garnki i patelnie|Patelnie'),(1160,'Pokrywki',1769,3335,'Dom i wnętrze|Wyposażenie kuchni|Garnki i patelnie|Pokrywki'),(1161,'Rondle',1770,3335,'Dom i wnętrze|Wyposażenie kuchni|Garnki i patelnie|Rondle'),(1162,'Brytfanny',1771,3335,'Dom i wnętrze|Wyposażenie kuchni|Garnki i patelnie|Brytfanny'),(1163,'Fondue i raclette',1772,3335,'Dom i wnętrze|Wyposażenie kuchni|Garnki i patelnie|Fondue i raclette'),(1164,'Zestawy garnków i patelni',1773,3335,'Dom i wnętrze|Wyposażenie kuchni|Garnki i patelnie|Zestawy garnków i patelni'),(1165,'Woki',1774,3335,'Dom i wnętrze|Wyposażenie kuchni|Garnki i patelnie|Woki'),(1166,'Narzędzia i warsztat',758,743,'Dom i wnętrze|Narzędzia i warsztat'),(1167,'Narzędzia ręczne',1253,758,'Dom i wnętrze|Narzędzia i warsztat|Narzędzia ręczne'),(1168,'Klucze i nasadki',1208,1253,'Dom i wnętrze|Narzędzia i warsztat|Narzędzia ręczne|Klucze i nasadki'),(1169,'Młotki',1502,1253,'Dom i wnętrze|Narzędzia i warsztat|Narzędzia ręczne|Młotki'),(1170,'Szczypce kombinerki i cęgi',1504,1253,'Dom i wnętrze|Narzędzia i warsztat|Narzędzia ręczne|Szczypce kombinerki i cęgi'),(1171,'Śrubokręty',1506,1253,'Dom i wnętrze|Narzędzia i warsztat|Narzędzia ręczne|Śrubokręty'),(1172,'Narzędzia murarskie',1507,1253,'Dom i wnętrze|Narzędzia i warsztat|Narzędzia ręczne|Narzędzia murarskie'),(1173,'Pilniki i dłuta',1508,1253,'Dom i wnętrze|Narzędzia i warsztat|Narzędzia ręczne|Pilniki i dłuta'),(1174,'Pozostałe narzędzia ręczne',1509,1253,'Dom i wnętrze|Narzędzia i warsztat|Narzędzia ręczne|Pozostałe narzędzia ręczne'),(1175,'Imadła',1840,1253,'Dom i wnętrze|Narzędzia i warsztat|Narzędzia ręczne|Imadła'),(1176,'Maszyny do cięcia i gilotyny',1841,1253,'Dom i wnętrze|Narzędzia i warsztat|Narzędzia ręczne|Maszyny do cięcia i gilotyny'),(1177,'Piły ręczne i brzeszczoty',1842,1253,'Dom i wnętrze|Narzędzia i warsztat|Narzędzia ręczne|Piły ręczne i brzeszczoty'),(1178,'Noże i nożyce ręczne',1843,1253,'Dom i wnętrze|Narzędzia i warsztat|Narzędzia ręczne|Noże i nożyce ręczne'),(1179,'Ściski i klamry',1844,1253,'Dom i wnętrze|Narzędzia i warsztat|Narzędzia ręczne|Ściski i klamry'),(1180,'Urządzenia dźwigowe',1845,1253,'Dom i wnętrze|Narzędzia i warsztat|Narzędzia ręczne|Urządzenia dźwigowe'),(1181,'Zszywacze i takery ręczne',1846,1253,'Dom i wnętrze|Narzędzia i warsztat|Narzędzia ręczne|Zszywacze i takery ręczne'),(1182,'Akcesoria do narzędzi ręcznych',2753,1253,'Dom i wnętrze|Narzędzia i warsztat|Narzędzia ręczne|Akcesoria do narzędzi ręcznych'),(1183,'Zestawy narzędziowe',3205,1253,'Dom i wnętrze|Narzędzia i warsztat|Narzędzia ręczne|Zestawy narzędziowe'),(1184,'Meble i wyposażenie warsztatu',1481,758,'Dom i wnętrze|Narzędzia i warsztat|Meble i wyposażenie warsztatu'),(1185,'Stoły warsztatowe',1195,1481,'Dom i wnętrze|Narzędzia i warsztat|Meble i wyposażenie warsztatu|Stoły warsztatowe'),(1186,'Regały i szafki warsztatowe',1482,1481,'Dom i wnętrze|Narzędzia i warsztat|Meble i wyposażenie warsztatu|Regały i szafki warsztatowe'),(1187,'Wózki narzędziowe',1483,1481,'Dom i wnętrze|Narzędzia i warsztat|Meble i wyposażenie warsztatu|Wózki narzędziowe'),(1188,'Skrzynki i torby narzędziowe',1489,1481,'Dom i wnętrze|Narzędzia i warsztat|Meble i wyposażenie warsztatu|Skrzynki i torby narzędziowe'),(1189,'Pozostałe wyposażenie warsztatowe',1876,1481,'Dom i wnętrze|Narzędzia i warsztat|Meble i wyposażenie warsztatu|Pozostałe wyposażenie warsztatowe'),(1190,'Lampy warsztatowe',3203,1481,'Dom i wnętrze|Narzędzia i warsztat|Meble i wyposażenie warsztatu|Lampy warsztatowe'),(1191,'Elektronarzędzia',1503,758,'Dom i wnętrze|Narzędzia i warsztat|Elektronarzędzia'),(1192,'Szlifierki i polerki',759,1503,'Dom i wnętrze|Narzędzia i warsztat|Elektronarzędzia|Szlifierki i polerki'),(1193,'Wiertarki',760,1503,'Dom i wnętrze|Narzędzia i warsztat|Elektronarzędzia|Wiertarki'),(1194,'Wkrętarki',761,1503,'Dom i wnętrze|Narzędzia i warsztat|Elektronarzędzia|Wkrętarki'),(1195,'Wyrzynarki',762,1503,'Dom i wnętrze|Narzędzia i warsztat|Elektronarzędzia|Wyrzynarki'),(1196,'Frezarki i strugi',1103,1503,'Dom i wnętrze|Narzędzia i warsztat|Elektronarzędzia|Frezarki i strugi'),(1197,'Opalarki',1107,1503,'Dom i wnętrze|Narzędzia i warsztat|Elektronarzędzia|Opalarki'),(1198,'Pistolety do klejenia',1108,1503,'Dom i wnętrze|Narzędzia i warsztat|Elektronarzędzia|Pistolety do klejenia'),(1199,'Młoty udarowe',1139,1503,'Dom i wnętrze|Narzędzia i warsztat|Elektronarzędzia|Młoty udarowe'),(1200,'Zakrętarki',1154,1503,'Dom i wnętrze|Narzędzia i warsztat|Elektronarzędzia|Zakrętarki'),(1201,'Bruzdownice',1155,1503,'Dom i wnętrze|Narzędzia i warsztat|Elektronarzędzia|Bruzdownice'),(1202,'Nożyce do blachy i rozdzieraki',1194,1503,'Dom i wnętrze|Narzędzia i warsztat|Elektronarzędzia|Nożyce do blachy i rozdzieraki'),(1203,'Mieszadła',1203,1503,'Dom i wnętrze|Narzędzia i warsztat|Elektronarzędzia|Mieszadła'),(1204,'Pozostałe elektronarzędzia',1209,1503,'Dom i wnętrze|Narzędzia i warsztat|Elektronarzędzia|Pozostałe elektronarzędzia'),(1205,'Tokarki',1264,1503,'Dom i wnętrze|Narzędzia i warsztat|Elektronarzędzia|Tokarki'),(1206,'Akcesoria do elektronarzędzi',1820,1503,'Dom i wnętrze|Narzędzia i warsztat|Elektronarzędzia|Akcesoria do elektronarzędzi'),(1207,'Wiertarko-wkrętarki',2847,1503,'Dom i wnętrze|Narzędzia i warsztat|Elektronarzędzia|Wiertarko-wkrętarki'),(1208,'Narzędzia pomiarowe',1839,758,'Dom i wnętrze|Narzędzia i warsztat|Narzędzia pomiarowe'),(1209,'Pozostałe narzędzia pomiarowe',1206,1839,'Dom i wnętrze|Narzędzia i warsztat|Narzędzia pomiarowe|Pozostałe narzędzia pomiarowe'),(1210,'Poziomice',1505,1839,'Dom i wnętrze|Narzędzia i warsztat|Narzędzia pomiarowe|Poziomice'),(1211,'Akcesoria do narzędzi pomiarowych',1836,1839,'Dom i wnętrze|Narzędzia i warsztat|Narzędzia pomiarowe|Akcesoria do narzędzi pomiarowych'),(1212,'Niwelatory',1837,1839,'Dom i wnętrze|Narzędzia i warsztat|Narzędzia pomiarowe|Niwelatory'),(1213,'Taśmy miernicze',1838,1839,'Dom i wnętrze|Narzędzia i warsztat|Narzędzia pomiarowe|Taśmy miernicze'),(1214,'Wykrywacze',2848,1839,'Dom i wnętrze|Narzędzia i warsztat|Narzędzia pomiarowe|Wykrywacze'),(1215,'Dalmierze i drogomierze',2849,1839,'Dom i wnętrze|Narzędzia i warsztat|Narzędzia pomiarowe|Dalmierze i drogomierze'),(1216,'Tachimetry',2850,1839,'Dom i wnętrze|Narzędzia i warsztat|Narzędzia pomiarowe|Tachimetry'),(1217,'Kątowniki i kątomierze',2851,1839,'Dom i wnętrze|Narzędzia i warsztat|Narzędzia pomiarowe|Kątowniki i kątomierze'),(1218,'Wagi',2855,1839,'Dom i wnętrze|Narzędzia i warsztat|Narzędzia pomiarowe|Wagi'),(1219,'Mierniki uniwersalne',3261,1839,'Dom i wnętrze|Narzędzia i warsztat|Narzędzia pomiarowe|Mierniki uniwersalne'),(1220,'Mikrometry',3262,1839,'Dom i wnętrze|Narzędzia i warsztat|Narzędzia pomiarowe|Mikrometry'),(1221,'Oleje smary i akcesoria',1847,758,'Dom i wnętrze|Narzędzia i warsztat|Oleje smary i akcesoria'),(1222,'Narzędzia pneumatyczne i akcesoria',1851,758,'Dom i wnętrze|Narzędzia i warsztat|Narzędzia pneumatyczne i akcesoria'),(1223,'Pistolety do malowania',1192,1851,'Dom i wnętrze|Narzędzia i warsztat|Narzędzia pneumatyczne i akcesoria|Pistolety do malowania'),(1224,'Sprężarki i kompresory',1205,1851,'Dom i wnętrze|Narzędzia i warsztat|Narzędzia pneumatyczne i akcesoria|Sprężarki i kompresory'),(1225,'Pozostałe narzędzia pneumatyczne',1852,1851,'Dom i wnętrze|Narzędzia i warsztat|Narzędzia pneumatyczne i akcesoria|Pozostałe narzędzia pneumatyczne'),(1226,'Akcesoria do narzędzi pneumatycznych',1853,1851,'Dom i wnętrze|Narzędzia i warsztat|Narzędzia pneumatyczne i akcesoria|Akcesoria do narzędzi pneumatycznych'),(1227,'Klucze pneumatyczne',3204,1851,'Dom i wnętrze|Narzędzia i warsztat|Narzędzia pneumatyczne i akcesoria|Klucze pneumatyczne'),(1228,'Narzędzia spalinowe i akcesoria',1854,758,'Dom i wnętrze|Narzędzia i warsztat|Narzędzia spalinowe i akcesoria'),(1229,'Generatory prądu',1156,1854,'Dom i wnętrze|Narzędzia i warsztat|Narzędzia spalinowe i akcesoria|Generatory prądu'),(1230,'Zagęszczarki i stopy',1855,1854,'Dom i wnętrze|Narzędzia i warsztat|Narzędzia spalinowe i akcesoria|Zagęszczarki i stopy'),(1231,'Akcesoria do narzędzi spalinowych',1856,1854,'Dom i wnętrze|Narzędzia i warsztat|Narzędzia spalinowe i akcesoria|Akcesoria do narzędzi spalinowych'),(1232,'Pozostałe narzędzia spalinowe',1857,1854,'Dom i wnętrze|Narzędzia i warsztat|Narzędzia spalinowe i akcesoria|Pozostałe narzędzia spalinowe'),(1233,'Pozostałe narzędzia warsztatowe',1859,758,'Dom i wnętrze|Narzędzia i warsztat|Pozostałe narzędzia warsztatowe'),(1234,'Spawanie i lutowanie',1863,758,'Dom i wnętrze|Narzędzia i warsztat|Spawanie i lutowanie'),(1235,'Lutownice',1207,1863,'Dom i wnętrze|Narzędzia i warsztat|Spawanie i lutowanie|Lutownice'),(1236,'Spawarki',1444,1863,'Dom i wnętrze|Narzędzia i warsztat|Spawanie i lutowanie|Spawarki'),(1237,'Akcesoria do spawarek i lutownic',1864,1863,'Dom i wnętrze|Narzędzia i warsztat|Spawanie i lutowanie|Akcesoria do spawarek i lutownic'),(1238,'Przecinarki plazmowe',2852,1863,'Dom i wnętrze|Narzędzia i warsztat|Spawanie i lutowanie|Przecinarki plazmowe'),(1239,'Półautomaty spawalnicze',2853,1863,'Dom i wnętrze|Narzędzia i warsztat|Spawanie i lutowanie|Półautomaty spawalnicze'),(1240,'Zgrzewarki',2854,1863,'Dom i wnętrze|Narzędzia i warsztat|Spawanie i lutowanie|Zgrzewarki'),(1241,'Piły pilarki i akcesoria',1865,758,'Dom i wnętrze|Narzędzia i warsztat|Piły pilarki i akcesoria'),(1242,'Piły i pilarki',1114,1865,'Dom i wnętrze|Narzędzia i warsztat|Piły pilarki i akcesoria|Piły i pilarki'),(1243,'Akcesoria do pił i pilarek',1866,1865,'Dom i wnętrze|Narzędzia i warsztat|Piły pilarki i akcesoria|Akcesoria do pił i pilarek'),(1244,'Wyposażenie wnętrz',764,743,'Dom i wnętrze|Wyposażenie wnętrz'),(1245,'Akcesoria łazienkowe',788,764,'Dom i wnętrze|Wyposażenie wnętrz|Akcesoria łazienkowe'),(1246,'Wieszaki i uchwyty łazienkowe',1829,788,'Dom i wnętrze|Wyposażenie wnętrz|Akcesoria łazienkowe|Wieszaki i uchwyty łazienkowe'),(1247,'Mydelniczki i półki prysznicowe',1830,788,'Dom i wnętrze|Wyposażenie wnętrz|Akcesoria łazienkowe|Mydelniczki i półki prysznicowe'),(1248,'Maty i dywaniki łazienkowe',1833,788,'Dom i wnętrze|Wyposażenie wnętrz|Akcesoria łazienkowe|Maty i dywaniki łazienkowe'),(1249,'Pozostałe akcesoria łazienkowe',1834,788,'Dom i wnętrze|Wyposażenie wnętrz|Akcesoria łazienkowe|Pozostałe akcesoria łazienkowe'),(1250,'Uchwyty i stojaki na papier toaletowy',3301,788,'Dom i wnętrze|Wyposażenie wnętrz|Akcesoria łazienkowe|Uchwyty i stojaki na papier toaletowy'),(1251,'Szczotki do toalet',3302,788,'Dom i wnętrze|Wyposażenie wnętrz|Akcesoria łazienkowe|Szczotki do toalet'),(1252,'Kubki i szklanki łazienkowe',3303,788,'Dom i wnętrze|Wyposażenie wnętrz|Akcesoria łazienkowe|Kubki i szklanki łazienkowe'),(1253,'Koszyki łazienkowe',3304,788,'Dom i wnętrze|Wyposażenie wnętrz|Akcesoria łazienkowe|Koszyki łazienkowe'),(1254,'Pojemniki na waciki i chusteczki',3305,788,'Dom i wnętrze|Wyposażenie wnętrz|Akcesoria łazienkowe|Pojemniki na waciki i chusteczki'),(1255,'Zasłony prysznicowe',3306,788,'Dom i wnętrze|Wyposażenie wnętrz|Akcesoria łazienkowe|Zasłony prysznicowe'),(1256,'Kosze i pojemniki na pranie',3307,788,'Dom i wnętrze|Wyposażenie wnętrz|Akcesoria łazienkowe|Kosze i pojemniki na pranie'),(1257,'Dozowniki do mydła',3308,788,'Dom i wnętrze|Wyposażenie wnętrz|Akcesoria łazienkowe|Dozowniki do mydła'),(1258,'Dekoracja domu',845,764,'Dom i wnętrze|Wyposażenie wnętrz|Dekoracja domu'),(1259,'Ceramika i szkło ozdobne',846,845,'Dom i wnętrze|Wyposażenie wnętrz|Dekoracja domu|Ceramika i szkło ozdobne'),(1260,'Wazony',1252,845,'Dom i wnętrze|Wyposażenie wnętrz|Dekoracja domu|Wazony'),(1261,'Szkatułki i puzderka',1792,845,'Dom i wnętrze|Wyposażenie wnętrz|Dekoracja domu|Szkatułki i puzderka'),(1262,'Figurki dekoracyjne',1793,845,'Dom i wnętrze|Wyposażenie wnętrz|Dekoracja domu|Figurki dekoracyjne'),(1263,'Ozdoby świąteczne',1794,845,'Dom i wnętrze|Wyposażenie wnętrz|Dekoracja domu|Ozdoby świąteczne'),(1264,'Obrazy i plakaty',1795,845,'Dom i wnętrze|Wyposażenie wnętrz|Dekoracja domu|Obrazy i plakaty'),(1265,'Pozostałe dekoracje i ozdoby',1796,845,'Dom i wnętrze|Wyposażenie wnętrz|Dekoracja domu|Pozostałe dekoracje i ozdoby'),(1266,'Sztuczne kwiaty',2619,845,'Dom i wnętrze|Wyposażenie wnętrz|Dekoracja domu|Sztuczne kwiaty'),(1267,'Zegary',847,764,'Dom i wnętrze|Wyposażenie wnętrz|Zegary'),(1268,'Pudła pojemniki i kosze',848,764,'Dom i wnętrze|Wyposażenie wnętrz|Pudła pojemniki i kosze'),(1269,'Lustra',910,764,'Dom i wnętrze|Wyposażenie wnętrz|Lustra'),(1270,'Gazetniki',1797,764,'Dom i wnętrze|Wyposażenie wnętrz|Gazetniki'),(1271,'Świece i aromaterapia',1798,764,'Dom i wnętrze|Wyposażenie wnętrz|Świece i aromaterapia'),(1272,'Zapachy i olejki',1080,1798,'Dom i wnętrze|Wyposażenie wnętrz|Świece i aromaterapia|Zapachy i olejki'),(1273,'Świeczki i świeczniki',1226,1798,'Dom i wnętrze|Wyposażenie wnętrz|Świece i aromaterapia|Świeczki i świeczniki'),(1274,'Kadzidła i podstawki',1799,1798,'Dom i wnętrze|Wyposażenie wnętrz|Świece i aromaterapia|Kadzidła i podstawki'),(1275,'Wystrój okien',1804,764,'Dom i wnętrze|Wyposażenie wnętrz|Wystrój okien'),(1276,'Firany i zasłony',1096,1804,'Dom i wnętrze|Wyposażenie wnętrz|Wystrój okien|Firany i zasłony'),(1277,'Rolety żaluzje i markizy',1251,1804,'Dom i wnętrze|Wyposażenie wnętrz|Wystrój okien|Rolety żaluzje i markizy'),(1278,'Karnisze',1805,1804,'Dom i wnętrze|Wyposażenie wnętrz|Wystrój okien|Karnisze'),(1279,'Akcesoria do wystroju okien',2857,1804,'Dom i wnętrze|Wyposażenie wnętrz|Wystrój okien|Akcesoria do wystroju okien'),(1280,'Tekstylia do domu',1806,764,'Dom i wnętrze|Wyposażenie wnętrz|Tekstylia do domu'),(1281,'Ręczniki',947,1806,'Dom i wnętrze|Wyposażenie wnętrz|Tekstylia do domu|Ręczniki'),(1282,'Pościel',954,1806,'Dom i wnętrze|Wyposażenie wnętrz|Tekstylia do domu|Pościel'),(1283,'Dywany i wykładziny dywanowe',955,1806,'Dom i wnętrze|Wyposażenie wnętrz|Tekstylia do domu|Dywany i wykładziny dywanowe'),(1284,'Obrusy serwetki i bieżniki',1097,1806,'Dom i wnętrze|Wyposażenie wnętrz|Tekstylia do domu|Obrusy serwetki i bieżniki'),(1285,'Kołdry i poduszki',1807,1806,'Dom i wnętrze|Wyposażenie wnętrz|Tekstylia do domu|Kołdry i poduszki'),(1286,'Koce i narzuty',1808,1806,'Dom i wnętrze|Wyposażenie wnętrz|Tekstylia do domu|Koce i narzuty'),(1287,'Pozostałe tekstylia do domu',1809,1806,'Dom i wnętrze|Wyposażenie wnętrz|Tekstylia do domu|Pozostałe tekstylia do domu'),(1288,'Pokrowce na meble',3166,1806,'Dom i wnętrze|Wyposażenie wnętrz|Tekstylia do domu|Pokrowce na meble'),(1289,'Ochraniacze na materac',3167,1806,'Dom i wnętrze|Wyposażenie wnętrz|Tekstylia do domu|Ochraniacze na materac'),(1290,'Ściereczki kuchenne',3309,1806,'Dom i wnętrze|Wyposażenie wnętrz|Tekstylia do domu|Ściereczki kuchenne'),(1291,'Fartuchy i rękawice kuchenne',3310,1806,'Dom i wnętrze|Wyposażenie wnętrz|Tekstylia do domu|Fartuchy i rękawice kuchenne'),(1292,'Pozostałe artykuły wyposażenia wnętrz',2094,764,'Dom i wnętrze|Wyposażenie wnętrz|Pozostałe artykuły wyposażenia wnętrz'),(1293,'Przed domem i mieszkaniem',2860,764,'Dom i wnętrze|Wyposażenie wnętrz|Przed domem i mieszkaniem'),(1294,'Wycieraczki',2861,2860,'Dom i wnętrze|Wyposażenie wnętrz|Przed domem i mieszkaniem|Wycieraczki'),(1295,'Numery i szyldy na dom',2862,2860,'Dom i wnętrze|Wyposażenie wnętrz|Przed domem i mieszkaniem|Numery i szyldy na dom'),(1296,'Skrzynki na listy i gazety',2863,2860,'Dom i wnętrze|Wyposażenie wnętrz|Przed domem i mieszkaniem|Skrzynki na listy i gazety'),(1297,'Daszki i zadaszenia',3165,2860,'Dom i wnętrze|Wyposażenie wnętrz|Przed domem i mieszkaniem|Daszki i zadaszenia'),(1298,'Naklejki i szablony',2884,764,'Dom i wnętrze|Wyposażenie wnętrz|Naklejki i szablony'),(1299,'Globusy',2885,764,'Dom i wnętrze|Wyposażenie wnętrz|Globusy'),(1300,'Parawany i przesłony',2886,764,'Dom i wnętrze|Wyposażenie wnętrz|Parawany i przesłony'),(1301,'Ogrodnictwo',904,743,'Dom i wnętrze|Ogrodnictwo'),(1302,'Oświetlenie',906,743,'Dom i wnętrze|Oświetlenie'),(1303,'Pozostałe oświetlenie',908,906,'Dom i wnętrze|Oświetlenie|Pozostałe oświetlenie'),(1304,'Wentylatory sufitowe',1745,906,'Dom i wnętrze|Oświetlenie|Wentylatory sufitowe'),(1305,'Akcesoria do oświetlenia',1848,906,'Dom i wnętrze|Oświetlenie|Akcesoria do oświetlenia'),(1306,'Żarówki i świetlówki',907,1848,'Dom i wnętrze|Oświetlenie|Akcesoria do oświetlenia|Żarówki i świetlówki'),(1307,'Klosze i abażury',1849,1848,'Dom i wnętrze|Oświetlenie|Akcesoria do oświetlenia|Klosze i abażury'),(1308,'Pozostałe akcesoria do oświetlenia',1850,1848,'Dom i wnętrze|Oświetlenie|Akcesoria do oświetlenia|Pozostałe akcesoria do oświetlenia'),(1309,'Transformatory i zasilacze do oświetlenia',3163,1848,'Dom i wnętrze|Oświetlenie|Akcesoria do oświetlenia|Transformatory i zasilacze do oświetlenia'),(1310,'Lampy podłogowe',1870,906,'Dom i wnętrze|Oświetlenie|Lampy podłogowe'),(1311,'Lampy stołowe',1871,906,'Dom i wnętrze|Oświetlenie|Lampy stołowe'),(1312,'Lampy ścienne',1872,906,'Dom i wnętrze|Oświetlenie|Lampy ścienne'),(1313,'Lampy sufitowe',1873,906,'Dom i wnętrze|Oświetlenie|Lampy sufitowe'),(1314,'Oprawy oświetleniowe',1874,906,'Dom i wnętrze|Oświetlenie|Oprawy oświetleniowe'),(1315,'Systemy oświetleniowe',1875,906,'Dom i wnętrze|Oświetlenie|Systemy oświetleniowe'),(1316,'Oświetlenie meblowe i taśmy LED',3164,906,'Dom i wnętrze|Oświetlenie|Oświetlenie meblowe i taśmy LED'),(1317,'Sprzątanie domu',1071,743,'Dom i wnętrze|Sprzątanie domu'),(1318,'Selektory odpadków',791,1071,'Dom i wnętrze|Sprzątanie domu|Selektory odpadków'),(1319,'Pozostałe urządzenia czyszczące',877,1071,'Dom i wnętrze|Sprzątanie domu|Pozostałe urządzenia czyszczące'),(1320,'Deski do prasowania',878,1071,'Dom i wnętrze|Sprzątanie domu|Deski do prasowania'),(1321,'Sprzątanie ręczne',1073,1071,'Dom i wnętrze|Sprzątanie domu|Sprzątanie ręczne'),(1322,'Suszarki na pranie',1078,1071,'Dom i wnętrze|Sprzątanie domu|Suszarki na pranie'),(1323,'Kosze na śmieci',1255,1071,'Dom i wnętrze|Sprzątanie domu|Kosze na śmieci'),(1324,'Chemia gospodarcza',1468,1071,'Dom i wnętrze|Sprzątanie domu|Chemia gospodarcza'),(1325,'Worki i opakowania próżniowe',3157,1071,'Dom i wnętrze|Sprzątanie domu|Worki i opakowania próżniowe'),(1326,'Pochłaniacze wilgoci i wkłady',3158,1071,'Dom i wnętrze|Sprzątanie domu|Pochłaniacze wilgoci i wkłady'),(1327,'Meble',1389,743,'Dom i wnętrze|Meble'),(1328,'Łazienka',1397,1389,'Dom i wnętrze|Meble|Łazienka'),(1329,'Półki łazienkowe',1404,1397,'Dom i wnętrze|Meble|Łazienka|Półki łazienkowe'),(1330,'Szafki i regały podumywalkowe',1406,1397,'Dom i wnętrze|Meble|Łazienka|Szafki i regały podumywalkowe'),(1331,'Szafki stojące',1407,1397,'Dom i wnętrze|Meble|Łazienka|Szafki stojące'),(1332,'Szafki wiszące',1408,1397,'Dom i wnętrze|Meble|Łazienka|Szafki wiszące'),(1333,'Szafki z umywalkami',1409,1397,'Dom i wnętrze|Meble|Łazienka|Szafki z umywalkami'),(1334,'Pozostałe meble łazienkowe',1410,1397,'Dom i wnętrze|Meble|Łazienka|Pozostałe meble łazienkowe'),(1335,'Zestawy mebli łazienkowych',1748,1397,'Dom i wnętrze|Meble|Łazienka|Zestawy mebli łazienkowych'),(1336,'Blaty pod umywalkę',2877,1397,'Dom i wnętrze|Meble|Łazienka|Blaty pod umywalkę'),(1337,'Kuchnia i jadalnia',1398,1389,'Dom i wnętrze|Meble|Kuchnia i jadalnia'),(1338,'Krzesła i taborety',1411,1398,'Dom i wnętrze|Meble|Kuchnia i jadalnia|Krzesła i taborety'),(1339,'Stoły',1412,1398,'Dom i wnętrze|Meble|Kuchnia i jadalnia|Stoły'),(1340,'Stoły z krzesłami',1413,1398,'Dom i wnętrze|Meble|Kuchnia i jadalnia|Stoły z krzesłami'),(1341,'Szafki kuchenne',1414,1398,'Dom i wnętrze|Meble|Kuchnia i jadalnia|Szafki kuchenne'),(1342,'Pozostałe meble kuchenne',1415,1398,'Dom i wnętrze|Meble|Kuchnia i jadalnia|Pozostałe meble kuchenne'),(1343,'Zestawy mebli do kuchni i jadalni',1747,1398,'Dom i wnętrze|Meble|Kuchnia i jadalnia|Zestawy mebli do kuchni i jadalni'),(1344,'Hokery i stołki barowe',2425,1398,'Dom i wnętrze|Meble|Kuchnia i jadalnia|Hokery i stołki barowe'),(1345,'Blaty kuchenne',3198,1398,'Dom i wnętrze|Meble|Kuchnia i jadalnia|Blaty kuchenne'),(1346,'Systemy wysuwne i akcesoria',3199,1398,'Dom i wnętrze|Meble|Kuchnia i jadalnia|Systemy wysuwne i akcesoria'),(1347,'Meble do przechowywania',1399,1389,'Dom i wnętrze|Meble|Meble do przechowywania'),(1348,'Komody',1416,1399,'Dom i wnętrze|Meble|Meble do przechowywania|Komody'),(1349,'Regały',1419,1399,'Dom i wnętrze|Meble|Meble do przechowywania|Regały'),(1350,'Półki',1420,1399,'Dom i wnętrze|Meble|Meble do przechowywania|Półki'),(1351,'Szafy',1421,1399,'Dom i wnętrze|Meble|Meble do przechowywania|Szafy'),(1352,'Szafki',1422,1399,'Dom i wnętrze|Meble|Meble do przechowywania|Szafki'),(1353,'Pozostałe meble do przechowywania',1746,1399,'Dom i wnętrze|Meble|Meble do przechowywania|Pozostałe meble do przechowywania'),(1354,'Systemy do szaf wnękowych',3200,1399,'Dom i wnętrze|Meble|Meble do przechowywania|Systemy do szaf wnękowych'),(1355,'Przedpokój',1401,1389,'Dom i wnętrze|Meble|Przedpokój'),(1356,'Szafki na buty',1426,1401,'Dom i wnętrze|Meble|Przedpokój|Szafki na buty'),(1357,'Pozostałe meble do przedpokoju',1428,1401,'Dom i wnętrze|Meble|Przedpokój|Pozostałe meble do przedpokoju'),(1358,'Stojaki i wieszaki na ubrania',1438,1401,'Dom i wnętrze|Meble|Przedpokój|Stojaki i wieszaki na ubrania'),(1359,'Garderoby do przedpokoju',2437,1401,'Dom i wnętrze|Meble|Przedpokój|Garderoby do przedpokoju'),(1360,'Parasolniki',3201,1401,'Dom i wnętrze|Meble|Przedpokój|Parasolniki'),(1361,'Salon',1402,1389,'Dom i wnętrze|Meble|Salon'),(1362,'Meblościanki i zestawy mebli do salonu',1429,1402,'Dom i wnętrze|Meble|Salon|Meblościanki i zestawy mebli do salonu'),(1363,'Narożniki',1430,1402,'Dom i wnętrze|Meble|Salon|Narożniki'),(1364,'Komplety wypoczynkowe',1431,1402,'Dom i wnętrze|Meble|Salon|Komplety wypoczynkowe'),(1365,'Fotele i pufy',1432,1402,'Dom i wnętrze|Meble|Salon|Fotele i pufy'),(1366,'Sofy i wersalki',1433,1402,'Dom i wnętrze|Meble|Salon|Sofy i wersalki'),(1367,'Ławy i stoliki',1434,1402,'Dom i wnętrze|Meble|Salon|Ławy i stoliki'),(1368,'Witryny',1435,1402,'Dom i wnętrze|Meble|Salon|Witryny'),(1369,'Pozostałe meble do salonu',1436,1402,'Dom i wnętrze|Meble|Salon|Pozostałe meble do salonu'),(1370,'Sypialnia',1403,1389,'Dom i wnętrze|Meble|Sypialnia'),(1371,'Toaletki',1437,1403,'Dom i wnętrze|Meble|Sypialnia|Toaletki'),(1372,'Szafki nocne',1439,1403,'Dom i wnętrze|Meble|Sypialnia|Szafki nocne'),(1373,'Pozostałe meble do sypialni',1440,1403,'Dom i wnętrze|Meble|Sypialnia|Pozostałe meble do sypialni'),(1374,'Łóżka',1441,1403,'Dom i wnętrze|Meble|Sypialnia|Łóżka'),(1375,'Materace',1443,1403,'Dom i wnętrze|Meble|Sypialnia|Materace'),(1376,'Zestawy mebli do sypialni',1750,1403,'Dom i wnętrze|Meble|Sypialnia|Zestawy mebli do sypialni'),(1377,'Stelaże do łóżek',2878,1403,'Dom i wnętrze|Meble|Sypialnia|Stelaże do łóżek'),(1378,'Szuflady do łóżek',3202,1403,'Dom i wnętrze|Meble|Sypialnia|Szuflady do łóżek'),(1379,'Akcesoria do mebli',2086,1389,'Dom i wnętrze|Meble|Akcesoria do mebli'),(1380,'Budowa i remont domu',1495,743,'Dom i wnętrze|Budowa i remont domu'),(1381,'Bramy i akcesoria',2537,1495,'Dom i wnętrze|Budowa i remont domu|Bramy i akcesoria'),(1382,'Bramy wjazdowe',2539,2537,'Dom i wnętrze|Budowa i remont domu|Bramy i akcesoria|Bramy wjazdowe'),(1383,'Bramy garażowe',2540,2537,'Dom i wnętrze|Budowa i remont domu|Bramy i akcesoria|Bramy garażowe'),(1384,'Napędy do bram',2542,2537,'Dom i wnętrze|Budowa i remont domu|Bramy i akcesoria|Napędy do bram'),(1385,'Akcesoria i elementy montażowe do bram',2543,2537,'Dom i wnętrze|Budowa i remont domu|Bramy i akcesoria|Akcesoria i elementy montażowe do bram'),(1386,'Garaże i wiaty',2549,1495,'Dom i wnętrze|Budowa i remont domu|Garaże i wiaty'),(1387,'Projekty budowlane',2760,1495,'Dom i wnętrze|Budowa i remont domu|Projekty budowlane'),(1388,'Projekty domów',2761,2760,'Dom i wnętrze|Budowa i remont domu|Projekty budowlane|Projekty domów'),(1389,'Projekty garaży i budynków gospodarczych',2762,2760,'Dom i wnętrze|Budowa i remont domu|Projekty budowlane|Projekty garaży i budynków gospodarczych'),(1390,'Drzwi okna i schody',3208,1495,'Dom i wnętrze|Budowa i remont domu|Drzwi okna i schody'),(1391,'Drzwi',1390,3208,'Dom i wnętrze|Budowa i remont domu|Drzwi okna i schody|Drzwi'),(1392,'Okna i parapety',1703,3208,'Dom i wnętrze|Budowa i remont domu|Drzwi okna i schody|Okna i parapety'),(1393,'Schody i akcesoria',2438,3208,'Dom i wnętrze|Budowa i remont domu|Drzwi okna i schody|Schody i akcesoria'),(1394,'Materiały budowlane',3265,1495,'Dom i wnętrze|Budowa i remont domu|Materiały budowlane'),(1395,'Ocieplenie i izolacja',1498,3265,'Dom i wnętrze|Budowa i remont domu|Materiały budowlane|Ocieplenie i izolacja'),(1396,'Chemia budowlana i materiały sypkie',1691,3265,'Dom i wnętrze|Budowa i remont domu|Materiały budowlane|Chemia budowlana i materiały sypkie'),(1397,'Elektryka i akcesoria elektryczne',1692,3265,'Dom i wnętrze|Budowa i remont domu|Materiały budowlane|Elektryka i akcesoria elektryczne'),(1398,'Dachy i rynny',1707,3265,'Dom i wnętrze|Budowa i remont domu|Materiały budowlane|Dachy i rynny'),(1399,'Techniki mocowań',2439,3265,'Dom i wnętrze|Budowa i remont domu|Materiały budowlane|Techniki mocowań'),(1400,'Pozostałe materiały budowlane',2440,3265,'Dom i wnętrze|Budowa i remont domu|Materiały budowlane|Pozostałe materiały budowlane'),(1401,'Rolety zewnętrzne',2548,3265,'Dom i wnętrze|Budowa i remont domu|Materiały budowlane|Rolety zewnętrzne'),(1402,'Materiały konstrukcyjne',2751,3265,'Dom i wnętrze|Budowa i remont domu|Materiały budowlane|Materiały konstrukcyjne'),(1403,'Inteligentny dom',2976,3265,'Dom i wnętrze|Budowa i remont domu|Materiały budowlane|Inteligentny dom'),(1404,'Plac budowy',3214,3265,'Dom i wnętrze|Budowa i remont domu|Materiały budowlane|Plac budowy'),(1405,'Materiały wykończeniowe',3266,1495,'Dom i wnętrze|Budowa i remont domu|Materiały wykończeniowe'),(1406,'Impregnaty i grunty',1446,3266,'Dom i wnętrze|Budowa i remont domu|Materiały wykończeniowe|Impregnaty i grunty'),(1407,'Lakiery',1447,3266,'Dom i wnętrze|Budowa i remont domu|Materiały wykończeniowe|Lakiery'),(1408,'Farby',1448,3266,'Dom i wnętrze|Budowa i remont domu|Materiały wykończeniowe|Farby'),(1409,'Akcesoria malarskie',1490,3266,'Dom i wnętrze|Budowa i remont domu|Materiały wykończeniowe|Akcesoria malarskie'),(1410,'Deski podłogowe',1713,3266,'Dom i wnętrze|Budowa i remont domu|Materiały wykończeniowe|Deski podłogowe'),(1411,'Panele podłogowe',1714,3266,'Dom i wnętrze|Budowa i remont domu|Materiały wykończeniowe|Panele podłogowe'),(1412,'Parkiety',1715,3266,'Dom i wnętrze|Budowa i remont domu|Materiały wykończeniowe|Parkiety'),(1413,'Płytki',1716,3266,'Dom i wnętrze|Budowa i remont domu|Materiały wykończeniowe|Płytki'),(1414,'Akcesoria do wykończenia podłogi',1717,3266,'Dom i wnętrze|Budowa i remont domu|Materiały wykończeniowe|Akcesoria do wykończenia podłogi'),(1415,'Tapety i fototapety',1720,3266,'Dom i wnętrze|Budowa i remont domu|Materiały wykończeniowe|Tapety i fototapety'),(1416,'Akcesoria do wykończenia ścian',1721,3266,'Dom i wnętrze|Budowa i remont domu|Materiały wykończeniowe|Akcesoria do wykończenia ścian'),(1417,'Listwy przypodłogowe',3212,3266,'Dom i wnętrze|Budowa i remont domu|Materiały wykończeniowe|Listwy przypodłogowe'),(1418,'Sztukateria',3213,3266,'Dom i wnętrze|Budowa i remont domu|Materiały wykończeniowe|Sztukateria'),(1419,'Pigmenty',3452,3266,'Dom i wnętrze|Budowa i remont domu|Materiały wykończeniowe|Pigmenty'),(1420,'Armatura i hydraulika',1682,743,'Dom i wnętrze|Armatura i hydraulika'),(1421,'Armatura do kuchni',1683,1682,'Dom i wnętrze|Armatura i hydraulika|Armatura do kuchni'),(1422,'Zlewozmywaki',392,1683,'Dom i wnętrze|Armatura i hydraulika|Armatura do kuchni|Zlewozmywaki'),(1423,'Koszyki do zlewozmywaków',818,1683,'Dom i wnętrze|Armatura i hydraulika|Armatura do kuchni|Koszyki do zlewozmywaków'),(1424,'Wkładki ociekowe',819,1683,'Dom i wnętrze|Armatura i hydraulika|Armatura do kuchni|Wkładki ociekowe'),(1425,'Baterie kuchenne',1462,1683,'Dom i wnętrze|Armatura i hydraulika|Armatura do kuchni|Baterie kuchenne'),(1426,'Pozostała armatura do kuchni',1685,1683,'Dom i wnętrze|Armatura i hydraulika|Armatura do kuchni|Pozostała armatura do kuchni'),(1427,'Zlewy i komory gospodarcze',3172,1683,'Dom i wnętrze|Armatura i hydraulika|Armatura do kuchni|Zlewy i komory gospodarcze'),(1428,'Zestawy armatury do kuchni',3378,1683,'Dom i wnętrze|Armatura i hydraulika|Armatura do kuchni|Zestawy armatury do kuchni'),(1429,'Armatura do łazienki',1684,1682,'Dom i wnętrze|Armatura i hydraulika|Armatura do łazienki'),(1430,'Prysznic i akcesoria',782,1684,'Dom i wnętrze|Armatura i hydraulika|Armatura do łazienki|Prysznic i akcesoria'),(1431,'Pozostała armatura do łazienki',1688,1684,'Dom i wnętrze|Armatura i hydraulika|Armatura do łazienki|Pozostała armatura do łazienki'),(1432,'Zestawy armatury do łazienki',2890,1684,'Dom i wnętrze|Armatura i hydraulika|Armatura do łazienki|Zestawy armatury do łazienki'),(1433,'Toaleta i akcesoria',3173,1684,'Dom i wnętrze|Armatura i hydraulika|Armatura do łazienki|Toaleta i akcesoria'),(1434,'Wanny i akcesoria',3175,1684,'Dom i wnętrze|Armatura i hydraulika|Armatura do łazienki|Wanny i akcesoria'),(1435,'Umywalki i akcesoria',3177,1684,'Dom i wnętrze|Armatura i hydraulika|Armatura do łazienki|Umywalki i akcesoria'),(1436,'Baterie łazienkowe i akcesoria',3179,1684,'Dom i wnętrze|Armatura i hydraulika|Armatura do łazienki|Baterie łazienkowe i akcesoria'),(1437,'Akcesoria i narzędzia hydrauliczne',1686,1682,'Dom i wnętrze|Armatura i hydraulika|Akcesoria i narzędzia hydrauliczne'),(1438,'Syfony',841,1686,'Dom i wnętrze|Armatura i hydraulika|Akcesoria i narzędzia hydrauliczne|Syfony'),(1439,'Zawory',842,1686,'Dom i wnętrze|Armatura i hydraulika|Akcesoria i narzędzia hydrauliczne|Zawory'),(1440,'Zestawy odpływowe',1689,1686,'Dom i wnętrze|Armatura i hydraulika|Akcesoria i narzędzia hydrauliczne|Zestawy odpływowe'),(1441,'Akcesoria do hydrauliki',2006,1686,'Dom i wnętrze|Armatura i hydraulika|Akcesoria i narzędzia hydrauliczne|Akcesoria do hydrauliki'),(1442,'Doprowadzenie wody i kanalizacja',3181,1686,'Dom i wnętrze|Armatura i hydraulika|Akcesoria i narzędzia hydrauliczne|Doprowadzenie wody i kanalizacja'),(1443,'Wodomierze',3182,1686,'Dom i wnętrze|Armatura i hydraulika|Akcesoria i narzędzia hydrauliczne|Wodomierze'),(1444,'Ogrzewanie',1881,1682,'Dom i wnętrze|Armatura i hydraulika|Ogrzewanie'),(1445,'Kotły',754,1881,'Dom i wnętrze|Armatura i hydraulika|Ogrzewanie|Kotły'),(1446,'Zasobniki i wymienniki',756,1881,'Dom i wnętrze|Armatura i hydraulika|Ogrzewanie|Zasobniki i wymienniki'),(1447,'Zestawy grzewcze',810,1881,'Dom i wnętrze|Armatura i hydraulika|Ogrzewanie|Zestawy grzewcze'),(1448,'Regulatory i sterowniki',812,1881,'Dom i wnętrze|Armatura i hydraulika|Ogrzewanie|Regulatory i sterowniki'),(1449,'Kominki i akcesoria',1500,1881,'Dom i wnętrze|Armatura i hydraulika|Ogrzewanie|Kominki i akcesoria'),(1450,'Ogrzewanie przenośne',1742,1881,'Dom i wnętrze|Armatura i hydraulika|Ogrzewanie|Ogrzewanie przenośne'),(1451,'Nagrzewnice',1743,1881,'Dom i wnętrze|Armatura i hydraulika|Ogrzewanie|Nagrzewnice'),(1452,'Grzejniki',1877,1881,'Dom i wnętrze|Armatura i hydraulika|Ogrzewanie|Grzejniki'),(1453,'Systemy solarne',1882,1881,'Dom i wnętrze|Armatura i hydraulika|Ogrzewanie|Systemy solarne'),(1454,'Podgrzewacze wody',1931,1881,'Dom i wnętrze|Armatura i hydraulika|Ogrzewanie|Podgrzewacze wody'),(1455,'Akcesoria grzewcze',1953,1881,'Dom i wnętrze|Armatura i hydraulika|Ogrzewanie|Akcesoria grzewcze'),(1456,'Pompy ciepła',1954,1881,'Dom i wnętrze|Armatura i hydraulika|Ogrzewanie|Pompy ciepła'),(1457,'Ogrzewanie podłogowe',1955,1881,'Dom i wnętrze|Armatura i hydraulika|Ogrzewanie|Ogrzewanie podłogowe'),(1458,'Pompy cyrkulacyjne',2005,1881,'Dom i wnętrze|Armatura i hydraulika|Ogrzewanie|Pompy cyrkulacyjne'),(1459,'Głowice termostatyczne',3207,1881,'Dom i wnętrze|Armatura i hydraulika|Ogrzewanie|Głowice termostatyczne'),(1460,'Materiały opałowe',3425,1881,'Dom i wnętrze|Armatura i hydraulika|Ogrzewanie|Materiały opałowe'),(1461,'Delikatesy',2644,743,'Dom i wnętrze|Delikatesy'),(1462,'Artykuły spożywcze',2645,2644,'Dom i wnętrze|Delikatesy|Artykuły spożywcze'),(1463,'Dania gotowe',2646,2645,'Dom i wnętrze|Delikatesy|Artykuły spożywcze|Dania gotowe'),(1464,'Mięso i wędliny',2648,2645,'Dom i wnętrze|Delikatesy|Artykuły spożywcze|Mięso i wędliny'),(1465,'Ryby i owoce morza',2649,2645,'Dom i wnętrze|Delikatesy|Artykuły spożywcze|Ryby i owoce morza'),(1466,'Nabiał i jajka',2650,2645,'Dom i wnętrze|Delikatesy|Artykuły spożywcze|Nabiał i jajka'),(1467,'Napoje wody i soki',2657,2645,'Dom i wnętrze|Delikatesy|Artykuły spożywcze|Napoje wody i soki'),(1468,'Mrożonki',2661,2645,'Dom i wnętrze|Delikatesy|Artykuły spożywcze|Mrożonki'),(1469,'Warzywa owoce i przetwory',2662,2645,'Dom i wnętrze|Delikatesy|Artykuły spożywcze|Warzywa owoce i przetwory'),(1470,'Słodycze desery i przekąski',2666,2645,'Dom i wnętrze|Delikatesy|Artykuły spożywcze|Słodycze desery i przekąski'),(1471,'Kawa herbata i kakao',2672,2645,'Dom i wnętrze|Delikatesy|Artykuły spożywcze|Kawa herbata i kakao'),(1472,'Pieczywo',2676,2645,'Dom i wnętrze|Delikatesy|Artykuły spożywcze|Pieczywo'),(1473,'Przyprawy i sosy',2677,2645,'Dom i wnętrze|Delikatesy|Artykuły spożywcze|Przyprawy i sosy'),(1474,'Żywność dla diabetyków',2678,2645,'Dom i wnętrze|Delikatesy|Artykuły spożywcze|Żywność dla diabetyków'),(1475,'Produkty sypkie',2679,2645,'Dom i wnętrze|Delikatesy|Artykuły spożywcze|Produkty sypkie'),(1476,'Oliwy i oleje',2685,2645,'Dom i wnętrze|Delikatesy|Artykuły spożywcze|Oliwy i oleje'),(1477,'Pozostałe artykuły spożywcze',2686,2645,'Dom i wnętrze|Delikatesy|Artykuły spożywcze|Pozostałe artykuły spożywcze'),(1478,'Zdrowa żywność',3257,2645,'Dom i wnętrze|Delikatesy|Artykuły spożywcze|Zdrowa żywność'),(1479,'Kapsułki do ekspresów',3377,2645,'Dom i wnętrze|Delikatesy|Artykuły spożywcze|Kapsułki do ekspresów'),(1480,'Alkohol',2687,2644,'Dom i wnętrze|Delikatesy|Alkohol'),(1481,'Whisky koniaki i brandy',2688,2687,'Dom i wnętrze|Delikatesy|Alkohol|Whisky koniaki i brandy'),(1482,'Wódki i rumy',2689,2687,'Dom i wnętrze|Delikatesy|Alkohol|Wódki i rumy'),(1483,'Likiery miody i nalewki',2690,2687,'Dom i wnętrze|Delikatesy|Alkohol|Likiery miody i nalewki'),(1484,'Wina i szampany',2691,2687,'Dom i wnętrze|Delikatesy|Alkohol|Wina i szampany'),(1485,'Piwo',2692,2687,'Dom i wnętrze|Delikatesy|Alkohol|Piwo'),(1486,'Pozostały alkohol',2693,2687,'Dom i wnętrze|Delikatesy|Alkohol|Pozostały alkohol'),(1487,'Kosze prezentowe i upominki',2694,2644,'Dom i wnętrze|Delikatesy|Kosze prezentowe i upominki'),(1488,'Trafika',2709,2644,'Dom i wnętrze|Delikatesy|Trafika'),(1489,'Popielniczki',1225,2709,'Dom i wnętrze|Delikatesy|Trafika|Popielniczki'),(1490,'E-papierosy i akcesoria',2563,2709,'Dom i wnętrze|Delikatesy|Trafika|E-papierosy i akcesoria'),(1491,'Akcesoria do papierosów',2710,2709,'Dom i wnętrze|Delikatesy|Trafika|Akcesoria do papierosów'),(1492,'Akcesoria do cygar',2711,2709,'Dom i wnętrze|Delikatesy|Trafika|Akcesoria do cygar'),(1493,'Szisze fajki wodne i akcesoria',2712,2709,'Dom i wnętrze|Delikatesy|Trafika|Szisze fajki wodne i akcesoria'),(1494,'Fajki i akcesoria',2715,2709,'Dom i wnętrze|Delikatesy|Trafika|Fajki i akcesoria'),(1495,'Tabakiery',2718,2709,'Dom i wnętrze|Delikatesy|Trafika|Tabakiery'),(1496,'Zapalniczki',2719,2709,'Dom i wnętrze|Delikatesy|Trafika|Zapalniczki'),(1497,'Zestawy dla palaczy',2720,2709,'Dom i wnętrze|Delikatesy|Trafika|Zestawy dla palaczy'),(1498,'Cygara',3420,2709,'Dom i wnętrze|Delikatesy|Trafika|Cygara'),(1499,'Cygaretki',3421,2709,'Dom i wnętrze|Delikatesy|Trafika|Cygaretki'),(1500,'Papierosy',3422,2709,'Dom i wnętrze|Delikatesy|Trafika|Papierosy'),(1501,'Tabaki',3423,2709,'Dom i wnętrze|Delikatesy|Trafika|Tabaki'),(1502,'Tytonie',3424,2709,'Dom i wnętrze|Delikatesy|Trafika|Tytonie'),(1503,'Sport i rekreacja',850,0,'Sport i rekreacja'),(1504,'Rowery i akcesoria',851,850,'Sport i rekreacja|Rowery i akcesoria'),(1505,'Akcesoria rowerowe',852,851,'Sport i rekreacja|Rowery i akcesoria|Akcesoria rowerowe'),(1506,'Bagażniki i kosze rowerowe',855,852,'Sport i rekreacja|Rowery i akcesoria|Akcesoria rowerowe|Bagażniki i kosze rowerowe'),(1507,'Bidony i koszyki na bidon',856,852,'Sport i rekreacja|Rowery i akcesoria|Akcesoria rowerowe|Bidony i koszyki na bidon'),(1508,'Foteliki rowerowe',857,852,'Sport i rekreacja|Rowery i akcesoria|Akcesoria rowerowe|Foteliki rowerowe'),(1509,'Oleje i płyny rowerowe',859,852,'Sport i rekreacja|Rowery i akcesoria|Akcesoria rowerowe|Oleje i płyny rowerowe'),(1510,'Narzędzia rowerowe',861,852,'Sport i rekreacja|Rowery i akcesoria|Akcesoria rowerowe|Narzędzia rowerowe'),(1511,'Oświetlenie rowerowe',862,852,'Sport i rekreacja|Rowery i akcesoria|Akcesoria rowerowe|Oświetlenie rowerowe'),(1512,'Pompki rowerowe',863,852,'Sport i rekreacja|Rowery i akcesoria|Akcesoria rowerowe|Pompki rowerowe'),(1513,'Zabezpieczenia rowerów',864,852,'Sport i rekreacja|Rowery i akcesoria|Akcesoria rowerowe|Zabezpieczenia rowerów'),(1514,'Sakwy rowerowe',1075,852,'Sport i rekreacja|Rowery i akcesoria|Akcesoria rowerowe|Sakwy rowerowe'),(1515,'Liczniki rowerowe',1076,852,'Sport i rekreacja|Rowery i akcesoria|Akcesoria rowerowe|Liczniki rowerowe'),(1516,'Błotniki rowerowe',2465,852,'Sport i rekreacja|Rowery i akcesoria|Akcesoria rowerowe|Błotniki rowerowe'),(1517,'Pozostałe akcesoria rowerowe',2466,852,'Sport i rekreacja|Rowery i akcesoria|Akcesoria rowerowe|Pozostałe akcesoria rowerowe'),(1518,'Części rowerowe',853,851,'Sport i rekreacja|Rowery i akcesoria|Części rowerowe'),(1519,'Siodełka i sztyce podsiodłowe',865,853,'Sport i rekreacja|Rowery i akcesoria|Części rowerowe|Siodełka i sztyce podsiodłowe'),(1520,'Pedały korby i łańcuchy rowerowe',869,853,'Sport i rekreacja|Rowery i akcesoria|Części rowerowe|Pedały korby i łańcuchy rowerowe'),(1521,'Hamulce rowerowe',1455,853,'Sport i rekreacja|Rowery i akcesoria|Części rowerowe|Hamulce rowerowe'),(1522,'Ramy rowerowe',1456,853,'Sport i rekreacja|Rowery i akcesoria|Części rowerowe|Ramy rowerowe'),(1523,'Amortyzatory rowerowe',1457,853,'Sport i rekreacja|Rowery i akcesoria|Części rowerowe|Amortyzatory rowerowe'),(1524,'Kierownice i części kierownic rowerowych',2467,853,'Sport i rekreacja|Rowery i akcesoria|Części rowerowe|Kierownice i części kierownic rowerowych'),(1525,'Koła i części kół rowerowych',2468,853,'Sport i rekreacja|Rowery i akcesoria|Części rowerowe|Koła i części kół rowerowych'),(1526,'Pozostałe części rowerowe',2469,853,'Sport i rekreacja|Rowery i akcesoria|Części rowerowe|Pozostałe części rowerowe'),(1527,'Przerzutki i manetki rowerowe',2470,853,'Sport i rekreacja|Rowery i akcesoria|Części rowerowe|Przerzutki i manetki rowerowe'),(1528,'Rowery',854,851,'Sport i rekreacja|Rowery i akcesoria|Rowery'),(1529,'Kaski odzież i obuwie rowerowe',2472,851,'Sport i rekreacja|Rowery i akcesoria|Kaski odzież i obuwie rowerowe'),(1530,'Kaski rowerowe',858,2472,'Sport i rekreacja|Rowery i akcesoria|Kaski odzież i obuwie rowerowe|Kaski rowerowe'),(1531,'Obuwie rowerowe',2473,2472,'Sport i rekreacja|Rowery i akcesoria|Kaski odzież i obuwie rowerowe|Obuwie rowerowe'),(1532,'Odzież rowerowa',2474,2472,'Sport i rekreacja|Rowery i akcesoria|Kaski odzież i obuwie rowerowe|Odzież rowerowa'),(1533,'Rękawiczki rowerowe',2475,2472,'Sport i rekreacja|Rowery i akcesoria|Kaski odzież i obuwie rowerowe|Rękawiczki rowerowe'),(1534,'Siłownia i fitness',880,850,'Sport i rekreacja|Siłownia i fitness'),(1535,'Akcesoria do siłowni i fitness',2571,880,'Sport i rekreacja|Siłownia i fitness|Akcesoria do siłowni i fitness'),(1536,'Pozostałe akcesoria do ćwiczeń',945,2571,'Sport i rekreacja|Siłownia i fitness|Akcesoria do siłowni i fitness|Pozostałe akcesoria do ćwiczeń'),(1537,'Piłki do ćwiczeń',1040,2571,'Sport i rekreacja|Siłownia i fitness|Akcesoria do siłowni i fitness|Piłki do ćwiczeń'),(1538,'Skakanki',1041,2571,'Sport i rekreacja|Siłownia i fitness|Akcesoria do siłowni i fitness|Skakanki'),(1539,'Ekspandery i gumy',1042,2571,'Sport i rekreacja|Siłownia i fitness|Akcesoria do siłowni i fitness|Ekspandery i gumy'),(1540,'Monitory pracy serca, pulsometry',1102,2571,'Sport i rekreacja|Siłownia i fitness|Akcesoria do siłowni i fitness|Monitory pracy serca, pulsometry'),(1541,'Rękawiczki do ćwiczeń',2570,2571,'Sport i rekreacja|Siłownia i fitness|Akcesoria do siłowni i fitness|Rękawiczki do ćwiczeń'),(1542,'Maty do ćwiczeń',3184,2571,'Sport i rekreacja|Siłownia i fitness|Akcesoria do siłowni i fitness|Maty do ćwiczeń'),(1543,'Kamizelki i obciążenia do ćwiczeń',3185,2571,'Sport i rekreacja|Siłownia i fitness|Akcesoria do siłowni i fitness|Kamizelki i obciążenia do ćwiczeń'),(1544,'Pasy do ćwiczeń',3186,2571,'Sport i rekreacja|Siłownia i fitness|Akcesoria do siłowni i fitness|Pasy do ćwiczeń'),(1545,'Sprzęt fitness',2572,880,'Sport i rekreacja|Siłownia i fitness|Sprzęt fitness'),(1546,'Rowery i trenażery treningowe',882,2572,'Sport i rekreacja|Siłownia i fitness|Sprzęt fitness|Rowery i trenażery treningowe'),(1547,'Steppery i twistery',883,2572,'Sport i rekreacja|Siłownia i fitness|Sprzęt fitness|Steppery i twistery'),(1548,'Bieżnie treningowe',884,2572,'Sport i rekreacja|Siłownia i fitness|Sprzęt fitness|Bieżnie treningowe'),(1549,'Wiosła treningowe',886,2572,'Sport i rekreacja|Siłownia i fitness|Sprzęt fitness|Wiosła treningowe'),(1550,'Trampoliny',2575,2572,'Sport i rekreacja|Siłownia i fitness|Sprzęt fitness|Trampoliny'),(1551,'Pozostały sprzęt fitness',2576,2572,'Sport i rekreacja|Siłownia i fitness|Sprzęt fitness|Pozostały sprzęt fitness'),(1552,'Sprzęt siłowy',2573,880,'Sport i rekreacja|Siłownia i fitness|Sprzęt siłowy'),(1553,'Ławki treningowe',881,2573,'Sport i rekreacja|Siłownia i fitness|Sprzęt siłowy|Ławki treningowe'),(1554,'Atlasy treningowe',885,2573,'Sport i rekreacja|Siłownia i fitness|Sprzęt siłowy|Atlasy treningowe'),(1555,'Talerze do sztang',960,2573,'Sport i rekreacja|Siłownia i fitness|Sprzęt siłowy|Talerze do sztang'),(1556,'Hantle',961,2573,'Sport i rekreacja|Siłownia i fitness|Sprzęt siłowy|Hantle'),(1557,'Gryfy i sztangi',962,2573,'Sport i rekreacja|Siłownia i fitness|Sprzęt siłowy|Gryfy i sztangi'),(1558,'Akcesoria do sprzętu siłowego',2574,2573,'Sport i rekreacja|Siłownia i fitness|Sprzęt siłowy|Akcesoria do sprzętu siłowego'),(1559,'Pozostały sprzęt siłowy',2577,2573,'Sport i rekreacja|Siłownia i fitness|Sprzęt siłowy|Pozostały sprzęt siłowy'),(1560,'Odżywki i suplementy',911,850,'Sport i rekreacja|Odżywki i suplementy'),(1561,'Odżywki białkowe',912,911,'Sport i rekreacja|Odżywki i suplementy|Odżywki białkowe'),(1562,'Odżywki węglowodanowo białkowe GAINERY',913,911,'Sport i rekreacja|Odżywki i suplementy|Odżywki węglowodanowo białkowe GAINERY'),(1563,'Odżywki węglowodanowe CARBO',914,911,'Sport i rekreacja|Odżywki i suplementy|Odżywki węglowodanowe CARBO'),(1564,'Aminokwasy',915,911,'Sport i rekreacja|Odżywki i suplementy|Aminokwasy'),(1565,'Glutamina',916,911,'Sport i rekreacja|Odżywki i suplementy|Glutamina'),(1566,'HMB',920,911,'Sport i rekreacja|Odżywki i suplementy|HMB'),(1567,'Kreatyny i staki',921,911,'Sport i rekreacja|Odżywki i suplementy|Kreatyny i staki'),(1568,'ZMA i tribulusy',922,911,'Sport i rekreacja|Odżywki i suplementy|ZMA i tribulusy'),(1569,'Reduktory tłuszczu',923,911,'Sport i rekreacja|Odżywki i suplementy|Reduktory tłuszczu'),(1570,'Ochrona stawów',924,911,'Sport i rekreacja|Odżywki i suplementy|Ochrona stawów'),(1571,'Napoje izotoniczne i energetyczne',925,911,'Sport i rekreacja|Odżywki i suplementy|Napoje izotoniczne i energetyczne'),(1572,'Batony',926,911,'Sport i rekreacja|Odżywki i suplementy|Batony'),(1573,'Witaminy i minerały dla sportowców',927,911,'Sport i rekreacja|Odżywki i suplementy|Witaminy i minerały dla sportowców'),(1574,'Pozostałe preparaty dla sportowców',946,911,'Sport i rekreacja|Odżywki i suplementy|Pozostałe preparaty dla sportowców'),(1575,'Golf',931,850,'Sport i rekreacja|Golf'),(1576,'Skating',973,850,'Sport i rekreacja|Skating'),(1577,'Hulajnogi',1106,973,'Sport i rekreacja|Skating|Hulajnogi'),(1578,'MountainBoard',1229,973,'Sport i rekreacja|Skating|MountainBoard'),(1579,'Kaski i ochraniacze',1231,973,'Sport i rekreacja|Skating|Kaski i ochraniacze'),(1580,'Rolki i akcesoria',2809,973,'Sport i rekreacja|Skating|Rolki i akcesoria'),(1581,'Akcesoria do rolek',974,2809,'Sport i rekreacja|Skating|Rolki i akcesoria|Akcesoria do rolek'),(1582,'Rolki',975,2809,'Sport i rekreacja|Skating|Rolki i akcesoria|Rolki'),(1583,'Deskorolki i akcesoria',2810,973,'Sport i rekreacja|Skating|Deskorolki i akcesoria'),(1584,'Akcesoria do deskorolek',976,2810,'Sport i rekreacja|Skating|Deskorolki i akcesoria|Akcesoria do deskorolek'),(1585,'Deskorolki',977,2810,'Sport i rekreacja|Skating|Deskorolki i akcesoria|Deskorolki'),(1586,'Pozostałe akcesoria do skatingu',2811,973,'Sport i rekreacja|Skating|Pozostałe akcesoria do skatingu'),(1587,'Fingerboard i fingerbike',3112,973,'Sport i rekreacja|Skating|Fingerboard i fingerbike'),(1588,'Szczudła do skakania',3336,973,'Sport i rekreacja|Skating|Szczudła do skakania'),(1589,'Akcesoria turystyczne',978,850,'Sport i rekreacja|Akcesoria turystyczne'),(1590,'Latarki',591,978,'Sport i rekreacja|Akcesoria turystyczne|Latarki'),(1591,'Scyzoryki i multitools',596,978,'Sport i rekreacja|Akcesoria turystyczne|Scyzoryki i multitools'),(1592,'Kompasy',615,978,'Sport i rekreacja|Akcesoria turystyczne|Kompasy'),(1593,'Plecaki',624,978,'Sport i rekreacja|Akcesoria turystyczne|Plecaki'),(1594,'Śpiwory',970,978,'Sport i rekreacja|Akcesoria turystyczne|Śpiwory'),(1595,'Namioty',971,978,'Sport i rekreacja|Akcesoria turystyczne|Namioty'),(1596,'Termosy i kubki',979,978,'Sport i rekreacja|Akcesoria turystyczne|Termosy i kubki'),(1597,'Palniki i kuchenki turystyczne',980,978,'Sport i rekreacja|Akcesoria turystyczne|Palniki i kuchenki turystyczne'),(1598,'Maty turystyczne',981,978,'Sport i rekreacja|Akcesoria turystyczne|Maty turystyczne'),(1599,'Impregnaty do sprzętu turystycznego',1104,978,'Sport i rekreacja|Akcesoria turystyczne|Impregnaty do sprzętu turystycznego'),(1600,'Trekking i Nordic Walking',1105,978,'Sport i rekreacja|Akcesoria turystyczne|Trekking i Nordic Walking'),(1601,'Pozostałe akcesoria turystyczne',1238,978,'Sport i rekreacja|Akcesoria turystyczne|Pozostałe akcesoria turystyczne'),(1602,'Materace turystyczne',1260,978,'Sport i rekreacja|Akcesoria turystyczne|Materace turystyczne'),(1603,'Lodówki turystyczne',2552,978,'Sport i rekreacja|Akcesoria turystyczne|Lodówki turystyczne'),(1604,'Naczynia i sztućce turystyczne',2553,978,'Sport i rekreacja|Akcesoria turystyczne|Naczynia i sztućce turystyczne'),(1605,'Sprzęt plażowy',3183,978,'Sport i rekreacja|Akcesoria turystyczne|Sprzęt plażowy'),(1606,'Sporty zimowe',982,850,'Sport i rekreacja|Sporty zimowe'),(1607,'Gogle narciarskie i snowboardowe',983,982,'Sport i rekreacja|Sporty zimowe|Gogle narciarskie i snowboardowe'),(1608,'Kaski narciarskie i snowboardowe',984,982,'Sport i rekreacja|Sporty zimowe|Kaski narciarskie i snowboardowe'),(1609,'Buty narciarskie',988,982,'Sport i rekreacja|Sporty zimowe|Buty narciarskie'),(1610,'Buty snowboardowe',989,982,'Sport i rekreacja|Sporty zimowe|Buty snowboardowe'),(1611,'Deski snowboardowe',990,982,'Sport i rekreacja|Sporty zimowe|Deski snowboardowe'),(1612,'Narty',991,982,'Sport i rekreacja|Sporty zimowe|Narty'),(1613,'Kijki narciarskie',1059,982,'Sport i rekreacja|Sporty zimowe|Kijki narciarskie'),(1614,'Odzież zimowa',2053,982,'Sport i rekreacja|Sporty zimowe|Odzież zimowa'),(1615,'Rękawice narciarskie i snowboardowe',986,2053,'Sport i rekreacja|Sporty zimowe|Odzież zimowa|Rękawice narciarskie i snowboardowe'),(1616,'Kurtki narciarskie i snowboardowe',2054,2053,'Sport i rekreacja|Sporty zimowe|Odzież zimowa|Kurtki narciarskie i snowboardowe'),(1617,'Kombinezony i spodnie zimowe',2055,2053,'Sport i rekreacja|Sporty zimowe|Odzież zimowa|Kombinezony i spodnie zimowe'),(1618,'Pozostała odzież zimowa',2062,2053,'Sport i rekreacja|Sporty zimowe|Odzież zimowa|Pozostała odzież zimowa'),(1619,'Bielizna i odzież termoaktywna',3338,2053,'Sport i rekreacja|Sporty zimowe|Odzież zimowa|Bielizna i odzież termoaktywna'),(1620,'Akcesoria do sportów zimowych',2056,982,'Sport i rekreacja|Sporty zimowe|Akcesoria do sportów zimowych'),(1621,'Pozostałe akcesoria do sportów zimowych',987,2056,'Sport i rekreacja|Sporty zimowe|Akcesoria do sportów zimowych|Pozostałe akcesoria do sportów zimowych'),(1622,'Pokrowce i torby',2057,2056,'Sport i rekreacja|Sporty zimowe|Akcesoria do sportów zimowych|Pokrowce i torby'),(1623,'Smary i narzędzia',2058,2056,'Sport i rekreacja|Sporty zimowe|Akcesoria do sportów zimowych|Smary i narzędzia'),(1624,'Wiązania',2059,982,'Sport i rekreacja|Sporty zimowe|Wiązania'),(1625,'Sanki i ślizgacze',2060,982,'Sport i rekreacja|Sporty zimowe|Sanki i ślizgacze'),(1626,'Łyżwy',2061,982,'Sport i rekreacja|Sporty zimowe|Łyżwy'),(1627,'Rakiety śnieżne',2500,982,'Sport i rekreacja|Sporty zimowe|Rakiety śnieżne'),(1628,'Hokej',3190,982,'Sport i rekreacja|Sporty zimowe|Hokej'),(1629,'Sporty zespołowe',994,850,'Sport i rekreacja|Sporty zespołowe'),(1630,'Piłka nożna',995,994,'Sport i rekreacja|Sporty zespołowe|Piłka nożna'),(1631,'Buty piłkarskie',996,995,'Sport i rekreacja|Sporty zespołowe|Piłka nożna|Buty piłkarskie'),(1632,'Piłki do piłki nożnej',997,995,'Sport i rekreacja|Sporty zespołowe|Piłka nożna|Piłki do piłki nożnej'),(1633,'Rękawice bramkarskie',998,995,'Sport i rekreacja|Sporty zespołowe|Piłka nożna|Rękawice bramkarskie'),(1634,'Kostiumy piłkarskie',1453,995,'Sport i rekreacja|Sporty zespołowe|Piłka nożna|Kostiumy piłkarskie'),(1635,'Akcesoria do piłki nożnej',1454,995,'Sport i rekreacja|Sporty zespołowe|Piłka nożna|Akcesoria do piłki nożnej'),(1636,'Koszykówka',999,994,'Sport i rekreacja|Sporty zespołowe|Koszykówka'),(1637,'Piłki do koszykówki',1000,999,'Sport i rekreacja|Sporty zespołowe|Koszykówka|Piłki do koszykówki'),(1638,'Kosze do koszykówki',1001,999,'Sport i rekreacja|Sporty zespołowe|Koszykówka|Kosze do koszykówki'),(1639,'Akcesoria do koszykówki',2799,999,'Sport i rekreacja|Sporty zespołowe|Koszykówka|Akcesoria do koszykówki'),(1640,'Siatkówka',1002,994,'Sport i rekreacja|Sporty zespołowe|Siatkówka'),(1641,'Piłki do siatkówki',1005,1002,'Sport i rekreacja|Sporty zespołowe|Siatkówka|Piłki do siatkówki'),(1642,'Akcesoria do siatkówki',2803,1002,'Sport i rekreacja|Sporty zespołowe|Siatkówka|Akcesoria do siatkówki'),(1643,'Piłka ręczna',1003,994,'Sport i rekreacja|Sporty zespołowe|Piłka ręczna'),(1644,'Piłki do piłki ręcznej',1004,1003,'Sport i rekreacja|Sporty zespołowe|Piłka ręczna|Piłki do piłki ręcznej'),(1645,'Akcesoria do piłki ręcznej',2800,1003,'Sport i rekreacja|Sporty zespołowe|Piłka ręczna|Akcesoria do piłki ręcznej'),(1646,'Unihokej',2801,994,'Sport i rekreacja|Sporty zespołowe|Unihokej'),(1647,'Rugby',2802,994,'Sport i rekreacja|Sporty zespołowe|Rugby'),(1648,'Baseball',2804,994,'Sport i rekreacja|Sporty zespołowe|Baseball'),(1649,'Pozostałe sporty zespołowe',2805,994,'Sport i rekreacja|Sporty zespołowe|Pozostałe sporty zespołowe'),(1650,'Tenis i pokrewne',1006,850,'Sport i rekreacja|Tenis i pokrewne'),(1651,'Tenis stołowy',1007,1006,'Sport i rekreacja|Tenis i pokrewne|Tenis stołowy'),(1652,'Stoły do tenisa',972,1007,'Sport i rekreacja|Tenis i pokrewne|Tenis stołowy|Stoły do tenisa'),(1653,'Rakietki do tenisa stołowego',1010,1007,'Sport i rekreacja|Tenis i pokrewne|Tenis stołowy|Rakietki do tenisa stołowego'),(1654,'Piłeczki do tenisa stołowego',1011,1007,'Sport i rekreacja|Tenis i pokrewne|Tenis stołowy|Piłeczki do tenisa stołowego'),(1655,'Siatki do tenisa stołowego',1012,1007,'Sport i rekreacja|Tenis i pokrewne|Tenis stołowy|Siatki do tenisa stołowego'),(1656,'Akcesoria do tenisa stołowego',1267,1007,'Sport i rekreacja|Tenis i pokrewne|Tenis stołowy|Akcesoria do tenisa stołowego'),(1657,'Tenis ziemny',1008,1006,'Sport i rekreacja|Tenis i pokrewne|Tenis ziemny'),(1658,'Rakiety do tenisa',1013,1008,'Sport i rekreacja|Tenis i pokrewne|Tenis ziemny|Rakiety do tenisa'),(1659,'Piłki do tenisa',1014,1008,'Sport i rekreacja|Tenis i pokrewne|Tenis ziemny|Piłki do tenisa'),(1660,'Akcesoria do tenisa ziemnego',1060,1008,'Sport i rekreacja|Tenis i pokrewne|Tenis ziemny|Akcesoria do tenisa ziemnego'),(1661,'Badminton',1009,1006,'Sport i rekreacja|Tenis i pokrewne|Badminton'),(1662,'Lotki do badmintona',1015,1009,'Sport i rekreacja|Tenis i pokrewne|Badminton|Lotki do badmintona'),(1663,'Rakietki do badmintona',1016,1009,'Sport i rekreacja|Tenis i pokrewne|Badminton|Rakietki do badmintona'),(1664,'Siatki do badmintona',1017,1009,'Sport i rekreacja|Tenis i pokrewne|Badminton|Siatki do badmintona'),(1665,'Akcesoria do badmintona',3022,1009,'Sport i rekreacja|Tenis i pokrewne|Badminton|Akcesoria do badmintona'),(1666,'Squash',1449,1006,'Sport i rekreacja|Tenis i pokrewne|Squash'),(1667,'Rakiety do squasha',1450,1449,'Sport i rekreacja|Tenis i pokrewne|Squash|Rakiety do squasha'),(1668,'Piłki do squasha',1451,1449,'Sport i rekreacja|Tenis i pokrewne|Squash|Piłki do squasha'),(1669,'Akcesoria do squasha',1452,1449,'Sport i rekreacja|Tenis i pokrewne|Squash|Akcesoria do squasha'),(1670,'Odzież i obuwie do tenisa',3387,1006,'Sport i rekreacja|Tenis i pokrewne|Odzież i obuwie do tenisa'),(1671,'Sporty walki',1018,850,'Sport i rekreacja|Sporty walki'),(1672,'Worki i gruszki',1022,1018,'Sport i rekreacja|Sporty walki|Worki i gruszki'),(1673,'Rękawice do sportów walki',1023,1018,'Sport i rekreacja|Sporty walki|Rękawice do sportów walki'),(1674,'Kimona i stroje do walki',2642,1018,'Sport i rekreacja|Sporty walki|Kimona i stroje do walki'),(1675,'Pozostałe akcesoria do sportów walki',2643,1018,'Sport i rekreacja|Sporty walki|Pozostałe akcesoria do sportów walki'),(1676,'Ochraniacze do sportów walki',3187,1018,'Sport i rekreacja|Sporty walki|Ochraniacze do sportów walki'),(1677,'Sporty wodne',1029,850,'Sport i rekreacja|Sporty wodne'),(1678,'Kajaki i pontony',1239,1029,'Sport i rekreacja|Sporty wodne|Kajaki i pontony'),(1679,'Wodny sprzęt asekuracyjny i ratunkowy',1240,1029,'Sport i rekreacja|Sporty wodne|Wodny sprzęt asekuracyjny i ratunkowy'),(1680,'Odzież i obuwie do sportów wodnych',2779,1029,'Sport i rekreacja|Sporty wodne|Odzież i obuwie do sportów wodnych'),(1681,'Stroje do sportów wodnych',1039,2779,'Sport i rekreacja|Sporty wodne|Odzież i obuwie do sportów wodnych|Stroje do sportów wodnych'),(1682,'Obuwie do sportów wodnych',2781,2779,'Sport i rekreacja|Sporty wodne|Odzież i obuwie do sportów wodnych|Obuwie do sportów wodnych'),(1683,'Nurkowanie',2782,1029,'Sport i rekreacja|Sporty wodne|Nurkowanie'),(1684,'Maski rurki i płetwy',1034,2782,'Sport i rekreacja|Sporty wodne|Nurkowanie|Maski rurki i płetwy'),(1685,'Automaty oddechowe i octopusy',2783,2782,'Sport i rekreacja|Sporty wodne|Nurkowanie|Automaty oddechowe i octopusy'),(1686,'Komputery konsole i sprzęt pomiarowy',2784,2782,'Sport i rekreacja|Sporty wodne|Nurkowanie|Komputery konsole i sprzęt pomiarowy'),(1687,'Jackety i kamizelki do nurkowania',2785,2782,'Sport i rekreacja|Sporty wodne|Nurkowanie|Jackety i kamizelki do nurkowania'),(1688,'Pozostały sprzęt do nurkowania',2786,2782,'Sport i rekreacja|Sporty wodne|Nurkowanie|Pozostały sprzęt do nurkowania'),(1689,'Butle do nurkowania',3188,2782,'Sport i rekreacja|Sporty wodne|Nurkowanie|Butle do nurkowania'),(1690,'Oświetlenie nurkowe',3189,2782,'Sport i rekreacja|Sporty wodne|Nurkowanie|Oświetlenie nurkowe'),(1691,'Windsurfing',2787,1029,'Sport i rekreacja|Sporty wodne|Windsurfing'),(1692,'Deski do windsurfingu',2788,2787,'Sport i rekreacja|Sporty wodne|Windsurfing|Deski do windsurfingu'),(1693,'Maszty do windsurfingu',2789,2787,'Sport i rekreacja|Sporty wodne|Windsurfing|Maszty do windsurfingu'),(1694,'Żagle do windsurfingu',2790,2787,'Sport i rekreacja|Sporty wodne|Windsurfing|Żagle do windsurfingu'),(1695,'Pozostały sprzęt do windsurfingu',2791,2787,'Sport i rekreacja|Sporty wodne|Windsurfing|Pozostały sprzęt do windsurfingu'),(1696,'Kitesurfing',2792,1029,'Sport i rekreacja|Sporty wodne|Kitesurfing'),(1697,'Deski do kitesurfingu',2793,2792,'Sport i rekreacja|Sporty wodne|Kitesurfing|Deski do kitesurfingu'),(1698,'Latawce do kitesurfingu',2794,2792,'Sport i rekreacja|Sporty wodne|Kitesurfing|Latawce do kitesurfingu'),(1699,'Pozostały sprzęt do kitesurfingu',2795,2792,'Sport i rekreacja|Sporty wodne|Kitesurfing|Pozostały sprzęt do kitesurfingu'),(1700,'Narty wodne banany i ringo',2796,1029,'Sport i rekreacja|Sporty wodne|Narty wodne banany i ringo'),(1701,'Żeglarstwo',2797,1029,'Sport i rekreacja|Sporty wodne|Żeglarstwo'),(1702,'Pozostałe akcesoria do sportów wodnych',2798,1029,'Sport i rekreacja|Sporty wodne|Pozostałe akcesoria do sportów wodnych'),(1703,'Akcesoria pływackie',2812,1029,'Sport i rekreacja|Sporty wodne|Akcesoria pływackie'),(1704,'Okulary do pływania',1030,2812,'Sport i rekreacja|Sporty wodne|Akcesoria pływackie|Okulary do pływania'),(1705,'Pozostałe akcesoria pływackie',1031,2812,'Sport i rekreacja|Sporty wodne|Akcesoria pływackie|Pozostałe akcesoria pływackie'),(1706,'Czepki',1032,2812,'Sport i rekreacja|Sporty wodne|Akcesoria pływackie|Czepki'),(1707,'Góry i wspinaczka',1185,850,'Sport i rekreacja|Góry i wspinaczka'),(1708,'Jeździectwo',2283,850,'Sport i rekreacja|Jeździectwo'),(1709,'Sporty towarzyskie',2554,850,'Sport i rekreacja|Sporty towarzyskie'),(1710,'Bilard',2555,2554,'Sport i rekreacja|Sporty towarzyskie|Bilard'),(1711,'Akcesoria bilardowe',2559,2555,'Sport i rekreacja|Sporty towarzyskie|Bilard|Akcesoria bilardowe'),(1712,'Kije bilardowe',2560,2555,'Sport i rekreacja|Sporty towarzyskie|Bilard|Kije bilardowe'),(1713,'Stoły bilardowe',2561,2555,'Sport i rekreacja|Sporty towarzyskie|Bilard|Stoły bilardowe'),(1714,'Dart',2556,2554,'Sport i rekreacja|Sporty towarzyskie|Dart'),(1715,'Piłkarzyki',2557,2554,'Sport i rekreacja|Sporty towarzyskie|Piłkarzyki'),(1716,'Pozostałe sporty towarzyskie',2558,2554,'Sport i rekreacja|Sporty towarzyskie|Pozostałe sporty towarzyskie'),(1717,'Gadżety trofea i akcesoria sportowe',3388,850,'Sport i rekreacja|Gadżety trofea i akcesoria sportowe'),(1718,'Gadżety kibica',2807,3388,'Sport i rekreacja|Gadżety trofea i akcesoria sportowe|Gadżety kibica'),(1719,'Trofea sportowe',2808,3388,'Sport i rekreacja|Gadżety trofea i akcesoria sportowe|Trofea sportowe'),(1720,'Euro2012',3337,3388,'Sport i rekreacja|Gadżety trofea i akcesoria sportowe|Euro2012'),(1721,'Akcesoria sędziowskie',3389,3388,'Sport i rekreacja|Gadżety trofea i akcesoria sportowe|Akcesoria sędziowskie'),(1722,'Dla dziecka',963,0,'Dla dziecka'),(1723,'Zabawki',1066,963,'Dla dziecka|Zabawki'),(1724,'Klocki',1054,1066,'Dla dziecka|Zabawki|Klocki'),(1725,'Gry dziecięce',1055,1066,'Dla dziecka|Zabawki|Gry dziecięce'),(1726,'Maskotki',1063,1066,'Dla dziecka|Zabawki|Maskotki'),(1727,'Zabawki edukacyjne',1069,1066,'Dla dziecka|Zabawki|Zabawki edukacyjne'),(1728,'Zabawki interaktywne',2173,1069,'Dla dziecka|Zabawki|Zabawki edukacyjne|Zabawki interaktywne'),(1729,'Zabawki plastyczne',2174,1069,'Dla dziecka|Zabawki|Zabawki edukacyjne|Zabawki plastyczne'),(1730,'Pozostałe zabawki edukacyjne',2175,1069,'Dla dziecka|Zabawki|Zabawki edukacyjne|Pozostałe zabawki edukacyjne'),(1731,'Zabawki muzyczne',3134,1069,'Dla dziecka|Zabawki|Zabawki edukacyjne|Zabawki muzyczne'),(1732,'Mali naukowcy',3135,1069,'Dla dziecka|Zabawki|Zabawki edukacyjne|Mali naukowcy'),(1733,'Kucyki',1146,1066,'Dla dziecka|Zabawki|Kucyki'),(1734,'Kolejki',1150,1066,'Dla dziecka|Zabawki|Kolejki'),(1735,'Figurki makiety i zestawy',1151,1066,'Dla dziecka|Zabawki|Figurki makiety i zestawy'),(1736,'Kąciki zabaw',1152,1066,'Dla dziecka|Zabawki|Kąciki zabaw'),(1737,'Pozostałe zabawki',1153,1066,'Dla dziecka|Zabawki|Pozostałe zabawki'),(1738,'Puzzle',1159,1066,'Dla dziecka|Zabawki|Puzzle'),(1739,'Auta i inne pojazdy do zabawy',1160,1066,'Dla dziecka|Zabawki|Auta i inne pojazdy do zabawy'),(1740,'Zabawki militarne',1163,1066,'Dla dziecka|Zabawki|Zabawki militarne'),(1741,'Zabawki do kąpieli',2176,1066,'Dla dziecka|Zabawki|Zabawki do kąpieli'),(1742,'Zabawki zdalnie sterowane',2190,1066,'Dla dziecka|Zabawki|Zabawki zdalnie sterowane'),(1743,'Parkingi garaże i tory wyścigowe',2191,1066,'Dla dziecka|Zabawki|Parkingi garaże i tory wyścigowe'),(1744,'Lalki i akcesoria',2192,1066,'Dla dziecka|Zabawki|Lalki i akcesoria'),(1745,'Lalki',1056,2192,'Dla dziecka|Zabawki|Lalki i akcesoria|Lalki'),(1746,'Akcesoria dla lalek',1079,2192,'Dla dziecka|Zabawki|Lalki i akcesoria|Akcesoria dla lalek'),(1747,'Bujaki i zabawki na biegunach',3133,1066,'Dla dziecka|Zabawki|Bujaki i zabawki na biegunach'),(1748,'Zabawki ekologiczne',3136,1066,'Dla dziecka|Zabawki|Zabawki ekologiczne'),(1749,'Zabawa niemowląt',1067,963,'Dla dziecka|Zabawa niemowląt'),(1750,'Grzechotki i gryzaki',2168,1067,'Dla dziecka|Zabawa niemowląt|Grzechotki i gryzaki'),(1751,'Zabawki edukacyjne dla niemowląt',2169,1067,'Dla dziecka|Zabawa niemowląt|Zabawki edukacyjne dla niemowląt'),(1752,'Maty edukacyjne',2170,1067,'Dla dziecka|Zabawa niemowląt|Maty edukacyjne'),(1753,'Zabawki do wózka łóżeczka i fotelika',2171,1067,'Dla dziecka|Zabawa niemowląt|Zabawki do wózka łóżeczka i fotelika'),(1754,'Pozostałe zabawki dla niemowląt',2172,1067,'Dla dziecka|Zabawa niemowląt|Pozostałe zabawki dla niemowląt'),(1755,'Leżaczki bujaki i huśtawki niemowlęce',2219,1067,'Dla dziecka|Zabawa niemowląt|Leżaczki bujaki i huśtawki niemowlęce'),(1756,'Chodziki',2220,1067,'Dla dziecka|Zabawa niemowląt|Chodziki'),(1757,'Kojce',3221,1067,'Dla dziecka|Zabawa niemowląt|Kojce'),(1758,'Pokoik dziecięcy',1186,963,'Dla dziecka|Pokoik dziecięcy'),(1759,'Pościel dla dzieci',1143,1186,'Dla dziecka|Pokoik dziecięcy|Pościel dla dzieci'),(1760,'Firany zasłony i rolety dziecięce',1187,1186,'Dla dziecka|Pokoik dziecięcy|Firany zasłony i rolety dziecięce'),(1761,'Lampki dziecięce',1188,1186,'Dla dziecka|Pokoik dziecięcy|Lampki dziecięce'),(1762,'Dziecięce akcesoria dekoracyjne',1191,1186,'Dla dziecka|Pokoik dziecięcy|Dziecięce akcesoria dekoracyjne'),(1763,'Dywaniki dziecięce',2004,1186,'Dla dziecka|Pokoik dziecięcy|Dywaniki dziecięce'),(1764,'Koce i narzuty dziecięce',2205,1186,'Dla dziecka|Pokoik dziecięcy|Koce i narzuty dziecięce'),(1765,'Meble dziecięce i akcesoria',2223,1186,'Dla dziecka|Pokoik dziecięcy|Meble dziecięce i akcesoria'),(1766,'Pozostałe meble dziecięce',1068,2223,'Dla dziecka|Pokoik dziecięcy|Meble dziecięce i akcesoria|Pozostałe meble dziecięce'),(1767,'Łóżeczka dziecięce',2224,2223,'Dla dziecka|Pokoik dziecięcy|Meble dziecięce i akcesoria|Łóżeczka dziecięce'),(1768,'Akcesoria do mebli dziecięcych',2225,2223,'Dla dziecka|Pokoik dziecięcy|Meble dziecięce i akcesoria|Akcesoria do mebli dziecięcych'),(1769,'Skrzynie i pojemniki na zabawki',2226,2223,'Dla dziecka|Pokoik dziecięcy|Meble dziecięce i akcesoria|Skrzynie i pojemniki na zabawki'),(1770,'Zestawy mebli dziecięcych',3142,2223,'Dla dziecka|Pokoik dziecięcy|Meble dziecięce i akcesoria|Zestawy mebli dziecięcych'),(1771,'Pozostałe wyposażenie pokoju dziecięcego',2228,1186,'Dla dziecka|Pokoik dziecięcy|Pozostałe wyposażenie pokoju dziecięcego'),(1772,'Ramki odlewy i albumy dziecięce',3143,1186,'Dla dziecka|Pokoik dziecięcy|Ramki odlewy i albumy dziecięce'),(1773,'Zabawki ogrodowe',1201,963,'Dla dziecka|Zabawki ogrodowe'),(1774,'Rowerki i inne pojazdy dla dzieci',1064,1201,'Dla dziecka|Zabawki ogrodowe|Rowerki i inne pojazdy dla dzieci'),(1775,'Zabawki i gry sportowe',2178,1201,'Dla dziecka|Zabawki ogrodowe|Zabawki i gry sportowe'),(1776,'Place zabaw',2180,1201,'Dla dziecka|Zabawki ogrodowe|Place zabaw'),(1777,'Baseny dla dzieci',2181,1201,'Dla dziecka|Zabawki ogrodowe|Baseny dla dzieci'),(1778,'Domki i namioty dla dzieci',2182,1201,'Dla dziecka|Zabawki ogrodowe|Domki i namioty dla dzieci'),(1779,'Piaskownice i zabawki do piasku',2183,1201,'Dla dziecka|Zabawki ogrodowe|Piaskownice i zabawki do piasku'),(1780,'Pozostałe zabawki ogrodowe',2185,1201,'Dla dziecka|Zabawki ogrodowe|Pozostałe zabawki ogrodowe'),(1781,'Piłki dla dzieci',3137,1201,'Dla dziecka|Zabawki ogrodowe|Piłki dla dzieci'),(1782,'Akcesoria do zabawek ogrodowych',3217,1201,'Dla dziecka|Zabawki ogrodowe|Akcesoria do zabawek ogrodowych'),(1783,'Artykuły szkolne',1475,963,'Dla dziecka|Artykuły szkolne'),(1784,'Piórniki',1476,1475,'Dla dziecka|Artykuły szkolne|Piórniki'),(1785,'Przybory i akcesoria szkolne',1477,1475,'Dla dziecka|Artykuły szkolne|Przybory i akcesoria szkolne'),(1786,'Tornistry plecaki i torby szkolne',1480,1475,'Dla dziecka|Artykuły szkolne|Tornistry plecaki i torby szkolne'),(1787,'Pielęgnacja i zdrowie dziecka',2197,963,'Dla dziecka|Pielęgnacja i zdrowie dziecka'),(1788,'Kosmetyki dla dzieci i niemowląt',735,2197,'Dla dziecka|Pielęgnacja i zdrowie dziecka|Kosmetyki dla dzieci i niemowląt'),(1789,'Smoczki i akcesoria',969,2197,'Dla dziecka|Pielęgnacja i zdrowie dziecka|Smoczki i akcesoria'),(1790,'Zabezpieczenie mebli drzwi i elektryki',1077,2197,'Dla dziecka|Pielęgnacja i zdrowie dziecka|Zabezpieczenie mebli drzwi i elektryki'),(1791,'Ręczniki i okrycia kąpielowe',2003,2197,'Dla dziecka|Pielęgnacja i zdrowie dziecka|Ręczniki i okrycia kąpielowe'),(1792,'Komody kąpielowe wanienki i przewijaki',2198,2197,'Dla dziecka|Pielęgnacja i zdrowie dziecka|Komody kąpielowe wanienki i przewijaki'),(1793,'Nocniki nakładki na WC i podesty',2199,2197,'Dla dziecka|Pielęgnacja i zdrowie dziecka|Nocniki nakładki na WC i podesty'),(1794,'Pieluszki',2200,2197,'Dla dziecka|Pielęgnacja i zdrowie dziecka|Pieluszki'),(1795,'Pozostałe akcesoria do pielęgnacji dzieci',2204,2197,'Dla dziecka|Pielęgnacja i zdrowie dziecka|Pozostałe akcesoria do pielęgnacji dzieci'),(1796,'Termometry wagi i aspiratory',3140,2197,'Dla dziecka|Pielęgnacja i zdrowie dziecka|Termometry wagi i aspiratory'),(1797,'Nianie elektroniczne i monitory oddechu',3223,2197,'Dla dziecka|Pielęgnacja i zdrowie dziecka|Nianie elektroniczne i monitory oddechu'),(1798,'Karmienie dziecka',2206,963,'Dla dziecka|Karmienie dziecka'),(1799,'Śliniaki i fartuszki',901,2206,'Dla dziecka|Karmienie dziecka|Śliniaki i fartuszki'),(1800,'Butelki i akcesoria',966,2206,'Dla dziecka|Karmienie dziecka|Butelki i akcesoria'),(1801,'Naczynia i sztućce dla dzieci',2207,2206,'Dla dziecka|Karmienie dziecka|Naczynia i sztućce dla dzieci'),(1802,'Krzesełka do karmienia',2209,2206,'Dla dziecka|Karmienie dziecka|Krzesełka do karmienia'),(1803,'Pozostałe akcesoria do karmienia dzieci',2210,2206,'Dla dziecka|Karmienie dziecka|Pozostałe akcesoria do karmienia dzieci'),(1804,'Kaszki mleko i dania dla dzieci',2647,2206,'Dla dziecka|Karmienie dziecka|Kaszki mleko i dania dla dzieci'),(1805,'Podgrzewacze i sterylizatory',3385,2206,'Dla dziecka|Karmienie dziecka|Podgrzewacze i sterylizatory'),(1806,'Podróż i spacer z dzieckiem',3222,963,'Dla dziecka|Podróż i spacer z dzieckiem'),(1807,'Foteliki samochodowe',1070,3222,'Dla dziecka|Podróż i spacer z dzieckiem|Foteliki samochodowe'),(1808,'Wózki i akcesoria',1100,3222,'Dla dziecka|Podróż i spacer z dzieckiem|Wózki i akcesoria'),(1809,'Wózki głębokie',2214,1100,'Dla dziecka|Podróż i spacer z dzieckiem|Wózki i akcesoria|Wózki głębokie'),(1810,'Wózki spacerowe',2215,1100,'Dla dziecka|Podróż i spacer z dzieckiem|Wózki i akcesoria|Wózki spacerowe'),(1811,'Wózki wielofunkcyjne',2216,1100,'Dla dziecka|Podróż i spacer z dzieckiem|Wózki i akcesoria|Wózki wielofunkcyjne'),(1812,'Wózki dla bliźniaków',2217,1100,'Dla dziecka|Podróż i spacer z dzieckiem|Wózki i akcesoria|Wózki dla bliźniaków'),(1813,'Akcesoria do wózków',2218,1100,'Dla dziecka|Podróż i spacer z dzieckiem|Wózki i akcesoria|Akcesoria do wózków'),(1814,'Nosidełka i chusty',2212,3222,'Dla dziecka|Podróż i spacer z dzieckiem|Nosidełka i chusty'),(1815,'Torby i przyborniki na akcesoria dla dzieci',2213,3222,'Dla dziecka|Podróż i spacer z dzieckiem|Torby i przyborniki na akcesoria dla dzieci'),(1816,'Akcesoria samochodowe dla dzieci',3138,3222,'Dla dziecka|Podróż i spacer z dzieckiem|Akcesoria samochodowe dla dzieci'),(1817,'Pozostałe akcesoria na podróż i spacer z dzieckiem',3224,3222,'Dla dziecka|Podróż i spacer z dzieckiem|Pozostałe akcesoria na podróż i spacer z dzieckiem'),(1818,'Ciąża i karmienie piersią',3384,963,'Dla dziecka|Ciąża i karmienie piersią'),(1819,'Akcesoria dla mamy',964,3384,'Dla dziecka|Ciąża i karmienie piersią|Akcesoria dla mamy'),(1820,'Laktatory',3383,3384,'Dla dziecka|Ciąża i karmienie piersią|Laktatory'),(1821,'Biżuteria i zegarki',1109,0,'Biżuteria i zegarki'),(1822,'Biżuteria dla kobiet',1120,1109,'Biżuteria i zegarki|Biżuteria dla kobiet'),(1823,'Broszki',1122,1120,'Biżuteria i zegarki|Biżuteria dla kobiet|Broszki'),(1824,'Bransoletki',1123,1120,'Biżuteria i zegarki|Biżuteria dla kobiet|Bransoletki'),(1825,'Kolczyki',1124,1120,'Biżuteria i zegarki|Biżuteria dla kobiet|Kolczyki'),(1826,'Charmsy',1125,1120,'Biżuteria i zegarki|Biżuteria dla kobiet|Charmsy'),(1827,'Komplety',1126,1120,'Biżuteria i zegarki|Biżuteria dla kobiet|Komplety'),(1828,'Korale',1127,1120,'Biżuteria i zegarki|Biżuteria dla kobiet|Korale'),(1829,'Naszyjniki',1128,1120,'Biżuteria i zegarki|Biżuteria dla kobiet|Naszyjniki'),(1830,'Łańcuszki',1130,1120,'Biżuteria i zegarki|Biżuteria dla kobiet|Łańcuszki'),(1831,'Wisiorki',1132,1120,'Biżuteria i zegarki|Biżuteria dla kobiet|Wisiorki'),(1832,'Pozostała biżuteria',1133,1120,'Biżuteria i zegarki|Biżuteria dla kobiet|Pozostała biżuteria'),(1833,'Pierścionki',3170,1120,'Biżuteria i zegarki|Biżuteria dla kobiet|Pierścionki'),(1834,'Obrączki ślubne',3171,1120,'Biżuteria i zegarki|Biżuteria dla kobiet|Obrączki ślubne'),(1835,'Bodypiercing',1121,1109,'Biżuteria i zegarki|Bodypiercing'),(1836,'Biżuteria dla mężczyzn',1134,1109,'Biżuteria i zegarki|Biżuteria dla mężczyzn'),(1837,'Zegarki',1138,1109,'Biżuteria i zegarki|Zegarki'),(1838,'Zegarki męskie',1140,1138,'Biżuteria i zegarki|Zegarki|Zegarki męskie'),(1839,'Zegarki dziecięce',1141,1138,'Biżuteria i zegarki|Zegarki|Zegarki dziecięce'),(1840,'Zegarki damskie',1142,1138,'Biżuteria i zegarki|Zegarki|Zegarki damskie'),(1841,'Akcesoria do zegarków',2562,1138,'Biżuteria i zegarki|Zegarki|Akcesoria do zegarków'),(1842,'Dewocjonalia',1165,1109,'Biżuteria i zegarki|Dewocjonalia'),(1843,'Biuro i firma',2286,0,'Biuro i firma'),(1844,'Klimatyzacja i wentylacja',744,2286,'Biuro i firma|Klimatyzacja i wentylacja'),(1845,'Akcesoria uniwersalne do techniki grzewczej',772,744,'Biuro i firma|Klimatyzacja i wentylacja|Akcesoria uniwersalne do techniki grzewczej'),(1846,'Wentylacja',1956,744,'Biuro i firma|Klimatyzacja i wentylacja|Wentylacja'),(1847,'Wentylatory przemysłowe',438,1956,'Biuro i firma|Klimatyzacja i wentylacja|Wentylacja|Wentylatory przemysłowe'),(1848,'Kurtyny powietrzne',1957,1956,'Biuro i firma|Klimatyzacja i wentylacja|Wentylacja|Kurtyny powietrzne'),(1849,'Centrale rekuperacyjne',1958,1956,'Biuro i firma|Klimatyzacja i wentylacja|Wentylacja|Centrale rekuperacyjne'),(1850,'Akcesoria do wentylacji',1959,1956,'Biuro i firma|Klimatyzacja i wentylacja|Wentylacja|Akcesoria do wentylacji'),(1851,'Systemy kominowe',2098,1956,'Biuro i firma|Klimatyzacja i wentylacja|Wentylacja|Systemy kominowe'),(1852,'Klimatyzacja',1978,744,'Biuro i firma|Klimatyzacja i wentylacja|Klimatyzacja'),(1853,'Uzdatniacze powietrza',380,1978,'Biuro i firma|Klimatyzacja i wentylacja|Klimatyzacja|Uzdatniacze powietrza'),(1854,'Klimatyzatory typu split',771,1978,'Biuro i firma|Klimatyzacja i wentylacja|Klimatyzacja|Klimatyzatory typu split'),(1855,'Klimatyzatory typu kompakt',1979,1978,'Biuro i firma|Klimatyzacja i wentylacja|Klimatyzacja|Klimatyzatory typu kompakt'),(1856,'Akcesoria do klimatyzacji',1980,1978,'Biuro i firma|Klimatyzacja i wentylacja|Klimatyzacja|Akcesoria do klimatyzacji'),(1857,'Monitoring',768,2286,'Biuro i firma|Monitoring'),(1858,'Monitory przemysłowe',773,768,'Biuro i firma|Monitoring|Monitory przemysłowe'),(1859,'Akcesoria do monitoringu',778,768,'Biuro i firma|Monitoring|Akcesoria do monitoringu'),(1860,'Kontrola dostępu',781,768,'Biuro i firma|Monitoring|Kontrola dostępu'),(1861,'Rejestratory przemysłowe',790,768,'Biuro i firma|Monitoring|Rejestratory przemysłowe'),(1862,'Kamery przemysłowe i akcesoria',2316,768,'Biuro i firma|Monitoring|Kamery przemysłowe i akcesoria'),(1863,'Kamery przemysłowe',769,2316,'Biuro i firma|Monitoring|Kamery przemysłowe i akcesoria|Kamery przemysłowe'),(1864,'Akcesoria do kamer przemysłowych',2318,2316,'Biuro i firma|Monitoring|Kamery przemysłowe i akcesoria|Akcesoria do kamer przemysłowych'),(1865,'Pozostały sprzęt do monitoringu',2317,768,'Biuro i firma|Monitoring|Pozostały sprzęt do monitoringu'),(1866,'Zestawy do monitoringu',3021,768,'Biuro i firma|Monitoring|Zestawy do monitoringu'),(1867,'Meble biurowe',1400,2286,'Biuro i firma|Meble biurowe'),(1868,'Biurka',1423,1400,'Biuro i firma|Meble biurowe|Biurka'),(1869,'Fotele i krzesła biurowe',1424,1400,'Biuro i firma|Meble biurowe|Fotele i krzesła biurowe'),(1870,'Pozostałe meble biurowe',1425,1400,'Biuro i firma|Meble biurowe|Pozostałe meble biurowe'),(1871,'Zestawy mebli do biura',1749,1400,'Biuro i firma|Meble biurowe|Zestawy mebli do biura'),(1872,'Sejfy i szafki na klucze',2327,1400,'Biuro i firma|Meble biurowe|Sejfy i szafki na klucze'),(1873,'Szafy regały i kartoteki biurowe',2328,1400,'Biuro i firma|Meble biurowe|Szafy regały i kartoteki biurowe'),(1874,'Szafy socjalne',2329,1400,'Biuro i firma|Meble biurowe|Szafy socjalne'),(1875,'Stoły biurowe',2330,1400,'Biuro i firma|Meble biurowe|Stoły biurowe'),(1876,'Dodatki do mebli biurowych',2331,1400,'Biuro i firma|Meble biurowe|Dodatki do mebli biurowych'),(1877,'Recepcja',3148,1400,'Biuro i firma|Meble biurowe|Recepcja'),(1878,'Odzież obuwie i inne artykuły BHP',1485,2286,'Biuro i firma|Odzież obuwie i inne artykuły BHP'),(1879,'Obuwie robocze',1486,1485,'Biuro i firma|Odzież obuwie i inne artykuły BHP|Obuwie robocze'),(1880,'Rękawice robocze',1487,1485,'Biuro i firma|Odzież obuwie i inne artykuły BHP|Rękawice robocze'),(1881,'Odzież robocza',1488,1485,'Biuro i firma|Odzież obuwie i inne artykuły BHP|Odzież robocza'),(1882,'Okulary robocze',1861,1485,'Biuro i firma|Odzież obuwie i inne artykuły BHP|Okulary robocze'),(1883,'Pozostałe artykuły BHP',1862,1485,'Biuro i firma|Odzież obuwie i inne artykuły BHP|Pozostałe artykuły BHP'),(1884,'Instrukcje i znaki BHP',2319,1485,'Biuro i firma|Odzież obuwie i inne artykuły BHP|Instrukcje i znaki BHP'),(1885,'Sprzęt biurowy',2287,2286,'Biuro i firma|Sprzęt biurowy'),(1886,'Centrale telefoniczne',734,2287,'Biuro i firma|Sprzęt biurowy|Centrale telefoniczne'),(1887,'Projektory i sprzęt prezentacyjny',1510,2287,'Biuro i firma|Sprzęt biurowy|Projektory i sprzęt prezentacyjny'),(1888,'Projektory',305,1510,'Biuro i firma|Sprzęt biurowy|Projektory i sprzęt prezentacyjny|Projektory'),(1889,'Akcesoria do sprzętu prezentacyjnego',1511,1510,'Biuro i firma|Sprzęt biurowy|Projektory i sprzęt prezentacyjny|Akcesoria do sprzętu prezentacyjnego'),(1890,'Ekrany projekcyjne',1512,1510,'Biuro i firma|Sprzęt biurowy|Projektory i sprzęt prezentacyjny|Ekrany projekcyjne'),(1891,'Rzutniki pisma i slajdów',2304,1510,'Biuro i firma|Sprzęt biurowy|Projektory i sprzęt prezentacyjny|Rzutniki pisma i slajdów'),(1892,'Tablice interaktywne',2305,1510,'Biuro i firma|Sprzęt biurowy|Projektory i sprzęt prezentacyjny|Tablice interaktywne'),(1893,'Wizualizery',2306,1510,'Biuro i firma|Sprzęt biurowy|Projektory i sprzęt prezentacyjny|Wizualizery'),(1894,'Pozostały sprzęt prezentacyjny',2307,1510,'Biuro i firma|Sprzęt biurowy|Projektory i sprzęt prezentacyjny|Pozostały sprzęt prezentacyjny'),(1895,'Lampy do projektorów',3427,1510,'Biuro i firma|Sprzęt biurowy|Projektory i sprzęt prezentacyjny|Lampy do projektorów'),(1896,'Gilotyny do papieru',2291,2287,'Biuro i firma|Sprzęt biurowy|Gilotyny do papieru'),(1897,'Oprawa dokumentów',2292,2287,'Biuro i firma|Sprzęt biurowy|Oprawa dokumentów'),(1898,'Bindownice',2293,2292,'Biuro i firma|Sprzęt biurowy|Oprawa dokumentów|Bindownice'),(1899,'Laminatory',2294,2292,'Biuro i firma|Sprzęt biurowy|Oprawa dokumentów|Laminatory'),(1900,'Pozostałe urządzenia do opraw',2295,2292,'Biuro i firma|Sprzęt biurowy|Oprawa dokumentów|Pozostałe urządzenia do opraw'),(1901,'Akcesoria do opraw dokumentów',2296,2292,'Biuro i firma|Sprzęt biurowy|Oprawa dokumentów|Akcesoria do opraw dokumentów'),(1902,'Organizery i translatory elektroniczne',2297,2287,'Biuro i firma|Sprzęt biurowy|Organizery i translatory elektroniczne'),(1903,'Niszczarki',2298,2287,'Biuro i firma|Sprzęt biurowy|Niszczarki'),(1904,'Kserokopiarki i drukarki biurowe',2299,2287,'Biuro i firma|Sprzęt biurowy|Kserokopiarki i drukarki biurowe'),(1905,'Drukarki igłowe',451,2299,'Biuro i firma|Sprzęt biurowy|Kserokopiarki i drukarki biurowe|Drukarki igłowe'),(1906,'Kserokopiarki',1630,2299,'Biuro i firma|Sprzęt biurowy|Kserokopiarki i drukarki biurowe|Kserokopiarki'),(1907,'Plotery',1636,2299,'Biuro i firma|Sprzęt biurowy|Kserokopiarki i drukarki biurowe|Plotery'),(1908,'Drukarki etykiet',2300,2299,'Biuro i firma|Sprzęt biurowy|Kserokopiarki i drukarki biurowe|Drukarki etykiet'),(1909,'Akcesoria do kserokopiarek i drukarek biurowych',2301,2299,'Biuro i firma|Sprzęt biurowy|Kserokopiarki i drukarki biurowe|Akcesoria do kserokopiarek i drukarek biurowych'),(1910,'Kalkulatory',2308,2287,'Biuro i firma|Sprzęt biurowy|Kalkulatory'),(1911,'Pozostały sprzęt biurowy',2309,2287,'Biuro i firma|Sprzęt biurowy|Pozostały sprzęt biurowy'),(1912,'Urządzenia pakujące',2586,2287,'Biuro i firma|Sprzęt biurowy|Urządzenia pakujące'),(1913,'Utrzymanie czystości',2320,2286,'Biuro i firma|Utrzymanie czystości'),(1914,'Profesjonalne preparaty czyszczące',1072,2320,'Biuro i firma|Utrzymanie czystości|Profesjonalne preparaty czyszczące'),(1915,'Kosze i kontenery na śmieci',2321,2320,'Biuro i firma|Utrzymanie czystości|Kosze i kontenery na śmieci'),(1916,'Pozostałe akcesoria do utrzymania czystości',2322,2320,'Biuro i firma|Utrzymanie czystości|Pozostałe akcesoria do utrzymania czystości'),(1917,'Wózki do sprzątania',2323,2320,'Biuro i firma|Utrzymanie czystości|Wózki do sprzątania'),(1918,'Urządzenia sprzątające i akcesoria',2324,2320,'Biuro i firma|Utrzymanie czystości|Urządzenia sprzątające i akcesoria'),(1919,'Urządzenia sprzątające',1074,2324,'Biuro i firma|Utrzymanie czystości|Urządzenia sprzątające i akcesoria|Urządzenia sprzątające'),(1920,'Akcesoria do urządzeń sprzątających',2325,2324,'Biuro i firma|Utrzymanie czystości|Urządzenia sprzątające i akcesoria|Akcesoria do urządzeń sprzątających'),(1921,'Suszarki do rąk',2891,2320,'Biuro i firma|Utrzymanie czystości|Suszarki do rąk'),(1922,'Dozowniki papieru i mydła',2892,2320,'Biuro i firma|Utrzymanie czystości|Dozowniki papieru i mydła'),(1923,'Wyposażenie gabinetów medycznych i kosmetycznych',2332,2286,'Biuro i firma|Wyposażenie gabinetów medycznych i kosmetycznych'),(1924,'Gabinety medyczne',2333,2332,'Biuro i firma|Wyposażenie gabinetów medycznych i kosmetycznych|Gabinety medyczne'),(1925,'Sprzęt medyczny',2334,2333,'Biuro i firma|Wyposażenie gabinetów medycznych i kosmetycznych|Gabinety medyczne|Sprzęt medyczny'),(1926,'Meble i wyposażenie gabinetów medycznych',2338,2333,'Biuro i firma|Wyposażenie gabinetów medycznych i kosmetycznych|Gabinety medyczne|Meble i wyposażenie gabinetów medycznych'),(1927,'Drobne akcesoria medyczne',2936,2333,'Biuro i firma|Wyposażenie gabinetów medycznych i kosmetycznych|Gabinety medyczne|Drobne akcesoria medyczne'),(1928,'Sprzęt ratunkowy i szkoleniowy',2937,2333,'Biuro i firma|Wyposażenie gabinetów medycznych i kosmetycznych|Gabinety medyczne|Sprzęt ratunkowy i szkoleniowy'),(1929,'Gabinety kosmetyczne i fryzjerskie',2933,2332,'Biuro i firma|Wyposażenie gabinetów medycznych i kosmetycznych|Gabinety kosmetyczne i fryzjerskie'),(1930,'Solaria i sauny',2064,2933,'Biuro i firma|Wyposażenie gabinetów medycznych i kosmetycznych|Gabinety kosmetyczne i fryzjerskie|Solaria i sauny'),(1931,'Sprzęt do salonów fryzjerskich i kosmetycznych',2934,2933,'Biuro i firma|Wyposażenie gabinetów medycznych i kosmetycznych|Gabinety kosmetyczne i fryzjerskie|Sprzęt do salonów fryzjerskich i kosmetycznych'),(1932,'Meble do salonów fryzjerskich i kosmetycznych',2935,2933,'Biuro i firma|Wyposażenie gabinetów medycznych i kosmetycznych|Gabinety kosmetyczne i fryzjerskie|Meble do salonów fryzjerskich i kosmetycznych'),(1933,'Łóżka do masażu',2938,2933,'Biuro i firma|Wyposażenie gabinetów medycznych i kosmetycznych|Gabinety kosmetyczne i fryzjerskie|Łóżka do masażu'),(1934,'Oświetlenie do biura i firmy',2337,2286,'Biuro i firma|Oświetlenie do biura i firmy'),(1935,'Akcesoria i wyposażenie biurowe',2339,2286,'Biuro i firma|Akcesoria i wyposażenie biurowe'),(1936,'Przyborniki na biurko',1172,2339,'Biuro i firma|Akcesoria i wyposażenie biurowe|Przyborniki na biurko'),(1937,'Artykuły papiernicze',2341,2339,'Biuro i firma|Akcesoria i wyposażenie biurowe|Artykuły papiernicze'),(1938,'Organizacja dokumentów',2342,2339,'Biuro i firma|Akcesoria i wyposażenie biurowe|Organizacja dokumentów'),(1939,'Druki',2343,2339,'Biuro i firma|Akcesoria i wyposażenie biurowe|Druki'),(1940,'Korespondencja firmowa',2344,2339,'Biuro i firma|Akcesoria i wyposażenie biurowe|Korespondencja firmowa'),(1941,'Pozostałe akcesoria biurowe',2345,2339,'Biuro i firma|Akcesoria i wyposażenie biurowe|Pozostałe akcesoria biurowe'),(1942,'Dystrybutory wody',2634,2339,'Biuro i firma|Akcesoria i wyposażenie biurowe|Dystrybutory wody'),(1943,'Dziurkacze i zszywacze',2893,2339,'Biuro i firma|Akcesoria i wyposażenie biurowe|Dziurkacze i zszywacze'),(1944,'Pieczątki i numeratory',2894,2339,'Biuro i firma|Akcesoria i wyposażenie biurowe|Pieczątki i numeratory'),(1945,'Artykuły piśmiennicze',2896,2339,'Biuro i firma|Akcesoria i wyposażenie biurowe|Artykuły piśmiennicze'),(1946,'Skorowidze i planery',3145,2339,'Biuro i firma|Akcesoria i wyposażenie biurowe|Skorowidze i planery'),(1947,'Wizytowniki',3146,2339,'Biuro i firma|Akcesoria i wyposażenie biurowe|Wizytowniki'),(1948,'Rejestratory czasu pracy',3147,2339,'Biuro i firma|Akcesoria i wyposażenie biurowe|Rejestratory czasu pracy'),(1949,'Flagi i akcesoria',2508,2286,'Biuro i firma|Flagi i akcesoria'),(1950,'Handel i magazynowanie',2620,2286,'Biuro i firma|Handel i magazynowanie'),(1951,'Urządzenia fiskalne',2310,2620,'Biuro i firma|Handel i magazynowanie|Urządzenia fiskalne'),(1952,'Czytniki kodów kreskowych',1629,2310,'Biuro i firma|Handel i magazynowanie|Urządzenia fiskalne|Czytniki kodów kreskowych'),(1953,'Liczarki i testery pieniędzy',2311,2310,'Biuro i firma|Handel i magazynowanie|Urządzenia fiskalne|Liczarki i testery pieniędzy'),(1954,'Drukarki i kasy fiskalne',2312,2310,'Biuro i firma|Handel i magazynowanie|Urządzenia fiskalne|Drukarki i kasy fiskalne'),(1955,'Materiały eksploatacyjne do urządzeń fiskalnych',2313,2310,'Biuro i firma|Handel i magazynowanie|Urządzenia fiskalne|Materiały eksploatacyjne do urządzeń fiskalnych'),(1956,'Metkownice',2314,2310,'Biuro i firma|Handel i magazynowanie|Urządzenia fiskalne|Metkownice'),(1957,'Pozostałe urządzenia fiskalne',2315,2310,'Biuro i firma|Handel i magazynowanie|Urządzenia fiskalne|Pozostałe urządzenia fiskalne'),(1958,'Wózki transportowe',2928,2620,'Biuro i firma|Handel i magazynowanie|Wózki transportowe'),(1959,'Manekiny i ekspozytory',2929,2620,'Biuro i firma|Handel i magazynowanie|Manekiny i ekspozytory'),(1960,'Regały magazynowe',2930,2620,'Biuro i firma|Handel i magazynowanie|Regały magazynowe'),(1961,'Pozostałe wyposażenie sklepów i magazynów',2931,2620,'Biuro i firma|Handel i magazynowanie|Pozostałe wyposażenie sklepów i magazynów'),(1962,'Wagi sklepowe i magazynowe',2932,2620,'Biuro i firma|Handel i magazynowanie|Wagi sklepowe i magazynowe'),(1963,'Sprzęt detektywistyczny',2899,2286,'Biuro i firma|Sprzęt detektywistyczny'),(1964,'Podsłuchy',2900,2899,'Biuro i firma|Sprzęt detektywistyczny|Podsłuchy'),(1965,'Wykrywacze podsłuchów i kamer',2901,2899,'Biuro i firma|Sprzęt detektywistyczny|Wykrywacze podsłuchów i kamer'),(1966,'Mikrokamery dyktafony i inne rejestratory',2902,2899,'Biuro i firma|Sprzęt detektywistyczny|Mikrokamery dyktafony i inne rejestratory'),(1967,'Pozostały sprzęt detektywistyczny',2903,2899,'Biuro i firma|Sprzęt detektywistyczny|Pozostały sprzęt detektywistyczny'),(1968,'Rolnictwo',2904,2286,'Biuro i firma|Rolnictwo'),(1969,'Hodowla zwierząt',2905,2904,'Biuro i firma|Rolnictwo|Hodowla zwierząt'),(1970,'Sprzęt i akcesoria do hodowli zwierząt',2907,2905,'Biuro i firma|Rolnictwo|Hodowla zwierząt|Sprzęt i akcesoria do hodowli zwierząt'),(1971,'Pasze dla zwierząt',2908,2905,'Biuro i firma|Rolnictwo|Hodowla zwierząt|Pasze dla zwierząt'),(1972,'Wyposażenie stajni i obory',2909,2905,'Biuro i firma|Rolnictwo|Hodowla zwierząt|Wyposażenie stajni i obory'),(1973,'Sprzęt rolniczy i akcesoria',2906,2904,'Biuro i firma|Rolnictwo|Sprzęt rolniczy i akcesoria'),(1974,'Akcesoria rolnicze',2910,2906,'Biuro i firma|Rolnictwo|Sprzęt rolniczy i akcesoria|Akcesoria rolnicze'),(1975,'Części do maszyn rolniczych',2911,2906,'Biuro i firma|Rolnictwo|Sprzęt rolniczy i akcesoria|Części do maszyn rolniczych'),(1976,'Urządzenia rolnicze',2912,2906,'Biuro i firma|Rolnictwo|Sprzęt rolniczy i akcesoria|Urządzenia rolnicze'),(1977,'Szkolnictwo i edukacja',2913,2286,'Biuro i firma|Szkolnictwo i edukacja'),(1978,'Tablice i flipcharty',2347,2913,'Biuro i firma|Szkolnictwo i edukacja|Tablice i flipcharty'),(1979,'Meble do szkół i przedszkoli',2914,2913,'Biuro i firma|Szkolnictwo i edukacja|Meble do szkół i przedszkoli'),(1980,'Pomoce naukowe',2915,2913,'Biuro i firma|Szkolnictwo i edukacja|Pomoce naukowe'),(1981,'Mapy ścienne',3047,2913,'Biuro i firma|Szkolnictwo i edukacja|Mapy ścienne'),(1982,'Kursy i szkolenia',3149,2913,'Biuro i firma|Szkolnictwo i edukacja|Kursy i szkolenia'),(1983,'Wyposażenie sportowe i gimnastyczne',3150,2913,'Biuro i firma|Szkolnictwo i edukacja|Wyposażenie sportowe i gimnastyczne'),(1984,'Reklama i poligrafia',2916,2286,'Biuro i firma|Reklama i poligrafia'),(1985,'Telebimy monitory i panele LED',2917,2916,'Biuro i firma|Reklama i poligrafia|Telebimy monitory i panele LED'),(1986,'Akcesoria i gadżety reklamowe',2918,2916,'Biuro i firma|Reklama i poligrafia|Akcesoria i gadżety reklamowe'),(1987,'Tablice potykacze i stojaki reklamowe',2919,2916,'Biuro i firma|Reklama i poligrafia|Tablice potykacze i stojaki reklamowe'),(1988,'Usługi poligraficzne',3023,2916,'Biuro i firma|Reklama i poligrafia|Usługi poligraficzne'),(1989,'Gastronomia',2920,2286,'Biuro i firma|Gastronomia'),(1990,'Sprzęt gastronomiczny',2921,2920,'Biuro i firma|Gastronomia|Sprzęt gastronomiczny'),(1991,'Urządzenia chłodnicze',2922,2921,'Biuro i firma|Gastronomia|Sprzęt gastronomiczny|Urządzenia chłodnicze'),(1992,'Urządzenia grzewcze',2923,2921,'Biuro i firma|Gastronomia|Sprzęt gastronomiczny|Urządzenia grzewcze'),(1993,'Pozostały sprzęt gastronomiczny',2924,2921,'Biuro i firma|Gastronomia|Sprzęt gastronomiczny|Pozostały sprzęt gastronomiczny'),(1994,'Akcesoria dla barmanów i kelnerów',2925,2920,'Biuro i firma|Gastronomia|Akcesoria dla barmanów i kelnerów'),(1995,'Drobne akcesoria gastronomiczne',2926,2920,'Biuro i firma|Gastronomia|Drobne akcesoria gastronomiczne'),(1996,'Wyposażenie lokali gastronomicznych',2927,2920,'Biuro i firma|Gastronomia|Wyposażenie lokali gastronomicznych'),(1997,'Infrastruktura drogowa i publiczna',3045,2286,'Biuro i firma|Infrastruktura drogowa i publiczna'),(1998,'Turbiny wiatrowe',3046,2286,'Biuro i firma|Turbiny wiatrowe'),(1999,'Muzyka',2379,0,'Muzyka'),(2000,'Instrumenty muzyczne',2380,2379,'Muzyka|Instrumenty muzyczne'),(2001,'Instrumenty klawiszowe i akcesoria',2381,2380,'Muzyka|Instrumenty muzyczne|Instrumenty klawiszowe i akcesoria'),(2002,'Instrumenty klawiszowe',2382,2381,'Muzyka|Instrumenty muzyczne|Instrumenty klawiszowe i akcesoria|Instrumenty klawiszowe'),(2003,'Akcesoria do instrumentów klawiszowych',2383,2381,'Muzyka|Instrumenty muzyczne|Instrumenty klawiszowe i akcesoria|Akcesoria do instrumentów klawiszowych'),(2004,'Instrumenty dęte i akcesoria',2384,2380,'Muzyka|Instrumenty muzyczne|Instrumenty dęte i akcesoria'),(2005,'Instrumenty dęte',2385,2384,'Muzyka|Instrumenty muzyczne|Instrumenty dęte i akcesoria|Instrumenty dęte'),(2006,'Akcesoria do instrumentów dętych',2386,2384,'Muzyka|Instrumenty muzyczne|Instrumenty dęte i akcesoria|Akcesoria do instrumentów dętych'),(2007,'Instrumenty perkusyjne i akcesoria',2387,2380,'Muzyka|Instrumenty muzyczne|Instrumenty perkusyjne i akcesoria'),(2008,'Instrumenty perkusyjne',2388,2387,'Muzyka|Instrumenty muzyczne|Instrumenty perkusyjne i akcesoria|Instrumenty perkusyjne'),(2009,'Akcesoria do instrumentów perkusyjnych',2395,2387,'Muzyka|Instrumenty muzyczne|Instrumenty perkusyjne i akcesoria|Akcesoria do instrumentów perkusyjnych'),(2010,'Instrumenty smyczkowe i akcesoria',2396,2380,'Muzyka|Instrumenty muzyczne|Instrumenty smyczkowe i akcesoria'),(2011,'Instrumenty smyczkowe',2397,2396,'Muzyka|Instrumenty muzyczne|Instrumenty smyczkowe i akcesoria|Instrumenty smyczkowe'),(2012,'Akcesoria do instrumentów smyczkowych',2398,2396,'Muzyka|Instrumenty muzyczne|Instrumenty smyczkowe i akcesoria|Akcesoria do instrumentów smyczkowych'),(2013,'Gitary i akcesoria',2399,2380,'Muzyka|Instrumenty muzyczne|Gitary i akcesoria'),(2014,'Gitary',2400,2399,'Muzyka|Instrumenty muzyczne|Gitary i akcesoria|Gitary'),(2015,'Wzmacniacze do gitar',2401,2399,'Muzyka|Instrumenty muzyczne|Gitary i akcesoria|Wzmacniacze do gitar'),(2016,'Akcesoria do gitar',3087,2399,'Muzyka|Instrumenty muzyczne|Gitary i akcesoria|Akcesoria do gitar'),(2017,'Akcesoria uniwersalne do instrumentów muzycznych',2404,2380,'Muzyka|Instrumenty muzyczne|Akcesoria uniwersalne do instrumentów muzycznych'),(2018,'Sprzęt estradowy studyjny i DJ',2389,2379,'Muzyka|Sprzęt estradowy studyjny i DJ'),(2019,'Mikrofony i akcesoria',2390,2389,'Muzyka|Sprzęt estradowy studyjny i DJ|Mikrofony i akcesoria'),(2020,'Mikrofony',325,2390,'Muzyka|Sprzęt estradowy studyjny i DJ|Mikrofony i akcesoria|Mikrofony'),(2021,'Akcesoria do mikrofonów',2405,2390,'Muzyka|Sprzęt estradowy studyjny i DJ|Mikrofony i akcesoria|Akcesoria do mikrofonów'),(2022,'Sprzęt DJ',2391,2389,'Muzyka|Sprzęt estradowy studyjny i DJ|Sprzęt DJ'),(2023,'Miksery DJ',2392,2391,'Muzyka|Sprzęt estradowy studyjny i DJ|Sprzęt DJ|Miksery DJ'),(2024,'Odtwarzacze DJ',2393,2391,'Muzyka|Sprzęt estradowy studyjny i DJ|Sprzęt DJ|Odtwarzacze DJ'),(2025,'Pozostały sprzęt DJ',2394,2391,'Muzyka|Sprzęt estradowy studyjny i DJ|Sprzęt DJ|Pozostały sprzęt DJ'),(2026,'Kolumny i głośniki estradowe',2411,2389,'Muzyka|Sprzęt estradowy studyjny i DJ|Kolumny i głośniki estradowe'),(2027,'Miksery i powermiksery',2412,2389,'Muzyka|Sprzęt estradowy studyjny i DJ|Miksery i powermiksery'),(2028,'Akcesoria estradowe i studyjne',2413,2389,'Muzyka|Sprzęt estradowy studyjny i DJ|Akcesoria estradowe i studyjne'),(2029,'Oświetlenie i efekty estradowe',2416,2389,'Muzyka|Sprzęt estradowy studyjny i DJ|Oświetlenie i efekty estradowe'),(2030,'Akcesoria do oświetlenia estradowego',2417,2416,'Muzyka|Sprzęt estradowy studyjny i DJ|Oświetlenie i efekty estradowe|Akcesoria do oświetlenia estradowego'),(2031,'Sprzęt oświetleniowy',2418,2416,'Muzyka|Sprzęt estradowy studyjny i DJ|Oświetlenie i efekty estradowe|Sprzęt oświetleniowy'),(2032,'Wytwornice efektów',2423,2416,'Muzyka|Sprzęt estradowy studyjny i DJ|Oświetlenie i efekty estradowe|Wytwornice efektów'),(2033,'Pozostały sprzęt estradowy i studyjny',2424,2389,'Muzyka|Sprzęt estradowy studyjny i DJ|Pozostały sprzęt estradowy i studyjny'),(2034,'Płyty muzyczne',2407,2379,'Muzyka|Płyty muzyczne'),(2035,'Płyty kompaktowe',2408,2407,'Muzyka|Płyty muzyczne|Płyty kompaktowe'),(2036,'Płyty winylowe',2409,2407,'Muzyka|Płyty muzyczne|Płyty winylowe'),(2037,'Koncerty i dvd muzyczne',2410,2407,'Muzyka|Płyty muzyczne|Koncerty i dvd muzyczne'),(2038,'Kolekcje i zestawy płyt',2969,2407,'Muzyka|Płyty muzyczne|Kolekcje i zestawy płyt'),(2039,'Muzyka mp3',2970,2379,'Muzyka|Muzyka mp3'),(2040,'Gadżety muzyczne',2971,2379,'Muzyka|Gadżety muzyczne'),(2041,'Odzież muzyczna',2972,2971,'Muzyka|Gadżety muzyczne|Odzież muzyczna'),(2042,'Torby plecaki kosmetyczki muzyczne',2973,2971,'Muzyka|Gadżety muzyczne|Torby plecaki kosmetyczki muzyczne'),(2043,'Pozostałe gadżety muzyczne',2974,2971,'Muzyka|Gadżety muzyczne|Pozostałe gadżety muzyczne'),(2044,'Księgarnia',2695,0,'Księgarnia'),(2045,'Książki',288,2695,'Księgarnia|Książki'),(2046,'Informatyka',398,288,'Księgarnia|Książki|Informatyka'),(2047,'Mapy i przewodniki',399,288,'Księgarnia|Książki|Mapy i przewodniki'),(2048,'Encyklopedie i leksykony',405,288,'Księgarnia|Książki|Encyklopedie i leksykony'),(2049,'Historia i literatura faktu',409,288,'Księgarnia|Książki|Historia i literatura faktu'),(2050,'Komiksy',410,288,'Księgarnia|Książki|Komiksy'),(2051,'Podręczniki szkolne',412,288,'Księgarnia|Książki|Podręczniki szkolne'),(2052,'Poezja',418,288,'Księgarnia|Książki|Poezja'),(2053,'Albumy',426,288,'Księgarnia|Książki|Albumy'),(2054,'Nauka języków obcych',429,288,'Księgarnia|Książki|Nauka języków obcych'),(2055,'Język angielski',430,429,'Księgarnia|Książki|Nauka języków obcych|Język angielski'),(2056,'Pozostałe języki',431,429,'Księgarnia|Książki|Nauka języków obcych|Pozostałe języki'),(2057,'Język francuski',432,429,'Księgarnia|Książki|Nauka języków obcych|Język francuski'),(2058,'Język hiszpański',433,429,'Księgarnia|Książki|Nauka języków obcych|Język hiszpański'),(2059,'Język niemiecki',434,429,'Księgarnia|Książki|Nauka języków obcych|Język niemiecki'),(2060,'Język rosyjski',435,429,'Księgarnia|Książki|Nauka języków obcych|Język rosyjski'),(2061,'Język włoski',436,429,'Księgarnia|Książki|Nauka języków obcych|Język włoski'),(2062,'Religia',445,288,'Księgarnia|Książki|Religia'),(2063,'Pozostałe książki',454,288,'Księgarnia|Książki|Pozostałe książki'),(2064,'Biografie i dzienniki',2493,288,'Księgarnia|Książki|Biografie i dzienniki'),(2065,'Literatura piękna i popularna',2494,288,'Księgarnia|Książki|Literatura piękna i popularna'),(2066,'Literatura dla dzieci i młodzieży',403,2494,'Księgarnia|Książki|Literatura piękna i popularna|Literatura dla dzieci i młodzieży'),(2067,'Fantastyka i fantasy',407,2494,'Księgarnia|Książki|Literatura piękna i popularna|Fantastyka i fantasy'),(2068,'Literatura sensacyjna i grozy',414,2494,'Księgarnia|Książki|Literatura piękna i popularna|Literatura sensacyjna i grozy'),(2069,'Romanse',420,2494,'Księgarnia|Książki|Literatura piękna i popularna|Romanse'),(2070,'Powieści i opowiadania',425,2494,'Księgarnia|Książki|Literatura piękna i popularna|Powieści i opowiadania'),(2071,'Literatura obcojęzyczna',724,2494,'Księgarnia|Książki|Literatura piękna i popularna|Literatura obcojęzyczna'),(2072,'Literatura popularnonaukowa',2743,2494,'Księgarnia|Książki|Literatura piękna i popularna|Literatura popularnonaukowa'),(2073,'Podręczniki akademickie',2495,288,'Księgarnia|Książki|Podręczniki akademickie'),(2074,'Ekonomia i biznes',400,2495,'Księgarnia|Książki|Podręczniki akademickie|Ekonomia i biznes'),(2075,'Prawo i administracja',401,2495,'Księgarnia|Książki|Podręczniki akademickie|Prawo i administracja'),(2076,'Nauki humanistyczne i społeczne',408,2495,'Księgarnia|Książki|Podręczniki akademickie|Nauki humanistyczne i społeczne'),(2077,'Nauki techniczne',413,2495,'Księgarnia|Książki|Podręczniki akademickie|Nauki techniczne'),(2078,'Sztuka',421,2495,'Księgarnia|Książki|Podręczniki akademickie|Sztuka'),(2079,'Nauki medyczne',422,2495,'Księgarnia|Książki|Podręczniki akademickie|Nauki medyczne'),(2080,'Politologia',447,2495,'Księgarnia|Książki|Podręczniki akademickie|Politologia'),(2081,'Nauki przyrodnicze i matematyczne',2744,2495,'Księgarnia|Książki|Podręczniki akademickie|Nauki przyrodnicze i matematyczne'),(2082,'Nauki rolnicze',2745,2495,'Księgarnia|Książki|Podręczniki akademickie|Nauki rolnicze'),(2083,'Pozostałe podręczniki akademickie',2746,2495,'Księgarnia|Książki|Podręczniki akademickie|Pozostałe podręczniki akademickie'),(2084,'Poradniki',2496,288,'Księgarnia|Książki|Poradniki'),(2085,'Parapsychologia i ezoteryka',406,2496,'Księgarnia|Książki|Poradniki|Parapsychologia i ezoteryka'),(2086,'Kulinaria',411,2496,'Księgarnia|Książki|Poradniki|Kulinaria'),(2087,'Hobby, rozrywka',417,2496,'Księgarnia|Książki|Poradniki|Hobby, rozrywka'),(2088,'Poradniki psychologiczne',419,2496,'Księgarnia|Książki|Poradniki|Poradniki psychologiczne'),(2089,'Rośliny i zwierzęta',424,2496,'Księgarnia|Książki|Poradniki|Rośliny i zwierzęta'),(2090,'Samochody i motocykle',453,2496,'Księgarnia|Książki|Poradniki|Samochody i motocykle'),(2091,'Sport',2592,2496,'Księgarnia|Książki|Poradniki|Sport'),(2092,'Zdrowie i diety',2593,2496,'Księgarnia|Książki|Poradniki|Zdrowie i diety'),(2093,'Pozostałe poradniki',2701,2496,'Księgarnia|Książki|Poradniki|Pozostałe poradniki'),(2094,'Wnętrza i ogrody',2747,2496,'Księgarnia|Książki|Poradniki|Wnętrza i ogrody'),(2095,'E-booki',2696,2695,'Księgarnia|E-booki'),(2096,'E-albumy',3438,2696,'Księgarnia|E-booki|E-albumy'),(2097,'E-czasopisma',3439,2696,'Księgarnia|E-booki|E-czasopisma'),(2098,'E-biografie i dzienniki',3440,2696,'Księgarnia|E-booki|E-biografie i dzienniki'),(2099,'E-encyklopedie i leksykony',3441,2696,'Księgarnia|E-booki|E-encyklopedie i leksykony'),(2100,'E-historia i literatura faktu',3442,2696,'Księgarnia|E-booki|E-historia i literatura faktu'),(2101,'E-komiksy',3443,2696,'Księgarnia|E-booki|E-komiksy'),(2102,'E-informatyka',3444,2696,'Księgarnia|E-booki|E-informatyka'),(2103,'E-literatura piękna i popularna',3445,2696,'Księgarnia|E-booki|E-literatura piękna i popularna'),(2104,'E-mapy i przewodniki',3446,2696,'Księgarnia|E-booki|E-mapy i przewodniki'),(2105,'E-nauka języków obcych',3447,2696,'Księgarnia|E-booki|E-nauka języków obcych'),(2106,'E-podręczniki akademickie',3448,2696,'Księgarnia|E-booki|E-podręczniki akademickie'),(2107,'E-podręczniki szkolne',3449,2696,'Księgarnia|E-booki|E-podręczniki szkolne'),(2108,'E-poradniki',3450,2696,'Księgarnia|E-booki|E-poradniki'),(2109,'Pozostałe E-booki',3451,2696,'Księgarnia|E-booki|Pozostałe E-booki'),(2110,'Prasa i kalendarze',2697,2695,'Księgarnia|Prasa i kalendarze'),(2111,'Gazety i czasopisma',2704,2697,'Księgarnia|Prasa i kalendarze|Gazety i czasopisma'),(2112,'Kalendarze',2705,2697,'Księgarnia|Prasa i kalendarze|Kalendarze'),(2113,'Audiobooki',2703,2695,'Księgarnia|Audiobooki'),(2114,'Pozostałe audiobooki',3453,2703,'Księgarnia|Audiobooki|Pozostałe audiobooki'),(2115,'Audio-biografie i dzienniki',3455,2703,'Księgarnia|Audiobooki|Audio-biografie i dzienniki'),(2116,'Audio-czasopisma',3456,2703,'Księgarnia|Audiobooki|Audio-czasopisma'),(2117,'Audio-encyklopedie i leksykony',3457,2703,'Księgarnia|Audiobooki|Audio-encyklopedie i leksykony'),(2118,'Audio-filozofia i religia',3458,2703,'Księgarnia|Audiobooki|Audio-filozofia i religia'),(2119,'Audio-historia i literatura faktu',3459,2703,'Księgarnia|Audiobooki|Audio-historia i literatura faktu'),(2120,'Audio-literatura piękna i popularna ',3460,2703,'Księgarnia|Audiobooki|Audio-literatura piękna i popularna '),(2121,'Audio-mapy i przewodniki',3461,2703,'Księgarnia|Audiobooki|Audio-mapy i przewodniki'),(2122,'Audio-nauka języków obcych',3462,2703,'Księgarnia|Audiobooki|Audio-nauka języków obcych'),(2123,'Audio-podręczniki akademickie',3463,2703,'Księgarnia|Audiobooki|Audio-podręczniki akademickie'),(2124,'Audio-podręczniki szkolne',3464,2703,'Księgarnia|Audiobooki|Audio-podręczniki szkolne'),(2125,'Audio-poradniki',3465,2703,'Księgarnia|Audiobooki|Audio-poradniki'),(2126,'Kartki okolicznościowe',3314,2695,'Księgarnia|Kartki okolicznościowe'),(2127,'Zdrowie',2813,0,'Zdrowie'),(2128,'Antykoncepcja',695,2813,'Zdrowie|Antykoncepcja'),(2129,'Apteczki i materiały opatrunkowe',1610,2813,'Zdrowie|Apteczki i materiały opatrunkowe'),(2130,'Artykuły medyczne i rehabilitacyjne',2077,2813,'Zdrowie|Artykuły medyczne i rehabilitacyjne'),(2131,'Pozostałe artykuły medyczne i rehabilitacyjne',1594,2077,'Zdrowie|Artykuły medyczne i rehabilitacyjne|Pozostałe artykuły medyczne i rehabilitacyjne'),(2132,'Akcesoria do rehabilitacji',1606,2077,'Zdrowie|Artykuły medyczne i rehabilitacyjne|Akcesoria do rehabilitacji'),(2133,'Poduszki koce i materace lecznicze',2071,2077,'Zdrowie|Artykuły medyczne i rehabilitacyjne|Poduszki koce i materace lecznicze'),(2134,'Opaski elastyczne',2072,2077,'Zdrowie|Artykuły medyczne i rehabilitacyjne|Opaski elastyczne'),(2135,'Stabilizatory i usztywniacze',2073,2077,'Zdrowie|Artykuły medyczne i rehabilitacyjne|Stabilizatory i usztywniacze'),(2136,'Wkładki korygujące',2074,2077,'Zdrowie|Artykuły medyczne i rehabilitacyjne|Wkładki korygujące'),(2137,'Bielizna lecznicza',2075,2077,'Zdrowie|Artykuły medyczne i rehabilitacyjne|Bielizna lecznicza'),(2138,'Termofory',2078,2077,'Zdrowie|Artykuły medyczne i rehabilitacyjne|Termofory'),(2139,'Ciśnieniomierze i akcesoria',2079,2077,'Zdrowie|Artykuły medyczne i rehabilitacyjne|Ciśnieniomierze i akcesoria'),(2140,'Termometry',2080,2077,'Zdrowie|Artykuły medyczne i rehabilitacyjne|Termometry'),(2141,'Inhalatory i akcesoria',2081,2077,'Zdrowie|Artykuły medyczne i rehabilitacyjne|Inhalatory i akcesoria'),(2142,'Glukometry i akcesoria dla diabetyków',2082,2077,'Zdrowie|Artykuły medyczne i rehabilitacyjne|Glukometry i akcesoria dla diabetyków'),(2143,'Soczewki kontaktowe i akcesoria',2083,2813,'Zdrowie|Soczewki kontaktowe i akcesoria'),(2144,'Akcesoria do soczewek',2084,2083,'Zdrowie|Soczewki kontaktowe i akcesoria|Akcesoria do soczewek'),(2145,'Soczewki kontaktowe',2085,2083,'Zdrowie|Soczewki kontaktowe i akcesoria|Soczewki kontaktowe'),(2146,'Okulary i akcesoria',2509,2813,'Zdrowie|Okulary i akcesoria'),(2147,'Okulary oprawki i szkła',2510,2509,'Zdrowie|Okulary i akcesoria|Okulary oprawki i szkła'),(2148,'Akcesoria do okularów',2511,2509,'Zdrowie|Okulary i akcesoria|Akcesoria do okularów'),(2149,'Dermokosmetyki',2513,2813,'Zdrowie|Dermokosmetyki'),(2150,'Homeopatia',2514,2813,'Zdrowie|Homeopatia'),(2151,'Medycyna naturalna',2515,2813,'Zdrowie|Medycyna naturalna'),(2152,'Zioła i herbaty lecznicze',2516,2515,'Zdrowie|Medycyna naturalna|Zioła i herbaty lecznicze'),(2153,'Preparaty medycyny naturalnej',2517,2515,'Zdrowie|Medycyna naturalna|Preparaty medycyny naturalnej'),(2154,'Akcesoria medycyny naturalnej',2518,2515,'Zdrowie|Medycyna naturalna|Akcesoria medycyny naturalnej'),(2155,'Leki OTC i suplementy',2519,2813,'Zdrowie|Leki OTC i suplementy'),(2156,'Alergia',2520,2519,'Zdrowie|Leki OTC i suplementy|Alergia'),(2157,'Układ pokarmowy',2521,2519,'Zdrowie|Leki OTC i suplementy|Układ pokarmowy'),(2158,'Układ moczowy i płciowy',2522,2519,'Zdrowie|Leki OTC i suplementy|Układ moczowy i płciowy'),(2159,'Serce i układ krążenia',2523,2519,'Zdrowie|Leki OTC i suplementy|Serce i układ krążenia'),(2160,'Układ nerwowy',2524,2519,'Zdrowie|Leki OTC i suplementy|Układ nerwowy'),(2161,'Nutrikosmetyki i leki dermatologiczne',2525,2519,'Zdrowie|Leki OTC i suplementy|Nutrikosmetyki i leki dermatologiczne'),(2162,'Mięśnie stawy i kości',2526,2519,'Zdrowie|Leki OTC i suplementy|Mięśnie stawy i kości'),(2163,'Wzrok i słuch',2527,2519,'Zdrowie|Leki OTC i suplementy|Wzrok i słuch'),(2164,'Witaminy i minerały',2529,2519,'Zdrowie|Leki OTC i suplementy|Witaminy i minerały'),(2165,'Odchudzanie i ujędrnianie',2530,2519,'Zdrowie|Leki OTC i suplementy|Odchudzanie i ujędrnianie'),(2166,'Dzieci i niemowlęta',2531,2519,'Zdrowie|Leki OTC i suplementy|Dzieci i niemowlęta'),(2167,'Przeciwbólowe',2532,2519,'Zdrowie|Leki OTC i suplementy|Przeciwbólowe'),(2168,'Przeziębienie i grypa',2533,2519,'Zdrowie|Leki OTC i suplementy|Przeziębienie i grypa'),(2169,'Pozostałe leki OTC i suplementy',2534,2519,'Zdrowie|Leki OTC i suplementy|Pozostałe leki OTC i suplementy'),(2170,'Rzuć palenie',3267,2519,'Zdrowie|Leki OTC i suplementy|Rzuć palenie'),(2171,'Testy ciążowe i diagnostyczne',2535,2813,'Zdrowie|Testy ciążowe i diagnostyczne'),(2172,'Akcesoria dla osób starszych i niepełnosprawnych',2748,2813,'Zdrowie|Akcesoria dla osób starszych i niepełnosprawnych'),(2173,'Pokonywanie barier',1831,2748,'Zdrowie|Akcesoria dla osób starszych i niepełnosprawnych|Pokonywanie barier'),(2174,'Wózki inwalidzkie balkoniki i laski',2076,2748,'Zdrowie|Akcesoria dla osób starszych i niepełnosprawnych|Wózki inwalidzkie balkoniki i laski'),(2175,'Samodzielność',2749,2748,'Zdrowie|Akcesoria dla osób starszych i niepełnosprawnych|Samodzielność'),(2176,'Higiena osób starszych i niepełnosprawnych',2750,2748,'Zdrowie|Akcesoria dla osób starszych i niepełnosprawnych|Higiena osób starszych i niepełnosprawnych'),(2177,'Kupony rabatowe',3226,0,'Kupony rabatowe'),(2178,'Białystok',3227,3226,'Kupony rabatowe|Białystok'),(2179,'Bielsko-Biała',3228,3226,'Kupony rabatowe|Bielsko-Biała'),(2180,'Bydgoszcz',3229,3226,'Kupony rabatowe|Bydgoszcz'),(2181,'Bytom',3230,3226,'Kupony rabatowe|Bytom'),(2182,'Chorzów',3231,3226,'Kupony rabatowe|Chorzów'),(2183,'Częstochowa',3232,3226,'Kupony rabatowe|Częstochowa'),(2184,'Gliwice',3233,3226,'Kupony rabatowe|Gliwice'),(2185,'Katowice',3234,3226,'Kupony rabatowe|Katowice'),(2186,'Kazimierz Dolny',3235,3226,'Kupony rabatowe|Kazimierz Dolny'),(2187,'Kraków',3236,3226,'Kupony rabatowe|Kraków'),(2188,'Lublin',3237,3226,'Kupony rabatowe|Lublin'),(2189,'Łódź',3238,3226,'Kupony rabatowe|Łódź'),(2190,'Poznań',3239,3226,'Kupony rabatowe|Poznań'),(2191,'Rybnik',3240,3226,'Kupony rabatowe|Rybnik'),(2192,'Rzeszów',3241,3226,'Kupony rabatowe|Rzeszów'),(2193,'Sosnowiec',3242,3226,'Kupony rabatowe|Sosnowiec'),(2194,'Szczecin',3243,3226,'Kupony rabatowe|Szczecin'),(2195,'Cała Polska',3244,3226,'Kupony rabatowe|Cała Polska'),(2196,'Toruń',3246,3226,'Kupony rabatowe|Toruń'),(2197,'Tychy',3247,3226,'Kupony rabatowe|Tychy'),(2198,'Warszawa',3248,3226,'Kupony rabatowe|Warszawa'),(2199,'Wrocław',3249,3226,'Kupony rabatowe|Wrocław'),(2200,'Zabrze',3250,3226,'Kupony rabatowe|Zabrze'),(2201,'Zakopane',3251,3226,'Kupony rabatowe|Zakopane'),(2202,'Sopot',3252,3226,'Kupony rabatowe|Sopot'),(2203,'Trójmiasto',3253,3226,'Kupony rabatowe|Trójmiasto'),(2204,'Śląsk',3256,3226,'Kupony rabatowe|Śląsk'),(2205,'Oświęcim',3263,3226,'Kupony rabatowe|Oświęcim'),(2206,'Zielona Góra',3264,3226,'Kupony rabatowe|Zielona Góra'),(2207,'Dąbrowa Górnicza',3271,3226,'Kupony rabatowe|Dąbrowa Górnicza'),(2208,'Kalisz',3272,3226,'Kupony rabatowe|Kalisz'),(2209,'Myszków',3273,3226,'Kupony rabatowe|Myszków'),(2210,'Olsztyn',3275,3226,'Kupony rabatowe|Olsztyn'),(2211,'Ostrów Wielkopolski',3276,3226,'Kupony rabatowe|Ostrów Wielkopolski'),(2212,'Radomsko',3277,3226,'Kupony rabatowe|Radomsko'),(2213,'Siedlce',3278,3226,'Kupony rabatowe|Siedlce'),(2214,'Tarnowskie Góry',3279,3226,'Kupony rabatowe|Tarnowskie Góry'),(2215,'Włocławek',3280,3226,'Kupony rabatowe|Włocławek'),(2216,'Zawiercie',3281,3226,'Kupony rabatowe|Zawiercie'),(2217,'Żory',3282,3226,'Kupony rabatowe|Żory'),(2218,'Tarnów',3283,3226,'Kupony rabatowe|Tarnów'),(2219,'Płock',3286,3226,'Kupony rabatowe|Płock'),(2220,'Legnica',3287,3226,'Kupony rabatowe|Legnica'),(2221,'Wałbrzych',3298,3226,'Kupony rabatowe|Wałbrzych'),(2222,'Elbląg',3372,3226,'Kupony rabatowe|Elbląg'),(2223,'Ogród',3426,0,'Ogród'),(2224,'Oświetlenie zewnętrzne i ogrodowe',909,3426,'Ogród|Oświetlenie zewnętrzne i ogrodowe'),(2225,'Narzędzia ręczne do ogrodu',1722,3426,'Ogród|Narzędzia ręczne do ogrodu'),(2226,'Grabie i motyki',1724,1722,'Ogród|Narzędzia ręczne do ogrodu|Grabie i motyki'),(2227,'Łopaty szpadle i widły',1725,1722,'Ogród|Narzędzia ręczne do ogrodu|Łopaty szpadle i widły'),(2228,'Nożyce i sekatory',1726,1722,'Ogród|Narzędzia ręczne do ogrodu|Nożyce i sekatory'),(2229,'Opryskiwacze',1727,1722,'Ogród|Narzędzia ręczne do ogrodu|Opryskiwacze'),(2230,'Siekiery',1728,1722,'Ogród|Narzędzia ręczne do ogrodu|Siekiery'),(2231,'Siewniki',1729,1722,'Ogród|Narzędzia ręczne do ogrodu|Siewniki'),(2232,'Pozostałe narzędzia ręczne do ogrodu',1730,1722,'Ogród|Narzędzia ręczne do ogrodu|Pozostałe narzędzia ręczne do ogrodu'),(2233,'Kosiarki ręczne',1758,1722,'Ogród|Narzędzia ręczne do ogrodu|Kosiarki ręczne'),(2234,'Narzędzia mechaniczne do ogrodu',1723,3426,'Ogród|Narzędzia mechaniczne do ogrodu'),(2235,'Kosiarki do trawy',905,1723,'Ogród|Narzędzia mechaniczne do ogrodu|Kosiarki do trawy'),(2236,'Podkaszarki',1157,1723,'Ogród|Narzędzia mechaniczne do ogrodu|Podkaszarki'),(2237,'Nożyce ogrodnicze',1158,1723,'Ogród|Narzędzia mechaniczne do ogrodu|Nożyce ogrodnicze'),(2238,'Dmuchawy i odkurzacze do liści',1196,1723,'Ogród|Narzędzia mechaniczne do ogrodu|Dmuchawy i odkurzacze do liści'),(2239,'Odśnieżarki',1197,1723,'Ogród|Narzędzia mechaniczne do ogrodu|Odśnieżarki'),(2240,'Glebogryzarki',1198,1723,'Ogród|Narzędzia mechaniczne do ogrodu|Glebogryzarki'),(2241,'Pozostałe narzędzia mechaniczne do ogrodu',1202,1723,'Ogród|Narzędzia mechaniczne do ogrodu|Pozostałe narzędzia mechaniczne do ogrodu'),(2242,'Rozdrabniarki do gałęzi',1237,1723,'Ogród|Narzędzia mechaniczne do ogrodu|Rozdrabniarki do gałęzi'),(2243,'Akcesoria do narzędzi mechanicznych',1731,1723,'Ogród|Narzędzia mechaniczne do ogrodu|Akcesoria do narzędzi mechanicznych'),(2244,'Łuparki do drewna',1757,1723,'Ogród|Narzędzia mechaniczne do ogrodu|Łuparki do drewna'),(2245,'Traktory i kosiarki samojezdne',2752,1723,'Ogród|Narzędzia mechaniczne do ogrodu|Traktory i kosiarki samojezdne'),(2246,'Aeratory i wertykulatory',2865,1723,'Ogród|Narzędzia mechaniczne do ogrodu|Aeratory i wertykulatory'),(2247,'Ogrodowe urządzenia wielofunkcyjne',2866,1723,'Ogród|Narzędzia mechaniczne do ogrodu|Ogrodowe urządzenia wielofunkcyjne'),(2248,'Grille ogrodowe i akcesoria',1755,3426,'Ogród|Grille ogrodowe i akcesoria'),(2249,'Grille ogrodowe',1582,1755,'Ogród|Grille ogrodowe i akcesoria|Grille ogrodowe'),(2250,'Akcesoria do grilla',1756,1755,'Ogród|Grille ogrodowe i akcesoria|Akcesoria do grilla'),(2251,'Technika wodna',1759,3426,'Ogród|Technika wodna'),(2252,'Węże i zraszacze',1735,1759,'Ogród|Technika wodna|Węże i zraszacze'),(2253,'Pozostałe akcesoria wodne',1736,1759,'Ogród|Technika wodna|Pozostałe akcesoria wodne'),(2254,'Oczka wodne i akcesoria',1737,1759,'Ogród|Technika wodna|Oczka wodne i akcesoria'),(2255,'Fontanny',3194,1759,'Ogród|Technika wodna|Fontanny'),(2256,'Nawadnianie ogrodu',3195,1759,'Ogród|Technika wodna|Nawadnianie ogrodu'),(2257,'Dekoracja ogrodu',1760,3426,'Ogród|Dekoracja ogrodu'),(2258,'Pompy i akcesoria',1867,3426,'Ogród|Pompy i akcesoria'),(2259,'Pompy i hydrofory',1193,1867,'Ogród|Pompy i akcesoria|Pompy i hydrofory'),(2260,'Akcesoria do pomp',1868,1867,'Ogród|Pompy i akcesoria|Akcesoria do pomp'),(2261,'Rośliny i kwiaty',2594,3426,'Ogród|Rośliny i kwiaty'),(2262,'Donice i osłonki',849,2594,'Ogród|Rośliny i kwiaty|Donice i osłonki'),(2263,'Kwiaciarnia',2596,2594,'Ogród|Rośliny i kwiaty|Kwiaciarnia'),(2264,'Bukiety i wieńce kwiatowe',2612,2596,'Ogród|Rośliny i kwiaty|Kwiaciarnia|Bukiety i wieńce kwiatowe'),(2265,'Kompozycje kwiatowe',2616,2596,'Ogród|Rośliny i kwiaty|Kwiaciarnia|Kompozycje kwiatowe'),(2266,'Kwiaty cięte',2617,2596,'Ogród|Rośliny i kwiaty|Kwiaciarnia|Kwiaty cięte'),(2267,'Akcesoria florystyczne',2618,2596,'Ogród|Rośliny i kwiaty|Kwiaciarnia|Akcesoria florystyczne'),(2268,'Znicze i wkłady',3473,2596,'Ogród|Rośliny i kwiaty|Kwiaciarnia|Znicze i wkłady'),(2269,'Środki ochrony roślin',2597,2594,'Ogród|Rośliny i kwiaty|Środki ochrony roślin'),(2270,'Grzyby i grzybnie',2609,2594,'Ogród|Rośliny i kwiaty|Grzyby i grzybnie'),(2271,'Akcesoria do sadzenia i pielęgnacji roślin',2610,2594,'Ogród|Rośliny i kwiaty|Akcesoria do sadzenia i pielęgnacji roślin'),(2272,'Folie i agrowłókniny',3260,2594,'Ogród|Rośliny i kwiaty|Folie i agrowłókniny'),(2273,'Rośliny',3412,2594,'Ogród|Rośliny i kwiaty|Rośliny'),(2274,'Nasiona',2599,3412,'Ogród|Rośliny i kwiaty|Rośliny|Nasiona'),(2275,'Trawy i trawniki',2600,3412,'Ogród|Rośliny i kwiaty|Rośliny|Trawy i trawniki'),(2276,'Cebulki byliny i kłącza',2601,3412,'Ogród|Rośliny i kwiaty|Rośliny|Cebulki byliny i kłącza'),(2277,'Drzewka i krzewy',2602,3412,'Ogród|Rośliny i kwiaty|Rośliny|Drzewka i krzewy'),(2278,'Kwiaty i rośliny pokojowe',2606,3412,'Ogród|Rośliny i kwiaty|Rośliny|Kwiaty i rośliny pokojowe'),(2279,'Kwiaty i rośliny ogrodowe i balkonowe',2607,3412,'Ogród|Rośliny i kwiaty|Rośliny|Kwiaty i rośliny ogrodowe i balkonowe'),(2280,'Rośliny wodne',2608,3412,'Ogród|Rośliny i kwiaty|Rośliny|Rośliny wodne'),(2281,'Pozostałe rośliny nasiona i nawozy',2611,3412,'Ogród|Rośliny i kwiaty|Rośliny|Pozostałe rośliny nasiona i nawozy'),(2282,'Kompostowniki',3428,2594,'Ogród|Rośliny i kwiaty|Kompostowniki'),(2283,'Nawozy',3429,2594,'Ogród|Rośliny i kwiaty|Nawozy'),(2284,'Myjki wysokociśnieniowe i akcesoria',2758,3426,'Ogród|Myjki wysokociśnieniowe i akcesoria'),(2285,'Myjki wysokociśnieniowe',876,2758,'Ogród|Myjki wysokociśnieniowe i akcesoria|Myjki wysokociśnieniowe'),(2286,'Akcesoria do myjek',2759,2758,'Ogród|Myjki wysokociśnieniowe i akcesoria|Akcesoria do myjek'),(2287,'Meble ogrodowe i akcesoria',2867,3426,'Ogród|Meble ogrodowe i akcesoria'),(2288,'Akcesoria do mebli ogrodowych',2230,2867,'Ogród|Meble ogrodowe i akcesoria|Akcesoria do mebli ogrodowych'),(2289,'Barki i stoliki ogrodowe',2868,2867,'Ogród|Meble ogrodowe i akcesoria|Barki i stoliki ogrodowe'),(2290,'Hamaki',2869,2867,'Ogród|Meble ogrodowe i akcesoria|Hamaki'),(2291,'Krzesła ogrodowe',2870,2867,'Ogród|Meble ogrodowe i akcesoria|Krzesła ogrodowe'),(2292,'Leżaki i fotele ogrodowe',2871,2867,'Ogród|Meble ogrodowe i akcesoria|Leżaki i fotele ogrodowe'),(2293,'Ławki i huśtawki ogrodowe',2872,2867,'Ogród|Meble ogrodowe i akcesoria|Ławki i huśtawki ogrodowe'),(2294,'Parasole ogrodowe',2873,2867,'Ogród|Meble ogrodowe i akcesoria|Parasole ogrodowe'),(2295,'Pozostałe meble ogrodowe',2874,2867,'Ogród|Meble ogrodowe i akcesoria|Pozostałe meble ogrodowe'),(2296,'Stoły ogrodowe',2875,2867,'Ogród|Meble ogrodowe i akcesoria|Stoły ogrodowe'),(2297,'Zestawy mebli ogrodowych',2876,2867,'Ogród|Meble ogrodowe i akcesoria|Zestawy mebli ogrodowych'),(2298,'Baseny i chemia basenowa',3191,3426,'Ogród|Baseny i chemia basenowa'),(2299,'Baseny i brodziki ogrodowe',3192,3191,'Ogród|Baseny i chemia basenowa|Baseny i brodziki ogrodowe'),(2300,'Chemia i akcesoria basenowe',3193,3191,'Ogród|Baseny i chemia basenowa|Chemia i akcesoria basenowe'),(2301,'Architektura ogrodowa',3196,3426,'Ogród|Architektura ogrodowa'),(2302,'Ogrodzenia balustrady i płoty',2538,3196,'Ogród|Architektura ogrodowa|Ogrodzenia balustrady i płoty'),(2303,'Akcesoria ogrodzeniowe',2544,2538,'Ogród|Architektura ogrodowa|Ogrodzenia balustrady i płoty|Akcesoria ogrodzeniowe'),(2304,'Siatki ogrodzeniowe',2545,2538,'Ogród|Architektura ogrodowa|Ogrodzenia balustrady i płoty|Siatki ogrodzeniowe'),(2305,'Balustrady i poręcze',2546,2538,'Ogród|Architektura ogrodowa|Ogrodzenia balustrady i płoty|Balustrady i poręcze'),(2306,'Ogrodzenia i płoty',2547,2538,'Ogród|Architektura ogrodowa|Ogrodzenia balustrady i płoty|Ogrodzenia i płoty'),(2307,'Furtki',2541,3196,'Ogród|Architektura ogrodowa|Furtki'),(2308,'Pawilony altanki i domki',2550,3196,'Ogród|Architektura ogrodowa|Pawilony altanki i domki'),(2309,'Szklarnie',3259,3196,'Ogród|Architektura ogrodowa|Szklarnie'),(2310,'Zwalczanie i odstraszanie szkodników',3197,3426,'Ogród|Zwalczanie i odstraszanie szkodników');
DROP TABLE IF EXISTS `client`;
/*!40101 SET @saved_cs_client     = @@character_set_client */;
/*!40101 SET character_set_client = utf8 */;
CREATE TABLE `client` (
  `idclient` int(10) unsigned NOT NULL AUTO_INCREMENT,
  `login` varchar(128) NOT NULL,
  `password` varchar(128) NOT NULL,
  `disable` int(10) unsigned NOT NULL DEFAULT '1',
  `adddate` timestamp NOT NULL DEFAULT CURRENT_TIMESTAMP ON UPDATE CURRENT_TIMESTAMP,
  `viewid` int(10) unsigned DEFAULT NULL,
  `facebookid` varchar(255) DEFAULT NULL,
  `activelink` varchar(255) DEFAULT NULL,
  `clienttype` int(11) DEFAULT '1',
  `autoassign` int(11) NOT NULL DEFAULT '1',
  PRIMARY KEY (`idclient`),
  UNIQUE KEY `UNIQUE_client_login_view` (`login`,`viewid`),
  KEY `FK_client_viewid` (`viewid`),
  CONSTRAINT `FK_client_viewid` FOREIGN KEY (`viewid`) REFERENCES `view` (`idview`)
) ENGINE=InnoDB AUTO_INCREMENT=2 DEFAULT CHARSET=utf8;
/*!40101 SET character_set_client = @saved_cs_client */;

DROP TABLE IF EXISTS `clientaddress`;
/*!40101 SET @saved_cs_client     = @@character_set_client */;
/*!40101 SET character_set_client = utf8 */;
CREATE TABLE `clientaddress` (
  `idclientaddress` int(10) unsigned NOT NULL AUTO_INCREMENT,
  `street` blob NOT NULL,
  `streetno` blob NOT NULL,
  `placeno` blob,
  `postcode` blob NOT NULL,
  `companyname` blob,
  `firstname` blob,
  `surname` blob,
  `clientid` int(10) unsigned NOT NULL,
  `regon` blob,
  `nip` blob,
  `adddate` timestamp NOT NULL DEFAULT CURRENT_TIMESTAMP ON UPDATE CURRENT_TIMESTAMP,
  `placename` blob NOT NULL,
  `main` int(10) unsigned NOT NULL DEFAULT '1',
  `countryid` int(10) unsigned DEFAULT NULL,
  `clienttype` int(10) NOT NULL DEFAULT '1',
  PRIMARY KEY (`idclientaddress`),
  UNIQUE KEY `UNIQUE_clientaddress_clientid_clientaddresstypeid` (`clientid`,`main`),
  KEY `FK_clientaddress_clientid` (`clientid`),
  KEY `FK_clientaddress_countryid` (`countryid`),
  CONSTRAINT `FK_clientaddress_clientid` FOREIGN KEY (`clientid`) REFERENCES `client` (`idclient`) ON DELETE CASCADE ON UPDATE NO ACTION,
  CONSTRAINT `FK_clientaddress_countryid` FOREIGN KEY (`countryid`) REFERENCES `country` (`idcountry`)
) ENGINE=InnoDB AUTO_INCREMENT=5 DEFAULT CHARSET=utf8 ROW_FORMAT=DYNAMIC;
/*!40101 SET character_set_client = @saved_cs_client */;

DROP TABLE IF EXISTS `clientdata`;
/*!40101 SET @saved_cs_client     = @@character_set_client */;
/*!40101 SET character_set_client = utf8 */;
CREATE TABLE `clientdata` (
  `idclientdata` int(10) unsigned NOT NULL AUTO_INCREMENT,
  `firstname` blob NOT NULL,
  `surname` blob NOT NULL,
  `email` blob NOT NULL,
  `description` blob,
  `phone` blob NOT NULL,
  `phone2` blob NOT NULL,
  `clientgroupid` int(10) unsigned DEFAULT NULL,
  `discount` decimal(5,2) DEFAULT '0.00',
  `clientid` int(10) unsigned NOT NULL,
  `adddate` timestamp NOT NULL DEFAULT CURRENT_TIMESTAMP ON UPDATE CURRENT_TIMESTAMP,
  `lastlogged` datetime DEFAULT NULL,
  PRIMARY KEY (`idclientdata`),
  UNIQUE KEY `UNIQUE_clientdata_clientid` (`clientid`),
  KEY `FK_clientdata_clientgroupid` (`clientgroupid`),
  CONSTRAINT `FK_clientdata_clientgroupid` FOREIGN KEY (`clientgroupid`) REFERENCES `clientgroup` (`idclientgroup`) ON DELETE SET NULL ON UPDATE NO ACTION,
  CONSTRAINT `FK_clientdata_clientid` FOREIGN KEY (`clientid`) REFERENCES `client` (`idclient`) ON DELETE CASCADE ON UPDATE NO ACTION
) ENGINE=InnoDB AUTO_INCREMENT=2 DEFAULT CHARSET=utf8;
/*!40101 SET character_set_client = @saved_cs_client */;

DROP TABLE IF EXISTS `clientgroup`;
/*!40101 SET @saved_cs_client     = @@character_set_client */;
/*!40101 SET character_set_client = utf8 */;
CREATE TABLE `clientgroup` (
  `idclientgroup` int(10) unsigned NOT NULL AUTO_INCREMENT,
  `adddate` timestamp NOT NULL DEFAULT CURRENT_TIMESTAMP ON UPDATE CURRENT_TIMESTAMP,
  PRIMARY KEY (`idclientgroup`)
) ENGINE=InnoDB AUTO_INCREMENT=118 DEFAULT CHARSET=utf8;
/*!40101 SET character_set_client = @saved_cs_client */;

INSERT INTO `clientgroup` (`idclientgroup`, `adddate`) VALUES (10,'2010-12-06 08:45:15'),(116,'2010-09-23 11:06:18'),(117,'2012-06-07 01:24:47');
DROP TABLE IF EXISTS `clientgroupnewsletterhistory`;
/*!40101 SET @saved_cs_client     = @@character_set_client */;
/*!40101 SET character_set_client = utf8 */;
CREATE TABLE `clientgroupnewsletterhistory` (
  `idclientgroupnewsletterhistory` int(10) unsigned NOT NULL AUTO_INCREMENT,
  `clientgroupid` int(10) unsigned DEFAULT NULL,
  `newsletterid` int(10) unsigned NOT NULL,
  `adddate` timestamp NOT NULL DEFAULT CURRENT_TIMESTAMP ON UPDATE CURRENT_TIMESTAMP,
  PRIMARY KEY (`idclientgroupnewsletterhistory`),
  UNIQUE KEY `UNIQUE_clientgroupnewsletterhistory_clientgroupid_newsletterid` (`clientgroupid`,`newsletterid`),
  KEY `FK_clientgroupnewsletterhistory_newsletterid` (`newsletterid`),
  CONSTRAINT `FK_clientgroupnewsletterhistory_clientgroupid` FOREIGN KEY (`clientgroupid`) REFERENCES `clientgroup` (`idclientgroup`) ON DELETE CASCADE ON UPDATE NO ACTION,
  CONSTRAINT `FK_clientgroupnewsletterhistory_newsletterid` FOREIGN KEY (`newsletterid`) REFERENCES `newsletter` (`idnewsletter`) ON DELETE CASCADE ON UPDATE NO ACTION
) ENGINE=InnoDB DEFAULT CHARSET=utf8;
/*!40101 SET character_set_client = @saved_cs_client */;

DROP TABLE IF EXISTS `clientgrouptranslation`;
/*!40101 SET @saved_cs_client     = @@character_set_client */;
/*!40101 SET character_set_client = utf8 */;
CREATE TABLE `clientgrouptranslation` (
  `idclientgrouptranslation` int(10) unsigned NOT NULL AUTO_INCREMENT,
  `name` varchar(128) NOT NULL,
  `clientgroupid` int(10) unsigned NOT NULL,
  `languageid` int(10) unsigned DEFAULT NULL,
  PRIMARY KEY (`idclientgrouptranslation`),
  UNIQUE KEY `UNIQUE_clientgrouptranslation_languageid_name` (`languageid`,`name`),
  KEY `FK_clientgrouptranslation_languageid` (`languageid`),
  KEY `FK_clientgrouptranslation_clientgroupid` (`clientgroupid`),
  CONSTRAINT `FK_clientgrouptranslation_clientgroupid` FOREIGN KEY (`clientgroupid`) REFERENCES `clientgroup` (`idclientgroup`) ON DELETE CASCADE ON UPDATE NO ACTION,
  CONSTRAINT `FK_clientgrouptranslation_languageid` FOREIGN KEY (`languageid`) REFERENCES `language` (`idlanguage`) ON DELETE CASCADE ON UPDATE NO ACTION
) ENGINE=InnoDB AUTO_INCREMENT=54 DEFAULT CHARSET=utf8;
/*!40101 SET character_set_client = @saved_cs_client */;

INSERT INTO `clientgrouptranslation` (`idclientgrouptranslation`, `name`, `clientgroupid`, `languageid`) VALUES (33,'Grupa srebrna',116,1),(52,'Grupa brązowa',10,1),(53,'Zielona',117,1);
DROP TABLE IF EXISTS `clientnewsletter`;
/*!40101 SET @saved_cs_client     = @@character_set_client */;
/*!40101 SET character_set_client = utf8 */;
CREATE TABLE `clientnewsletter` (
  `idclientnewsletter` int(10) unsigned NOT NULL AUTO_INCREMENT,
  `email` varchar(255) NOT NULL,
  `adddate` timestamp NOT NULL DEFAULT CURRENT_TIMESTAMP ON UPDATE CURRENT_TIMESTAMP,
  `editdate` datetime DEFAULT NULL,
  `active` int(10) unsigned NOT NULL DEFAULT '0',
  `viewid` int(10) unsigned DEFAULT NULL,
  `activelink` varchar(50) DEFAULT NULL,
  `inactivelink` varchar(50) DEFAULT NULL,
  `sendingoid` int(10) unsigned DEFAULT NULL,
  PRIMARY KEY (`idclientnewsletter`),
  UNIQUE KEY `UNIQUE_clientnewsletter_email_viewid` (`email`,`viewid`),
  KEY `FK_clientnewsletter_viewid` (`viewid`),
  CONSTRAINT `FK_clientnewsletter_viewid` FOREIGN KEY (`viewid`) REFERENCES `view` (`idview`) ON DELETE CASCADE ON UPDATE NO ACTION
) ENGINE=InnoDB AUTO_INCREMENT=2 DEFAULT CHARSET=utf8;
/*!40101 SET character_set_client = @saved_cs_client */;

INSERT INTO `clientnewsletter` (`idclientnewsletter`, `email`, `adddate`, `editdate`, `active`, `viewid`, `activelink`, `inactivelink`, `sendingoid`) VALUES (1,'adam@gekosale.com','2013-03-04 01:43:03',NULL,1,3,NULL,NULL,NULL);
DROP TABLE IF EXISTS `clientnewsletterhistory`;
/*!40101 SET @saved_cs_client     = @@character_set_client */;
/*!40101 SET character_set_client = utf8 */;
CREATE TABLE `clientnewsletterhistory` (
  `idclientnewsletterhistory` int(10) unsigned NOT NULL AUTO_INCREMENT,
  `clientnewsletterid` int(10) unsigned DEFAULT NULL,
  `newsletterid` int(10) unsigned NOT NULL,
  `adddate` timestamp NOT NULL DEFAULT CURRENT_TIMESTAMP ON UPDATE CURRENT_TIMESTAMP,
  PRIMARY KEY (`idclientnewsletterhistory`),
  KEY `FK_clientnewsletterhistory_newsletterid` (`newsletterid`),
  KEY `FK_clientnewsletterhistory_clientnewsletterid` (`clientnewsletterid`),
  CONSTRAINT `FK_clientnewsletterhistory_clientnewsletterid` FOREIGN KEY (`clientnewsletterid`) REFERENCES `clientnewsletter` (`idclientnewsletter`) ON DELETE CASCADE ON UPDATE NO ACTION,
  CONSTRAINT `FK_clientnewsletterhistory_newsletterid` FOREIGN KEY (`newsletterid`) REFERENCES `newsletter` (`idnewsletter`) ON DELETE CASCADE ON UPDATE NO ACTION
) ENGINE=InnoDB DEFAULT CHARSET=utf8;
/*!40101 SET character_set_client = @saved_cs_client */;

DROP TABLE IF EXISTS `contact`;
/*!40101 SET @saved_cs_client     = @@character_set_client */;
/*!40101 SET character_set_client = utf8 */;
CREATE TABLE `contact` (
  `idcontact` int(10) unsigned NOT NULL AUTO_INCREMENT,
  `adddate` timestamp NOT NULL DEFAULT CURRENT_TIMESTAMP ON UPDATE CURRENT_TIMESTAMP,
  `publish` int(10) unsigned DEFAULT '1',
  PRIMARY KEY (`idcontact`)
) ENGINE=InnoDB AUTO_INCREMENT=3 DEFAULT CHARSET=utf8;
/*!40101 SET character_set_client = @saved_cs_client */;

INSERT INTO `contact` (`idcontact`, `adddate`, `publish`) VALUES (2,'2012-07-23 15:08:16',1);
DROP TABLE IF EXISTS `contacttranslation`;
/*!40101 SET @saved_cs_client     = @@character_set_client */;
/*!40101 SET character_set_client = utf8 */;
CREATE TABLE `contacttranslation` (
  `idcontacttranslation` int(10) unsigned NOT NULL AUTO_INCREMENT,
  `name` varchar(45) NOT NULL,
  `email` varchar(45) DEFAULT NULL,
  `phone` varchar(45) DEFAULT NULL,
  `fax` varchar(45) DEFAULT NULL,
  `street` varchar(45) DEFAULT NULL,
  `streetno` varchar(10) DEFAULT NULL,
  `placeno` varchar(10) DEFAULT NULL,
  `placename` varchar(45) DEFAULT NULL,
  `postcode` varchar(10) DEFAULT NULL,
  `languageid` int(10) unsigned DEFAULT NULL,
  `contactid` int(10) unsigned DEFAULT NULL,
  `countryid` int(10) unsigned DEFAULT NULL,
  `businesshours` text,
  PRIMARY KEY (`idcontacttranslation`),
  UNIQUE KEY `UNIQUE_contact_name_languageid` (`name`,`languageid`),
  KEY `FK_contacttranslation_languageid` (`languageid`),
  KEY `FK_contacttranslation_contactid` (`contactid`),
  KEY `FK_contacttranslation_countryid` (`countryid`),
  CONSTRAINT `FK_contacttranslation_contactid` FOREIGN KEY (`contactid`) REFERENCES `contact` (`idcontact`) ON DELETE CASCADE ON UPDATE NO ACTION,
  CONSTRAINT `FK_contacttranslation_countryid` FOREIGN KEY (`countryid`) REFERENCES `country` (`idcountry`),
  CONSTRAINT `FK_contacttranslation_languageid` FOREIGN KEY (`languageid`) REFERENCES `language` (`idlanguage`) ON DELETE CASCADE ON UPDATE NO ACTION
) ENGINE=InnoDB AUTO_INCREMENT=10 DEFAULT CHARSET=utf8;
/*!40101 SET character_set_client = @saved_cs_client */;

INSERT INTO `contacttranslation` (`idcontacttranslation`, `name`, `email`, `phone`, `fax`, `street`, `streetno`, `placeno`, `placename`, `postcode`, `languageid`, `contactid`, `countryid`, `businesshours`) VALUES (9,'Przykładowy sklep Sp. z o.o.','demo@przyklad.pl','22 1234567','','ul. Sklepowa','12','1','Warszawa','00-001',1,2,261,'9:00 - 16:00');
DROP TABLE IF EXISTS `contactview`;
/*!40101 SET @saved_cs_client     = @@character_set_client */;
/*!40101 SET character_set_client = utf8 */;
CREATE TABLE `contactview` (
  `idcontactview` int(10) unsigned NOT NULL AUTO_INCREMENT,
  `contactid` int(10) unsigned NOT NULL,
  `viewid` int(10) unsigned NOT NULL,
  `adddate` timestamp NOT NULL DEFAULT CURRENT_TIMESTAMP ON UPDATE CURRENT_TIMESTAMP,
  PRIMARY KEY (`idcontactview`),
  KEY `FK_contactview_contactid` (`contactid`),
  KEY `FK_contactview_viewid` (`viewid`),
  CONSTRAINT `FK_contactview_contactid` FOREIGN KEY (`contactid`) REFERENCES `contact` (`idcontact`) ON DELETE CASCADE ON UPDATE NO ACTION,
  CONSTRAINT `FK_contactview_viewid` FOREIGN KEY (`viewid`) REFERENCES `view` (`idview`) ON DELETE CASCADE ON UPDATE NO ACTION
) ENGINE=InnoDB AUTO_INCREMENT=10 DEFAULT CHARSET=utf8;
/*!40101 SET character_set_client = @saved_cs_client */;

INSERT INTO `contactview` (`idcontactview`, `contactid`, `viewid`, `adddate`) VALUES (9,2,3,'2012-07-27 07:02:22');
DROP TABLE IF EXISTS `contentcategory`;
/*!40101 SET @saved_cs_client     = @@character_set_client */;
/*!40101 SET character_set_client = utf8 */;
CREATE TABLE `contentcategory` (
  `idcontentcategory` int(10) unsigned NOT NULL AUTO_INCREMENT,
  `contentcategoryid` int(10) unsigned DEFAULT NULL,
  `adddate` timestamp NOT NULL DEFAULT CURRENT_TIMESTAMP ON UPDATE CURRENT_TIMESTAMP,
  `hierarchy` int(10) unsigned DEFAULT '0',
  `footer` int(10) unsigned NOT NULL DEFAULT '1',
  `header` int(10) unsigned NOT NULL DEFAULT '1',
  `alias` varchar(255) DEFAULT NULL,
  `redirect` int(11) NOT NULL DEFAULT '0',
  `redirect_route` varchar(255) DEFAULT NULL,
  `redirect_url` varchar(255) DEFAULT NULL,
  PRIMARY KEY (`idcontentcategory`),
  KEY `FK_contentcategory_contentcategoryid` (`contentcategoryid`),
  CONSTRAINT `FK_contentcategory_contentcategoryid` FOREIGN KEY (`contentcategoryid`) REFERENCES `contentcategory` (`idcontentcategory`) ON DELETE CASCADE ON UPDATE NO ACTION
) ENGINE=InnoDB AUTO_INCREMENT=47 DEFAULT CHARSET=utf8;
/*!40101 SET character_set_client = @saved_cs_client */;

INSERT INTO `contentcategory` (`idcontentcategory`, `contentcategoryid`, `adddate`, `hierarchy`, `footer`, `header`, `alias`, `redirect`, `redirect_route`, `redirect_url`) VALUES (21,NULL,'2012-08-13 23:17:04',0,1,1,NULL,0,'',''),(22,NULL,'2012-05-30 23:02:47',1,1,1,NULL,0,NULL,NULL),(23,21,'2012-07-26 14:44:15',1,1,1,NULL,0,'',''),(24,21,'2012-07-26 14:47:46',5,1,1,NULL,0,'',''),(25,21,'2012-07-14 14:21:23',0,1,1,NULL,1,'frontend.contact',''),(26,21,'2012-07-26 14:48:03',6,1,1,NULL,0,'',''),(27,21,'2012-07-14 14:44:15',2,1,1,NULL,1,'frontend.producerlist',''),(28,21,'2012-07-26 14:47:32',3,1,1,NULL,0,'',''),(29,22,'2012-07-19 22:48:40',0,1,1,NULL,1,'frontend.conditions',''),(30,22,'2012-07-26 14:51:05',1,1,1,NULL,0,'',''),(32,22,'2012-07-26 14:52:04',3,1,1,NULL,0,'',''),(33,22,'2012-07-26 14:52:31',4,1,1,NULL,0,'',''),(34,22,'2012-07-26 14:54:27',5,1,1,NULL,0,'',''),(35,22,'2012-07-14 14:23:50',6,1,1,NULL,1,'frontend.sitemap',''),(46,21,'2012-07-14 14:24:20',0,1,1,NULL,1,'frontend.news','');
DROP TABLE IF EXISTS `contentcategorytranslation`;
/*!40101 SET @saved_cs_client     = @@character_set_client */;
/*!40101 SET character_set_client = utf8 */;
CREATE TABLE `contentcategorytranslation` (
  `idcontentcategorytranslation` int(10) unsigned NOT NULL AUTO_INCREMENT,
  `name` varchar(255) NOT NULL,
  `languageid` int(10) unsigned DEFAULT NULL,
  `contentcategoryid` int(10) unsigned DEFAULT NULL,
  `keyword_title` varchar(255) DEFAULT NULL,
  `keyword` varchar(255) DEFAULT NULL,
  `keyword_description` varchar(1000) DEFAULT NULL,
  `description` text,
  PRIMARY KEY (`idcontentcategorytranslation`),
  KEY `FK_contentcategorytranslation_languageid` (`languageid`),
  KEY `FK_contentcategorytranslation_contentcategoryid` (`contentcategoryid`),
  CONSTRAINT `FK_contentcategorytranslation_contentcategoryid` FOREIGN KEY (`contentcategoryid`) REFERENCES `contentcategory` (`idcontentcategory`) ON DELETE CASCADE ON UPDATE NO ACTION,
  CONSTRAINT `FK_contentcategorytranslation_languageid` FOREIGN KEY (`languageid`) REFERENCES `language` (`idlanguage`) ON DELETE CASCADE ON UPDATE NO ACTION
) ENGINE=InnoDB AUTO_INCREMENT=283 DEFAULT CHARSET=utf8;
/*!40101 SET character_set_client = @saved_cs_client */;

INSERT INTO `contentcategorytranslation` (`idcontentcategorytranslation`, `name`, `languageid`, `contentcategoryid`, `keyword_title`, `keyword`, `keyword_description`, `description`) VALUES (227,'Dla kupującego',1,22,'','','',NULL),(262,'Kontakt',1,25,'','','','<p>\r\n	Dane kontaktowe</p>'),(263,'Mapa serwisu',1,35,'','','',''),(265,'Aktualności',1,46,'','','',''),(266,'Producenci',1,27,'','','',''),(268,'Punkty stacjonarne',1,23,'','','','<p>\n	Tutaj należy wpisać informacje dot. punktów stacjonarnych i możliwości odbioru</p>'),(269,'Marki własne',1,28,'','','','<p>\n	Tutaj proszę umieścić informacje dot. marek własnych sprzedawanych w sklepie.</p>'),(270,'Historia firmy',1,24,'','','','<p>\n	Tutaj proszę umiescić informacje dot. historii powstania sklepu i firmy.</p>'),(271,'Sprzedaż hurtowa',1,26,'','','','<p>\n	Tutaj proszę umiescić informacje dotyczące sprzedaży hurtowej i B2B.</p>'),(273,'Regulamin',1,29,'','','','<p>\n	 </p>\n<p>\n	<span style=\"background-color:#ffff00;\">Przykładowy regulamin sklepu internetowego. Regulamin stanowi tylko przykład i powinien być opracowany w zgodzie z praktykami stosowanymi przez sklep.</span></p>\n<p>\n	<strong>Postanowienia ogólne</strong><br /><br />\n	Sklep <strong>XYZ</strong> obsługiwany przez Przedsiebiorstwo <strong>ABC</strong>, ul. Przykładowa 14, 00-000 Przykładowo,  REGON: 000000000, NIP: 000-000-00-00, zwaną dalej <strong>SklepInternetowy.pl</strong></p>\n<p>\n	<br /><strong>Warunki dokonywania zakupów</strong><br /><br />\n	SklepInternetowy.pl prowadzi sprzedaż produktów za pomocą sklepu internetowego dostępnego pod adresem http://www.sklepinternetowy.pl. Do realizacji zamówień w SklepInternetowy.pl konieczny jest komputer z przeglądarką internetową i dostępem do Internetu.<br /><br /><strong>Oferta i realizacja zakupów</strong><br /><br />\n	W każdej paczce z zamówieniem wysyłany jest dokument poświadczający zakup (pragon, lub na życzenie klienta faktura).<br /><br />\n	Podstawowym warunkiem realizacji dokonanych zakupów jest prawidłowe złożenie zamówienia na stronach sklepu, wybór formy płatności i sposobu przesłania wybranego produktu bądź produktów.<br /><br />\n	Wszystkie ceny podawane w sklepie SklepInternetowy.pl są cenami wyrażonymi w złotych polskich (PLN) i zawierają podatek VAT. <br /><br /><strong>Reklamacje, zwroty i gwarancje</strong><br /><br />\n	Zamawiający ma prawo, żądać doprowadzenia reklamowanego produktu (-ów) do stanu zgodnego z umową poprzez nieodpłatną naprawę albo wymianę. Jeżeli SklepInternetowy.pl nie będzie w stanie wywiązać się z określonych żądań, klient ma prawo domagać się stosowanego obniżenia ceny albo może odstąpić od umowy.<br /><br />\n	Zamawiający może odstąpić od umowy bez podania przyczyn, składając stosowne oświadczenie na piśmie w terminie dziesięciu dni, liczonym od dnia wydania rzeczy. Do zachowania tego terminu wystarczy wysłanie oświadczenia przed jego upływem.<br /><br />\n	Kontakt w sprawie reklamacji, gwarancji i zwrotów: Przedsiebiorstwo XYZ, ul. Przykładowa 14. 00-000 Przykładowo, tel. (000) 000 00 00, e-mail <a href=\"mailto:info@sklepinternetowy.pl\">info@sklepinternetowy.pl</a><br /><br /><br /><strong>Postanowienia końcowe</strong><br /><br />\n	SklepInternetowy.pl zobowiązuje się do ochrony danych osobowych zgodnie z ustawą z dnia 29 sierpnia 1997 r. „O ochronie danych osobowych\".<br /><br />\n	Wypełnienie formularza z danymi Zamawiającego równoznaczne jest ze zgodą na przechowywanie oraz przetwarzanie podanych danych osobowych do celów realizacji i rozliczania transakcji. Dane osobowe Zamawiającego będą przetwarzane wyłącznie w celu realizacji złożonego zamówienia, w tym wystawienia faktury lub rachunku i prowadzenia sprawozdawczości finansowej. Dane te są poufne i nie będą ujawniane osobom trzecim. Klient ma prawo do wglądu do własnych danych osobowych oraz ich poprawek, a także usunięcia z bazy danych. W tym celu należy wysłać wiadomość z określoną dyspozycją na adres e-mail: info@sklepinternetowy.pl. <br /><br />\n	Dane dotyczące numeru karty płatniczej i rachunku bankowego, nie są znane Sprzedającemu. Autoryzacja elektronicznych form płatności odbywa się na stronach internetowych odpowiednich banków lub firmy Polcard.<br /><br />\n	W sprawach nieuregulowanych niniejszym regulaminem mają zastosowanie artykuły kodeksu cywilnego.</p>\n<p>\n	 </p>'),(275,'Dostawa',1,32,'','','','<p>\n	Tutaj należy zawrzeć informacje dotyczące możliwych metod dostawy oraz związanych z nimi kosztami oraz warunkami specjalnymi.</p>'),(276,'Dostępność towarów',1,33,'','','','<p>\n	Tutaj powinny znaleźć się informacje dot. czasów realizacji towarów, czynników wpływających na te czasy oraz dostępności produktów.</p>'),(277,'Płatności',1,34,'','','','<p>\n	Tutaj powinny znaleźć się informacje dot. dozwolonych metod płatności oraz - jeśli istnieją - warunków szczególnych przy użyciu danych metod</p>'),(278,'Zwroty, Gwarancja',1,30,'','','','<p>\n	<span style=\"background-color:rgb(255,255,0);\">Przykładowy regulamin sklepu internetowego. Regulamin stanowi tylko przykład i powinien być opracowany w zgodzie z praktykami stosowanymi przez sklep.</span></p>\n<p>\n	<strong>Reklamacje, zwroty, gwarancje</strong><br /><br />\n	Zamawiający ma prawo, żądać doprowadzenia reklamowanego produktu (-ów) do stanu zgodnego z umową poprzez nieodpłatną naprawę albo wymianę. Jeżeli SklepInternetowy.pl nie będzie w stanie wywiązać się z określonych żądań, klient ma prawo domagać się stosowanego obniżenia ceny albo może odstąpić od umowy.<br /><br />\n	Zamawiający może odstąpić od umowy bez podania przyczyn, składając stosowne oświadczenie na piśmie w terminie dziesięciu dni, liczonym od dnia wydania rzeczy. Do zachowania tego terminu wystarczy wysłanie oświadczenia przed jego upływem.<br /><br />\n	Kontakt w sprawie reklamacji, gwarancji i zwrotów: Przedsiebiorstwo XYZ, ul. Przykładowa 14. 00-000 Przykładowo, tel. (000) 000 00 00, e-mail <a href=\"mailto:info@sklepinternetowy.pl\">info@sklepinternetowy.pl</a></p>'),(282,'O firmie',1,21,'','','','<p>\r\n	O firmie</p>');
DROP TABLE IF EXISTS `contentcategoryview`;
/*!40101 SET @saved_cs_client     = @@character_set_client */;
/*!40101 SET character_set_client = utf8 */;
CREATE TABLE `contentcategoryview` (
  `idcontentcategoryview` int(10) unsigned NOT NULL AUTO_INCREMENT,
  `contentcategoryid` int(10) unsigned NOT NULL,
  `viewid` int(10) unsigned NOT NULL,
  `adddate` timestamp NOT NULL DEFAULT CURRENT_TIMESTAMP ON UPDATE CURRENT_TIMESTAMP,
  PRIMARY KEY (`idcontentcategoryview`),
  KEY `FK_contentcategoryview_contentcategoryid` (`contentcategoryid`),
  KEY `FK_contentcategoryview_viewid` (`viewid`),
  CONSTRAINT `FK_contentcategoryview_contentcategoryid` FOREIGN KEY (`contentcategoryid`) REFERENCES `contentcategory` (`idcontentcategory`) ON DELETE CASCADE ON UPDATE NO ACTION,
  CONSTRAINT `FK_contentcategoryview_viewid` FOREIGN KEY (`viewid`) REFERENCES `view` (`idview`) ON DELETE CASCADE ON UPDATE NO ACTION
) ENGINE=InnoDB AUTO_INCREMENT=114 DEFAULT CHARSET=utf8;
/*!40101 SET character_set_client = @saved_cs_client */;

INSERT INTO `contentcategoryview` (`idcontentcategoryview`, `contentcategoryid`, `viewid`, `adddate`) VALUES (58,22,3,'2012-05-22 14:27:33'),(93,25,3,'2012-07-14 14:21:23'),(94,35,3,'2012-07-14 14:23:50'),(96,46,3,'2012-07-14 14:24:20'),(97,27,3,'2012-07-14 14:44:15'),(99,23,3,'2012-07-26 14:44:15'),(100,28,3,'2012-07-26 14:47:32'),(101,24,3,'2012-07-26 14:47:46'),(102,26,3,'2012-07-26 14:48:03'),(104,29,3,'2012-07-26 14:50:38'),(106,32,3,'2012-07-26 14:52:04'),(107,33,3,'2012-07-26 14:52:31'),(108,34,3,'2012-07-26 14:54:27'),(109,30,3,'2012-07-26 14:57:22'),(113,21,3,'2012-08-28 15:15:46');
DROP TABLE IF EXISTS `controller`;
/*!40101 SET @saved_cs_client     = @@character_set_client */;
/*!40101 SET character_set_client = utf8 */;
CREATE TABLE `controller` (
  `idcontroller` int(10) unsigned NOT NULL AUTO_INCREMENT,
  `name` varchar(128) NOT NULL,
  `version` varchar(45) NOT NULL,
  `description` varchar(3000) DEFAULT NULL,
  `enable` tinyint(3) unsigned NOT NULL DEFAULT '1',
  `adddate` timestamp NOT NULL DEFAULT CURRENT_TIMESTAMP ON UPDATE CURRENT_TIMESTAMP,
  `mode` int(10) unsigned NOT NULL DEFAULT '0',
  PRIMARY KEY (`idcontroller`),
  UNIQUE KEY `UNIQUE_controller_name_mode` (`name`,`mode`)
) ENGINE=InnoDB AUTO_INCREMENT=945 DEFAULT CHARSET=utf8;
/*!40101 SET character_set_client = @saved_cs_client */;

INSERT INTO `controller` (`idcontroller`, `name`, `version`, `description`, `enable`, `adddate`, `mode`) VALUES (1,'users','1','TXT_USERS',1,'2012-07-21 23:22:23',1),(2,'mainside','1','TXT_CONTROLLER_MAINSIDE',1,'2010-12-03 18:13:28',1),(3,'client','1','TXT_CONTROLLER_CLIENT',1,'2010-12-03 18:13:28',1),(4,'product','1','TXT_CONTROLLER_PRODUCT',1,'2010-12-03 18:13:28',1),(5,'category','1','TXT_CATEGORIES',1,'2012-07-21 23:22:23',1),(6,'news','1','TXT_CONTROLLER_NEWS',1,'2010-12-03 18:13:28',1),(9,'groups','1','TXT_GROUPS_USERS_LIST',1,'2012-07-21 23:22:23',1),(29,'clientgroup','1','TXT_CLIENT_GROUP',1,'2012-07-21 23:22:23',1),(30,'paymentmethod','1','TXT_PAYMENTMETHOD',1,'2012-07-21 23:22:23',1),(31,'dispatchmethod','1','TXT_DISPATCHMETHOD',1,'2012-07-21 23:22:23',1),(35,'attributeproduct','1','TXT_PRODUCT_VARIANTS',1,'2012-07-21 23:22:23',1),(36,'producer','1','TXT_PRODUCERS',1,'2012-07-21 23:22:23',1),(37,'deliverer','1','TXT_DELIVERERS',1,'2012-07-21 23:22:23',1),(38,'orderstatus','1','TXT_ORDERSTATUS',1,'2012-07-21 23:22:23',1),(39,'vat','1','TXT_VAT',1,'2012-07-21 23:22:23',1),(42,'language','1','TXT_LANGUAGE',1,'2012-07-21 23:22:23',1),(43,'translation','1','TXT_TRANSLATIONS',1,'2012-07-21 23:22:23',1),(45,'globalsettings','1','TXT_GLOBAL_CONFIGURATION',1,'2012-07-21 23:22:23',1),(46,'order','1','TXT_CONTROLLER_ORDER',1,'2010-12-03 18:13:28',1),(47,'productstatus','1','TXT_PRODUCTSTATUS',1,'2012-07-21 23:22:23',1),(48,'crosssell','1','TXT_CROSSSELL',1,'2012-07-21 23:22:23',1),(49,'upsell','1','TXT_UPSELL',1,'2012-07-21 23:22:23',1),(50,'similarproduct','1','TXT_SIMILARPRODUCT',1,'2012-07-21 23:22:23',1),(54,'rangetype','1','TXT_RANGETYPE',1,'2012-07-21 23:22:23',1),(55,'productrange','1','TXT_PRODUCTRANGE',1,'2012-07-21 23:22:23',1),(57,'contentcategory','1','TXT_CONTENT_CATEGORY',1,'2012-07-21 23:22:23',1),(58,'productpromotion','1','TXT_CONTROLLER_PRODUCTPROMOTION',1,'2010-12-03 18:13:28',1),(59,'productnews','1','TXT_CONTROLLER_PRODUCTNEWS',1,'2010-12-03 18:13:28',1),(60,'files','1','TXT_FILES',1,'2012-07-21 23:22:23',1),(61,'contact','1','TXT_CONTACT',1,'2012-07-21 23:22:23',1),(62,'integration','1','TXT_INTEGRATION_LIST',1,'2012-07-21 23:22:23',1),(64,'statssales','1','TXT_STATSSALES',1,'2012-07-21 23:22:23',1),(65,'statsclients','1','TXT_STATSCLIENTS',1,'2012-07-21 23:22:23',1),(66,'statsproducts','1','TXT_STATSPRODUCTS',1,'2012-07-21 23:22:23',1),(67,'mostsearch','1','TXT_MOST_SEARCH',1,'2012-07-21 23:22:23',1),(69,'poll','1','TXT_POLL',1,'2012-07-21 23:22:23',1),(71,'clientnewsletter','1','TXT_CLIENTS_NEWSLETTER',1,'2012-07-21 23:35:32',1),(72,'newsletter','1 ','TXT_NEWSLETTER_TEMPLATE',1,'2012-07-21 23:35:32',1),(73,'unitmeasure','1','TXT_UNIT_MEASURE',1,'2012-07-21 23:35:32',1),(76,'attributegroup','1','TXT_PRODUCT_VARIANTS',1,'2012-07-21 23:35:32',1),(81,'invoice','1','TXT_INVOICES',1,'2012-07-21 23:35:32',1),(86,'recipientlist','1','TXT_RECIPIENT_LIST',1,'2012-07-21 23:35:32',1),(89,'mostviewed','1','TXT_MOST_VIEWED',1,'2012-07-21 23:35:32',1),(91,'buyalso','1','TXT_BUYALSO',1,'2012-07-21 23:35:32',1),(92,'sendnewsletter','1','TXT_SENDNEWSLETTER',1,'2012-07-21 23:35:32',1),(93,'orderstatusgroups','1','TXT_ORDER_STATUS_GROUPS',1,'2012-07-21 23:35:32',1),(103,'store','1','TXT_STORE',1,'2012-07-21 23:35:32',1),(104,'view','1','TXT_SHOP_VIEW',1,'2012-07-21 23:35:32',1),(105,'layoutbox','1','TXT_LAYOUT_BOXES',1,'2012-07-21 23:35:32',1),(107,'pagescheme','1','TXT_PAGE_SCHEMES',1,'2012-07-21 23:32:39',1),(108,'subpagelayout','1','TXT_SUBPAGE_LAYOUTS',1,'2012-07-21 23:32:39',1),(112,'rulescart','1','TXT_RULESCART',1,'2012-07-21 23:32:39',1),(805,'cart','1','TXT_CONTROLLER_CART',1,'2010-12-03 18:13:28',0),(806,'categorylist','1','TXT_CONTROLLER_CATEGORYLIST',1,'2010-12-03 18:13:28',0),(809,'clientaddress','1','TXT_CONTROLLER_CLIENTADDRESS',1,'2010-12-03 18:13:28',0),(810,'clientlogin','1','TXT_CONTROLLER_CLIENTLOGIN',1,'2010-12-03 18:13:28',0),(811,'clientorder','1','TXT_CONTROLLER_CLIENTORDER',1,'2010-12-03 18:13:28',0),(812,'clientsettings','1','TXT_CONTROLLER_CLIENTSETTINGS',1,'2010-12-03 18:13:28',0),(813,'confirmation','1','TXT_CONTROLLER_CONFIRMATION',1,'2010-12-03 18:13:28',0),(814,'contact','1','TXT_CONTROLLER_CONTACT',1,'2010-12-03 18:13:28',0),(816,'error','1','TXT_CONTROLLER_ERROR',1,'2010-12-03 18:13:28',0),(819,'forgotlogin','1','TXT_CONTROLLER_FORGOTLOGIN',1,'2010-12-03 18:13:28',0),(820,'forgotpassword','1','TXT_CONTROLLER_FORGOTPASSWORD',1,'2010-12-03 18:13:28',0),(825,'integration','1','TXT_CONTROLLER_INTEGRATION',1,'2010-12-03 18:13:28',0),(826,'invoice','1','TXT_CONTROLLER_INVOICE',1,'2010-12-03 18:13:28',0),(828,'login','1','TXT_CONTROLLER_LOGIN',1,'2010-12-03 18:13:28',0),(829,'mainside','1','TXT_CONTROLLER_MAINSIDE',1,'2010-12-03 18:13:28',0),(832,'news','1','TXT_CONTROLLER_NEWS',1,'2010-12-03 18:13:28',0),(833,'newsletter','1','TXT_CONTROLLER_NEWSLETTER',1,'2010-12-03 18:13:28',0),(837,'payment','1','TXT_CONTROLLER_PAYMENT',1,'2010-12-03 18:13:28',0),(843,'productcart','1','TXT_CONTROLLER_PRODUCTCART',1,'2010-12-03 18:13:28',0),(847,'productnews','1','TXT_CONTROLLER_PRODUCTNEWS',1,'2010-12-03 18:13:28',0),(848,'productpromotion','1','TXT_CONTROLLER_PRODUCTPROMOTION',1,'2010-12-03 18:13:28',0),(850,'productsearch','1','TXT_CONTROLLER_PRODUCTSEARCH',1,'2010-12-03 18:13:28',0),(853,'registration','1','TXT_CONTROLLER_REGISTRATIONCART',1,'2012-06-23 13:56:33',0),(854,'searchresults','1','TXT_CONTROLLER_SEARCHRESULTS',1,'2010-12-03 18:13:28',0),(855,'staticcontent','1','TXT_CONTROLLER_STATICCONTENT',1,'2010-12-03 18:13:28',0),(856,'wishlist','1','TXT_CONTROLLER_WISHLIST',1,'2010-12-03 18:13:28',0),(858,'exchange','1','TXT_EXCHANGE',1,'2012-07-21 23:32:39',1),(859,'virtualproduct','1','TXT_VIRTUALPRODUCT',1,'2012-07-21 23:32:39',1),(860,'sitemaps','1','TXT_SITEMAPS',1,'2012-07-21 23:32:39',1),(861,'sitemap','1','TXT_CONTROLLER_SITEMAP',1,'2010-12-03 18:13:28',0),(862,'controllerseo','1','TXT_CONTROLLER_SEO_LIST',1,'2012-07-21 23:32:39',1),(870,'currencieslist','1','TXT_CURRENCIES',1,'2012-07-21 23:32:39',1),(880,'substitutedservice','1','TXT_SUBSTITUTED_SERVICE',1,'2012-07-21 23:32:39',1),(881,'substitutedservicesend','1','TXT_CONTROLLER_SUBSTITUTEDSERVICESEND',1,'2010-12-03 18:13:28',1),(890,'spy','1','TXT_SPY',1,'2012-07-21 23:32:39',1),(893,'producerlist','1','TXT_CONTROLLER_PRODUCERLIST',1,'2011-07-11 15:35:01',0),(908,'templateeditor','1','TXT_TEMPLATE_EDITOR',1,'2012-07-21 23:37:20',1),(909,'technicaldata','1','TXT_PRODUCT_ATTRIBUTES',1,'2012-07-21 23:22:23',1),(910,'instancemanager','1','TXT_INSTANCE_MANAGER',1,'2012-06-10 19:49:23',1),(911,'coupons','1','TXT_COUPONS',1,'2012-07-21 23:37:20',1),(912,'couponsregistry','1','Rejestr kuponów',1,'2012-06-26 20:14:11',1),(913,'checkout','1','Proces zamówienia',1,'2012-06-27 23:16:19',0),(914,'finalization','1','TXT_CONTROLLER_FINALIZATION',1,'2012-07-01 22:51:04',0),(928,'contextmenu','1','Menu kontekstowe',1,'2012-07-06 15:13:50',1),(929,'shipment','1','TXT_SHIPMENTS',1,'2012-07-21 23:37:20',1),(930,'wizard','1','Przewodnik instalacji sklepu',1,'2012-07-06 15:13:55',1),(931,'conditions','1','Regulamin',1,'2012-07-19 22:45:01',0),(933,'availablity','1','Dostępnosc',1,'2012-07-29 19:16:01',1),(934,'collection','1','TXT_COLLECTIONS',1,'2012-08-21 00:11:19',1),(935,'codes','1','Klucze licencyjne',1,'2012-08-25 22:18:34',1),(936,'action','1','Import Action pełny',1,'2012-08-29 22:03:24',1),(937,'actionquick','1','Import Action szybki',1,'2012-08-29 22:03:24',1),(938,'actioncategory','1','Ustawienia kategorii Action',1,'2012-08-29 22:03:24',1),(939,'firmes','1','WellBridge',1,'2012-09-09 11:36:08',1),(940,'sendingo','1','Sendingo',1,'2012-09-25 12:55:12',1),(941,'exchangexml','1','Centrum wymiany danych XML',1,'2012-10-10 22:29:26',1),(942,'quickupdateadvanced','1','Szybka aktualizacja',1,'2012-10-26 17:20:06',1),(943,'productcombination','1','Zestawy produktów',1,'2012-12-09 10:50:57',1),(944,'inpost','1','Integracja Inpost',1,'2013-01-11 09:39:47',1);
DROP TABLE IF EXISTS `controllerseo`;
/*!40101 SET @saved_cs_client     = @@character_set_client */;
/*!40101 SET character_set_client = utf8 */;
CREATE TABLE `controllerseo` (
  `idcontrollerseo` int(10) unsigned NOT NULL AUTO_INCREMENT,
  `name` varchar(255) NOT NULL,
  `languageid` int(10) unsigned NOT NULL,
  `adddate` timestamp NOT NULL DEFAULT CURRENT_TIMESTAMP ON UPDATE CURRENT_TIMESTAMP,
  `controllerid` int(10) unsigned NOT NULL,
  PRIMARY KEY (`idcontrollerseo`),
  KEY `UNIQUE_controllerseo_name` (`name`),
  KEY `FK_controllerseo_controllerid` (`controllerid`),
  KEY `FK_controllerseo_languageid` (`languageid`),
  CONSTRAINT `FK_controllerseo_controllerid` FOREIGN KEY (`controllerid`) REFERENCES `controller` (`idcontroller`) ON DELETE CASCADE ON UPDATE NO ACTION,
  CONSTRAINT `FK_controllerseo_languageid` FOREIGN KEY (`languageid`) REFERENCES `language` (`idlanguage`) ON DELETE CASCADE ON UPDATE NO ACTION
) ENGINE=InnoDB AUTO_INCREMENT=65 DEFAULT CHARSET=utf8;
/*!40101 SET character_set_client = @saved_cs_client */;

INSERT INTO `controllerseo` (`idcontrollerseo`, `name`, `languageid`, `adddate`, `controllerid`) VALUES (7,'adresy',1,'2011-01-04 14:02:22',809),(8,'logowanie',1,'2011-01-04 14:02:26',810),(9,'zamowienia',1,'2011-01-04 14:02:31',811),(10,'ustawienia',1,'2011-01-04 14:02:35',812),(11,'potwierdzenie',1,'2011-01-04 14:02:39',813),(12,'kontakt',1,'2011-01-04 14:02:42',814),(13,'error',1,'2011-01-04 14:02:46',816),(14,'zapomnianehaslo',1,'2011-01-04 14:02:54',820),(15,'integracja',1,'2011-01-04 14:02:59',825),(16,'faktura',1,'2011-01-04 14:03:03',826),(17,'home',1,'2011-01-04 14:03:21',829),(20,'newsletter',1,'2011-01-04 14:03:34',833),(22,'platnosc',1,'2011-01-04 14:03:42',837),(29,'nowosci',1,'2011-01-04 14:05:16',847),(30,'promocje',1,'2011-01-04 14:05:21',848),(31,'wyszukiwarka',1,'2011-01-04 14:05:29',850),(32,'rejestracja',1,'2011-01-04 14:05:33',853),(33,'informacja',1,'2011-01-04 14:05:41',855),(42,'produkt',1,'2011-02-25 19:05:38',843),(45,'TXT_CONTROLLER_TEMPLATEEDITOR',1,'2012-04-14 22:50:15',908),(49,'kategoria',1,'2012-05-16 01:10:33',806),(53,'zamowienie',1,'2012-06-27 23:16:47',913),(54,'podsumowanie',1,'2012-07-01 22:51:31',914),(56,'mapa-strony',1,'2012-07-14 14:49:24',861),(57,'producenci',1,'2012-07-14 14:49:45',893),(58,'lista-zyczen',1,'2012-07-14 14:49:56',856),(59,'aktualnosci',1,'2012-07-14 14:53:20',832),(61,'regulamin',1,'2012-07-19 22:47:17',931),(64,'koszyk',1,'2013-01-11 13:59:09',805);
DROP TABLE IF EXISTS `country`;
/*!40101 SET @saved_cs_client     = @@character_set_client */;
/*!40101 SET character_set_client = utf8 */;
CREATE TABLE `country` (
  `idcountry` int(10) unsigned NOT NULL AUTO_INCREMENT,
  `name` varchar(128) NOT NULL,
  `translation` varchar(128) DEFAULT NULL,
  `symbol` varchar(45) DEFAULT NULL,
  `currencyid` int(10) unsigned DEFAULT NULL,
  `adddate` timestamp NOT NULL DEFAULT CURRENT_TIMESTAMP ON UPDATE CURRENT_TIMESTAMP,
  PRIMARY KEY (`idcountry`),
  UNIQUE KEY `UNIQUE_country_name` (`name`),
  UNIQUE KEY `UNIQUE_country_translation` (`translation`)
) ENGINE=InnoDB AUTO_INCREMENT=356 DEFAULT CHARSET=utf8;
/*!40101 SET character_set_client = @saved_cs_client */;

INSERT INTO `country` (`idcountry`, `name`, `translation`, `symbol`, `currencyid`, `adddate`) VALUES (107,'Afganistan',NULL,NULL,NULL,'2010-09-23 11:06:26'),(108,'Albania',NULL,NULL,NULL,'2010-09-23 11:06:26'),(109,'Alderneyl',NULL,NULL,NULL,'2010-09-23 11:06:26'),(110,'Algieria',NULL,NULL,NULL,'2010-09-23 11:06:26'),(111,'Andora',NULL,NULL,NULL,'2010-09-23 11:06:26'),(112,'Antyle Holenderskie',NULL,NULL,NULL,'2010-09-23 11:06:26'),(113,'Arabia Saudyjska',NULL,NULL,NULL,'2010-09-23 11:06:26'),(114,'Argentyna',NULL,NULL,NULL,'2010-09-23 11:06:26'),(115,'Australia',NULL,NULL,NULL,'2010-09-23 11:06:26'),(116,'Austria',NULL,NULL,NULL,'2010-09-23 11:06:26'),(117,'Bahamy',NULL,NULL,NULL,'2010-09-23 11:06:26'),(118,'Bahrajn',NULL,NULL,NULL,'2010-09-23 11:06:26'),(119,'Barbados',NULL,NULL,NULL,'2010-09-23 11:06:26'),(120,'Belgia',NULL,NULL,NULL,'2010-09-23 11:06:26'),(121,'Belize',NULL,NULL,NULL,'2010-09-23 11:06:26'),(122,'Benin',NULL,NULL,NULL,'2010-09-23 11:06:26'),(124,'Birma',NULL,NULL,NULL,'2010-09-23 11:06:26'),(126,'Brazylia',NULL,NULL,NULL,'2010-09-23 11:06:26'),(127,'Brunei',NULL,NULL,NULL,'2010-09-23 11:06:26'),(129,'Burundi',NULL,NULL,NULL,'2010-09-23 11:06:26'),(130,'Czile',NULL,NULL,NULL,'2010-09-23 11:06:26'),(131,'Chiny',NULL,NULL,NULL,'2010-09-23 11:06:26'),(132,'Chorwacja',NULL,NULL,NULL,'2010-09-23 11:06:26'),(134,'Cypr',NULL,NULL,NULL,'2010-09-23 11:06:26'),(135,'Czechy',NULL,NULL,NULL,'2010-09-23 11:06:26'),(136,'Dania',NULL,NULL,NULL,'2010-09-23 11:06:26'),(137,'Dominika',NULL,NULL,NULL,'2010-09-23 11:06:26'),(138,'Dominikana',NULL,NULL,NULL,'2010-09-23 11:06:26'),(139,'Egipt',NULL,NULL,NULL,'2010-09-23 11:06:26'),(140,'Ekwador',NULL,NULL,NULL,'2010-09-23 11:06:26'),(141,'Estonia',NULL,NULL,NULL,'2010-09-23 11:06:26'),(142,'Etiopia',NULL,NULL,NULL,'2010-09-23 11:06:26'),(144,'Filipiny',NULL,NULL,NULL,'2010-09-23 11:06:26'),(145,'Finlandia',NULL,NULL,NULL,'2010-09-23 11:06:26'),(146,'Francja',NULL,NULL,NULL,'2010-09-23 11:06:26'),(147,'Gambia',NULL,NULL,NULL,'2010-09-23 11:06:26'),(148,'Ghana',NULL,NULL,NULL,'2010-09-23 11:06:26'),(149,'Gibraltar',NULL,NULL,NULL,'2010-09-23 11:06:26'),(150,'Grecja',NULL,NULL,NULL,'2010-09-23 11:06:26'),(151,'Grenada',NULL,NULL,NULL,'2010-09-23 11:06:26'),(152,'Guernsey',NULL,NULL,NULL,'2010-09-23 11:06:26'),(153,'Gujana',NULL,NULL,NULL,'2010-09-23 11:06:26'),(154,'Gwatemala',NULL,NULL,NULL,'2010-09-23 11:06:26'),(155,'Haiti',NULL,NULL,NULL,'2010-09-23 11:06:26'),(156,'Hiszpania',NULL,NULL,NULL,'2010-09-23 11:06:26'),(157,'Holandia',NULL,NULL,NULL,'2010-09-23 11:06:26'),(158,'Hong Kong',NULL,NULL,NULL,'2010-09-23 11:06:26'),(159,'Indie',NULL,NULL,NULL,'2010-09-23 11:06:26'),(160,'Indonezja',NULL,NULL,NULL,'2010-09-23 11:06:26'),(161,'Irak',NULL,NULL,NULL,'2010-09-23 11:06:26'),(162,'Iran',NULL,NULL,NULL,'2010-09-23 11:06:26'),(163,'Irlandia',NULL,NULL,NULL,'2010-09-23 11:06:26'),(164,'Islandia',NULL,NULL,NULL,'2010-09-23 11:06:26'),(165,'Isle of Man',NULL,NULL,NULL,'2010-09-23 11:06:26'),(166,'Izrael',NULL,NULL,NULL,'2010-09-23 11:06:26'),(167,'Jamajka',NULL,NULL,NULL,'2010-09-23 11:06:26'),(168,'Japonia',NULL,NULL,NULL,'2010-09-23 11:06:26'),(169,'Jemen',NULL,NULL,NULL,'2010-09-23 11:06:26'),(170,'Jersej',NULL,NULL,NULL,'2010-09-23 11:06:26'),(171,'Jordania',NULL,NULL,NULL,'2010-09-23 11:06:26'),(174,'Kanada',NULL,NULL,NULL,'2010-09-23 11:06:26'),(175,'Kenia',NULL,NULL,NULL,'2010-09-23 11:06:26'),(176,'Kolumbia',NULL,NULL,NULL,'2010-09-23 11:06:26'),(177,'Kongo',NULL,NULL,NULL,'2010-09-23 11:06:26'),(178,'Korea',NULL,NULL,NULL,'2010-09-23 11:06:26'),(179,'Kuba',NULL,NULL,NULL,'2010-09-23 11:06:26'),(180,'Kuwejt',NULL,NULL,NULL,'2010-09-23 11:06:26'),(181,'Laos',NULL,NULL,NULL,'2010-09-23 11:06:26'),(182,'Lesotho',NULL,NULL,NULL,'2010-09-23 11:06:26'),(183,'Liban',NULL,NULL,NULL,'2010-09-23 11:06:26'),(184,'Liberia',NULL,NULL,NULL,'2010-09-23 11:06:26'),(185,'Libia',NULL,NULL,NULL,'2010-09-23 11:06:26'),(186,'Lichtenstain',NULL,NULL,NULL,'2010-09-23 11:06:26'),(187,'Litwa',NULL,NULL,NULL,'2010-09-23 11:06:26'),(188,'Luksemburg',NULL,NULL,NULL,'2010-09-23 11:06:26'),(190,'Macedonia',NULL,NULL,NULL,'2010-09-23 11:06:26'),(191,'Madagaskar',NULL,NULL,NULL,'2010-09-23 11:06:26'),(192,'Malawi',NULL,NULL,NULL,'2010-09-23 11:06:26'),(193,'Malezja',NULL,NULL,NULL,'2010-09-23 11:06:26'),(194,'Mali',NULL,NULL,NULL,'2010-09-23 11:06:26'),(195,'Malta',NULL,NULL,NULL,'2010-09-23 11:06:26'),(196,'Maroko',NULL,NULL,NULL,'2010-09-23 11:06:26'),(197,'Mauretania',NULL,NULL,NULL,'2010-09-23 11:06:26'),(198,'Mauritius',NULL,NULL,NULL,'2010-09-23 11:06:26'),(199,'Meksyk',NULL,NULL,NULL,'2010-09-23 11:06:26'),(201,'Monako',NULL,NULL,NULL,'2010-09-23 11:06:26'),(202,'Namibia',NULL,NULL,NULL,'2010-09-23 11:06:26'),(203,'Niemcy',NULL,NULL,NULL,'2010-09-23 11:06:26'),(204,'Nigeria',NULL,NULL,NULL,'2010-09-23 11:06:26'),(205,'Nikaragua',NULL,NULL,NULL,'2010-09-23 11:06:26'),(206,'Norwegia',NULL,NULL,NULL,'2010-09-23 11:06:26'),(207,'Nowa Zelandia',NULL,NULL,NULL,'2010-09-23 11:06:26'),(208,'Pakistan',NULL,NULL,NULL,'2010-09-23 11:06:26'),(209,'Panama',NULL,NULL,NULL,'2010-09-23 11:06:26'),(210,'Paragwaj',NULL,NULL,NULL,'2010-09-23 11:06:26'),(211,'Peru',NULL,NULL,NULL,'2010-09-23 11:06:26'),(213,'Portugalia',NULL,NULL,NULL,'2010-09-23 11:06:26'),(216,'Rosja',NULL,NULL,NULL,'2010-09-23 11:06:26'),(217,'Rumunia',NULL,NULL,NULL,'2010-09-23 11:06:26'),(218,'Rwanda',NULL,NULL,NULL,'2010-09-23 11:06:26'),(219,'Saint Lucia',NULL,NULL,NULL,'2010-09-23 11:06:26'),(220,'Saint Vincent',NULL,NULL,NULL,'2010-09-23 11:06:26'),(221,'Salwador',NULL,NULL,NULL,'2010-09-23 11:06:26'),(222,'Samoa',NULL,NULL,NULL,'2010-09-23 11:06:26'),(223,'San Marino',NULL,NULL,NULL,'2010-09-23 11:06:26'),(224,'Senegal',NULL,NULL,NULL,'2010-09-23 11:06:26'),(225,'Seszele',NULL,NULL,NULL,'2010-09-23 11:06:26'),(226,'Sierra Leone',NULL,NULL,NULL,'2010-09-23 11:06:26'),(227,'Singapur',NULL,NULL,NULL,'2010-09-23 11:06:26'),(230,'Sri Lanka',NULL,NULL,NULL,'2010-09-23 11:06:26'),(232,'Suazi, Królestwo Suazi',NULL,NULL,NULL,'2010-09-23 11:06:26'),(233,'Surinam',NULL,NULL,NULL,'2010-09-23 11:06:26'),(234,'Syria',NULL,NULL,NULL,'2010-09-23 11:06:26'),(235,'Szwajcaria',NULL,NULL,NULL,'2010-09-23 11:06:26'),(236,'Szwecja',NULL,NULL,NULL,'2010-09-23 11:06:26'),(237,'Tajlandia',NULL,NULL,NULL,'2010-09-23 11:06:26'),(238,'Tajwan',NULL,NULL,NULL,'2010-09-23 11:06:26'),(239,'Tanzania',NULL,NULL,NULL,'2010-09-23 11:06:26'),(240,'Togo',NULL,NULL,NULL,'2010-09-23 11:06:26'),(241,'Trinidad i Tobago, Republika Trynidad i Tobago',NULL,NULL,NULL,'2010-09-23 11:06:26'),(242,'Tunezja',NULL,NULL,NULL,'2010-09-23 11:06:26'),(243,'Turcja',NULL,NULL,NULL,'2010-09-23 11:06:26'),(244,'Uganda',NULL,NULL,NULL,'2010-09-23 11:06:26'),(245,'Ukraina',NULL,NULL,NULL,'2010-09-23 11:06:26'),(246,'Urugwaj',NULL,NULL,NULL,'2010-09-23 11:06:26'),(247,'Watykan',NULL,NULL,NULL,'2010-09-23 11:06:26'),(248,'Wenezuela',NULL,NULL,NULL,'2010-09-23 11:06:26'),(250,'Wielka Brytania',NULL,NULL,NULL,'2010-09-23 11:06:26'),(251,'Wietnam',NULL,NULL,NULL,'2010-09-23 11:06:26'),(254,'Zair',NULL,NULL,NULL,'2010-09-23 11:06:26'),(255,'Zambia',NULL,NULL,NULL,'2010-09-23 11:06:26'),(256,'Zimbabwe',NULL,NULL,NULL,'2010-09-23 11:06:26'),(261,'Polska',NULL,NULL,NULL,'2010-09-23 11:06:26'),(262,'Angola',NULL,NULL,NULL,'2010-09-23 11:06:26'),(263,'Anguilla',NULL,NULL,NULL,'2010-09-23 11:06:26'),(264,'Antigua and Barbuda',NULL,NULL,NULL,'2010-09-23 11:06:26'),(265,'Aruba',NULL,NULL,NULL,'2010-09-23 11:06:26'),(266,'Armenia',NULL,NULL,NULL,'2010-09-23 11:06:26'),(267,'Azerbejdżan',NULL,NULL,NULL,'2010-09-23 11:06:26'),(268,'Bangladesz',NULL,NULL,NULL,'2010-09-23 11:06:26'),(269,'Białoruś',NULL,NULL,NULL,'2010-09-23 11:06:26'),(270,'Bermudy',NULL,NULL,NULL,'2010-09-23 11:06:26'),(271,'Butan',NULL,NULL,NULL,'2010-09-23 11:06:26'),(272,'Boliwia',NULL,NULL,NULL,'2010-09-23 11:06:26'),(273,'Bośnia i Hercegowina',NULL,NULL,NULL,'2010-09-23 11:06:26'),(274,'Bostwana',NULL,NULL,NULL,'2010-09-23 11:06:26'),(275,'Brytyjskie Wyspy Dziewicze',NULL,NULL,NULL,'2010-09-23 11:06:26'),(276,'Bułgaria',NULL,NULL,NULL,'2010-09-23 11:06:26'),(277,'Burkina Faso',NULL,NULL,NULL,'2010-09-23 11:06:26'),(278,'Kambodża ',NULL,NULL,NULL,'2010-09-23 11:06:26'),(279,'Kamerun',NULL,NULL,NULL,'2010-09-23 11:06:26'),(280,'Wyspy Zielonego Przylądka',NULL,NULL,NULL,'2010-09-23 11:06:26'),(281,'Kajmany',NULL,NULL,NULL,'2010-09-23 11:06:26'),(282,'Republika Środkowoafrykańska',NULL,NULL,NULL,'2010-09-23 11:06:26'),(283,'Czad',NULL,NULL,NULL,'2010-09-23 11:06:26'),(284,'Komory',NULL,NULL,NULL,'2010-09-23 11:06:26'),(285,'Wyspy Cooka ',NULL,NULL,NULL,'2010-09-23 11:06:26'),(286,'Kostaryka ',NULL,NULL,NULL,'2010-09-23 11:06:26'),(287,'Wybrzeże Kości Słoniowej ',NULL,NULL,NULL,'2010-09-23 11:06:26'),(288,'Dżibuti',NULL,NULL,NULL,'2010-09-23 11:06:26'),(289,'Equatorial Guinea',NULL,NULL,NULL,'2010-09-23 11:06:26'),(290,'Erytrea',NULL,NULL,NULL,'2010-09-23 11:06:26'),(291,'Wyspy Falklandzkie, Falklandy ',NULL,NULL,NULL,'2010-09-23 11:06:26'),(292,'Fidżi',NULL,NULL,NULL,'2010-09-23 11:06:26'),(293,'Gwinea Francuska',NULL,NULL,NULL,'2010-09-23 11:06:26'),(294,'Polinezja Francuska',NULL,NULL,NULL,'2010-09-23 11:06:26'),(295,'Gabon',NULL,NULL,NULL,'2010-09-23 11:06:26'),(296,'Gruzja',NULL,NULL,NULL,'2010-09-23 11:06:26'),(297,'Grenlandia ',NULL,NULL,NULL,'2010-09-23 11:06:26'),(298,'Gwadelupa ',NULL,NULL,NULL,'2010-09-23 11:06:26'),(299,'Guam',NULL,NULL,NULL,'2010-09-23 11:06:26'),(300,'Gwinea ',NULL,NULL,NULL,'2010-09-23 11:06:26'),(301,'Gwinea Bissau',NULL,NULL,NULL,'2010-09-23 11:06:26'),(302,'Honduras',NULL,NULL,NULL,'2010-09-23 11:06:26'),(303,'Węgry',NULL,NULL,NULL,'2010-09-23 11:06:26'),(304,'Włochy',NULL,NULL,NULL,'2010-09-23 11:06:26'),(305,'Jan Mayen',NULL,NULL,NULL,'2010-09-23 11:06:26'),(306,'Jugosławia',NULL,NULL,NULL,'2010-09-23 11:06:26'),(307,'Kazakhstan',NULL,NULL,NULL,'2010-09-23 11:06:26'),(308,'Kiribati, Republika Kiribati',NULL,NULL,NULL,'2010-09-23 11:06:26'),(309,'Kirgistan ',NULL,NULL,NULL,'2010-09-23 11:06:26'),(310,'Łotwa',NULL,NULL,NULL,'2012-07-26 15:41:53'),(311,'Macao ',NULL,NULL,NULL,'2010-09-23 11:06:26'),(312,'Wyspy Marshalla',NULL,NULL,NULL,'2010-09-23 11:06:26'),(313,'Malediwy',NULL,NULL,NULL,'2010-09-23 11:06:26'),(314,'Martynika',NULL,NULL,NULL,'2010-09-23 11:06:26'),(315,'Majotta',NULL,NULL,NULL,'2010-09-23 11:06:26'),(316,'Mołdawia',NULL,NULL,NULL,'2010-09-23 11:06:26'),(317,'Mongolia',NULL,NULL,NULL,'2010-09-23 11:06:26'),(318,'Montserrat ',NULL,NULL,NULL,'2010-09-23 11:06:26'),(319,'Mozambik',NULL,NULL,NULL,'2010-09-23 11:06:26'),(320,'Nauru, Republika Nauru',NULL,NULL,NULL,'2010-09-23 11:06:26'),(321,'Nepal',NULL,NULL,NULL,'2010-09-23 11:06:26'),(322,'Nowa Kaledonia',NULL,NULL,NULL,'2010-09-23 11:06:26'),(323,'Niger',NULL,NULL,NULL,'2010-09-23 11:06:26'),(324,'Niue',NULL,NULL,NULL,'2010-09-23 11:06:26'),(325,'Oman',NULL,NULL,NULL,'2010-09-23 11:06:26'),(326,'Palau',NULL,NULL,NULL,'2010-09-23 11:06:26'),(327,'Papua Nowa Gwinea',NULL,NULL,NULL,'2010-09-23 11:06:26'),(328,'Portoryko',NULL,NULL,NULL,'2010-09-23 11:06:26'),(329,'Katar',NULL,NULL,NULL,'2010-09-23 11:06:26'),(330,'Wyspa Świętej Heleny',NULL,NULL,NULL,'2010-09-23 11:06:26'),(331,'Federacja Saint Kitts i Nevis',NULL,NULL,NULL,'2010-09-23 11:06:26'),(332,'Saint Pierre i Miquelon',NULL,NULL,NULL,'2010-09-23 11:06:26'),(333,'Saint Vincent i Grenadyny',NULL,NULL,NULL,'2010-09-23 11:06:26'),(334,'Słowacja',NULL,NULL,NULL,'2010-09-23 11:06:26'),(335,'Słowenia',NULL,NULL,NULL,'2010-09-23 11:06:26'),(336,'Wyspy Salomona',NULL,NULL,NULL,'2010-09-23 11:06:26'),(337,'Somalia',NULL,NULL,NULL,'2010-09-23 11:06:26'),(338,'Południowa Afryka, Republika Południowej Afryki',NULL,NULL,NULL,'2010-09-23 11:06:26'),(339,'Svalbard ',NULL,NULL,NULL,'2010-09-23 11:06:26'),(340,'Taiti',NULL,NULL,NULL,'2010-09-23 11:06:26'),(341,'Tadżykistan ',NULL,NULL,NULL,'2010-09-23 11:06:26'),(342,'Tonga, Królestwo Tonga',NULL,NULL,NULL,'2010-09-23 11:06:26'),(343,'Turks i Caicos, Wyspy Turks i Caicos',NULL,NULL,NULL,'2010-09-23 11:06:26'),(344,'Turkmenistan',NULL,NULL,NULL,'2010-09-23 11:06:26'),(345,'Tuvalu',NULL,NULL,NULL,'2010-09-23 11:06:26'),(346,'Zjednoczone Emiraty Arabskie',NULL,NULL,NULL,'2010-09-23 11:06:26'),(347,'Stany Zjednoczone Ameryki',NULL,NULL,NULL,'2010-09-23 11:06:26'),(348,'Uzbekistan',NULL,NULL,NULL,'2010-09-23 11:06:26'),(349,'Vanuatu, Republika Vanuatu',NULL,NULL,NULL,'2010-09-23 11:06:26'),(350,'Wallis i Futuna',NULL,NULL,NULL,'2010-09-23 11:06:26'),(351,'Wyspy Dziewicze Stanów Zjednoczonych',NULL,NULL,NULL,'2010-09-23 11:06:26'),(352,'Zachodnia Sahara ',NULL,NULL,NULL,'2010-09-23 11:06:26'),(353,'Zachodnia Samoa',NULL,NULL,NULL,'2010-09-23 11:06:26'),(354,'APO/FPO',NULL,NULL,NULL,'2010-09-23 11:06:26'),(355,'Mikronezja, Federalne Stany Mikronezji',NULL,NULL,NULL,'2010-09-23 11:06:26');
DROP TABLE IF EXISTS `crosssell`;
/*!40101 SET @saved_cs_client     = @@character_set_client */;
/*!40101 SET character_set_client = utf8 */;
CREATE TABLE `crosssell` (
  `idcrosssell` int(10) unsigned NOT NULL AUTO_INCREMENT,
  `productid` int(10) unsigned NOT NULL,
  `adddate` timestamp NOT NULL DEFAULT CURRENT_TIMESTAMP ON UPDATE CURRENT_TIMESTAMP,
  `hierarchy` int(11) NOT NULL DEFAULT '0',
  `relatedproductid` int(10) unsigned NOT NULL,
  PRIMARY KEY (`idcrosssell`),
  UNIQUE KEY `UNIQUE_crosssell_productid_relatedproductid` (`productid`,`relatedproductid`),
  KEY `FK_crosssell_relatedproductid` (`relatedproductid`),
  CONSTRAINT `FK_crosssell_productid` FOREIGN KEY (`productid`) REFERENCES `product` (`idproduct`) ON DELETE CASCADE ON UPDATE NO ACTION,
  CONSTRAINT `FK_crosssell_relatedproductid` FOREIGN KEY (`relatedproductid`) REFERENCES `product` (`idproduct`) ON DELETE CASCADE ON UPDATE NO ACTION
) ENGINE=InnoDB AUTO_INCREMENT=1487 DEFAULT CHARSET=utf8;
/*!40101 SET character_set_client = @saved_cs_client */;

INSERT INTO `crosssell` (`idcrosssell`, `productid`, `adddate`, `hierarchy`, `relatedproductid`) VALUES (87,674,'2012-07-23 17:27:08',0,673),(88,674,'2012-07-23 17:27:08',0,677),(100,695,'2012-07-24 10:59:46',0,696),(135,674,'2012-07-25 13:32:00',0,702),(199,703,'2012-07-25 15:11:31',0,680),(200,703,'2012-07-25 15:11:31',0,681),(201,703,'2012-07-25 15:11:31',0,682),(202,703,'2012-07-25 15:11:31',0,683),(203,703,'2012-07-25 15:11:31',0,704),(359,695,'2012-07-26 15:07:53',0,701),(363,700,'2012-07-26 15:08:33',0,673),(364,700,'2012-07-26 15:08:33',0,672),(365,700,'2012-07-26 15:08:33',0,676),(366,700,'2012-07-26 15:08:33',0,677),(367,700,'2012-07-26 15:08:33',0,679),(368,700,'2012-07-26 15:08:33',0,702),(369,700,'2012-07-26 15:08:33',0,701),(377,699,'2012-07-26 15:08:56',0,701),(378,699,'2012-07-26 15:08:56',0,683),(379,699,'2012-07-26 15:08:56',0,682),(380,699,'2012-07-26 15:08:56',0,684),(381,699,'2012-07-26 15:08:56',0,681),(382,699,'2012-07-26 15:08:56',0,703),(383,699,'2012-07-26 15:08:56',0,704),(384,699,'2012-07-26 15:08:56',0,705),(390,703,'2012-07-26 15:08:56',0,699),(393,698,'2012-07-26 15:09:16',0,680),(394,698,'2012-07-26 15:09:16',0,681),(395,698,'2012-07-26 15:09:16',0,682),(396,698,'2012-07-26 15:09:16',0,684),(397,698,'2012-07-26 15:09:16',0,701),(398,698,'2012-07-26 15:09:16',0,704),(399,698,'2012-07-26 15:09:16',0,703),(400,698,'2012-07-26 15:09:16',0,705),(407,703,'2012-07-26 15:09:16',0,698),(409,697,'2012-07-26 15:11:01',0,701),(411,696,'2012-07-26 15:11:30',0,695),(412,696,'2012-07-26 15:11:30',0,701),(423,688,'2012-07-26 15:14:49',0,685),(424,688,'2012-07-26 15:14:49',0,686),(425,688,'2012-07-26 15:14:49',0,687),(426,688,'2012-07-26 15:14:49',0,689),(431,687,'2012-07-26 15:15:17',0,688),(432,687,'2012-07-26 15:15:17',0,689),(433,687,'2012-07-26 15:15:17',0,685),(434,687,'2012-07-26 15:15:17',0,686),(439,686,'2012-07-26 15:15:51',0,687),(440,686,'2012-07-26 15:15:51',0,688),(441,686,'2012-07-26 15:15:51',0,689),(442,686,'2012-07-26 15:15:51',0,672),(443,686,'2012-07-26 15:15:51',0,685),(487,676,'2012-07-27 15:15:44',0,673),(488,676,'2012-07-27 15:15:44',0,700),(489,676,'2012-07-27 15:15:44',0,702),(615,685,'2012-08-06 23:55:38',0,686),(616,685,'2012-08-06 23:55:38',0,687),(617,685,'2012-08-06 23:55:38',0,688),(618,685,'2012-08-06 23:55:38',0,689),(1053,702,'2012-08-31 13:15:17',0,673),(1054,702,'2012-08-31 13:15:17',0,674),(1055,702,'2012-08-31 13:15:17',0,675),(1056,702,'2012-08-31 13:15:17',0,676),(1057,702,'2012-08-31 13:15:17',0,700),(1058,702,'2012-08-31 13:15:17',0,701),(1111,689,'2012-08-31 15:05:35',0,685),(1112,689,'2012-08-31 15:05:35',0,686),(1113,689,'2012-08-31 15:05:35',0,687),(1114,689,'2012-08-31 15:05:35',0,688),(1133,678,'2012-09-02 13:46:59',0,705),(1153,683,'2012-09-02 13:47:53',0,699),(1154,683,'2012-09-02 13:47:53',0,703),(1155,683,'2012-09-02 13:47:53',0,704),(1156,683,'2012-09-02 13:47:53',0,705),(1165,682,'2012-09-02 13:48:44',0,698),(1166,682,'2012-09-02 13:48:44',0,699),(1167,682,'2012-09-02 13:48:44',0,703),(1168,682,'2012-09-02 13:48:44',0,704),(1169,682,'2012-09-02 13:48:44',0,705),(1240,701,'2012-09-11 15:17:38',0,695),(1241,701,'2012-09-11 15:17:38',0,696),(1242,701,'2012-09-11 15:17:38',0,697),(1243,701,'2012-09-11 15:17:38',0,698),(1244,701,'2012-09-11 15:17:38',0,699),(1245,701,'2012-09-11 15:17:38',0,700),(1246,701,'2012-09-11 15:17:38',0,702),(1254,684,'2012-09-11 15:20:24',0,698),(1255,684,'2012-09-11 15:20:24',0,699),(1258,681,'2012-09-11 15:20:56',0,698),(1259,681,'2012-09-11 15:20:56',0,699),(1260,681,'2012-09-11 15:20:56',0,703),(1261,681,'2012-09-11 15:20:56',0,704),(1262,681,'2012-09-11 15:20:56',0,705),(1268,680,'2012-09-11 15:21:24',0,698),(1269,680,'2012-09-11 15:21:24',0,703),(1270,680,'2012-09-11 15:21:24',0,704),(1271,680,'2012-09-11 15:21:24',0,705),(1276,677,'2012-09-11 15:21:55',0,673),(1277,677,'2012-09-11 15:21:55',0,674),(1278,677,'2012-09-11 15:21:55',0,675),(1279,677,'2012-09-11 15:21:55',0,700),(1284,675,'2012-09-11 15:22:19',0,673),(1285,675,'2012-09-11 15:22:19',0,677),(1286,675,'2012-09-11 15:22:19',0,702),(1337,705,'2012-10-10 23:22:45',0,678),(1338,705,'2012-10-10 23:22:45',0,679),(1339,705,'2012-10-10 23:22:45',0,680),(1340,705,'2012-10-10 23:22:45',0,681),(1341,705,'2012-10-10 23:22:45',0,682),(1342,705,'2012-10-10 23:22:45',0,683),(1343,705,'2012-10-10 23:22:45',0,698),(1344,705,'2012-10-10 23:22:45',0,699),(1395,704,'2012-10-10 23:24:30',0,680),(1396,704,'2012-10-10 23:24:30',0,681),(1397,704,'2012-10-10 23:24:30',0,682),(1398,704,'2012-10-10 23:24:30',0,683),(1399,704,'2012-10-10 23:24:30',0,698),(1400,704,'2012-10-10 23:24:30',0,699),(1401,704,'2012-10-10 23:24:30',0,703),(1437,673,'2012-10-10 23:39:58',0,672),(1438,673,'2012-10-10 23:39:58',0,674),(1439,673,'2012-10-10 23:39:58',0,675),(1440,673,'2012-10-10 23:39:58',0,676),(1441,673,'2012-10-10 23:39:58',0,677),(1442,673,'2012-10-10 23:39:58',0,700),(1443,673,'2012-10-10 23:39:58',0,702),(1463,672,'2012-12-09 17:32:08',0,673),(1464,672,'2012-12-09 17:32:08',11,686),(1465,672,'2012-12-09 17:32:08',0,700),(1466,672,'2012-12-09 17:32:08',0,682),(1467,672,'2012-12-09 17:32:08',0,681),(1471,682,'2012-12-09 17:32:08',0,672),(1472,681,'2012-12-09 17:32:08',0,672),(1485,679,'2012-12-16 22:12:50',0,700),(1486,679,'2012-12-16 22:12:50',0,705);
DROP TABLE IF EXISTS `currency`;
/*!40101 SET @saved_cs_client     = @@character_set_client */;
/*!40101 SET character_set_client = utf8 */;
CREATE TABLE `currency` (
  `idcurrency` int(10) unsigned NOT NULL AUTO_INCREMENT,
  `currencyname` varchar(45) NOT NULL,
  `currencysymbol` varchar(15) NOT NULL,
  `decimalseparator` varchar(10) DEFAULT NULL,
  `thousandseparator` varchar(10) DEFAULT NULL,
  `positivepreffix` varchar(10) DEFAULT NULL,
  `positivesuffix` varchar(10) DEFAULT NULL,
  `negativepreffix` varchar(10) DEFAULT NULL,
  `negativesuffix` varchar(10) DEFAULT NULL,
  `decimalcount` int(11) DEFAULT NULL,
  PRIMARY KEY (`idcurrency`)
) ENGINE=InnoDB AUTO_INCREMENT=201 DEFAULT CHARSET=utf8;
/*!40101 SET character_set_client = @saved_cs_client */;

INSERT INTO `currency` (`idcurrency`, `currencyname`, `currencysymbol`, `decimalseparator`, `thousandseparator`, `positivepreffix`, `positivesuffix`, `negativepreffix`, `negativesuffix`, `decimalcount`) VALUES (28,'złoty','PLN','.','',' ',' PLN','-',' PLN',2),(200,'euro','EUR',',','','EUR ','','EUR ','',2);
DROP TABLE IF EXISTS `currencyrates`;
/*!40101 SET @saved_cs_client     = @@character_set_client */;
/*!40101 SET character_set_client = utf8 */;
CREATE TABLE `currencyrates` (
  `idcurrencyrates` int(10) unsigned NOT NULL AUTO_INCREMENT,
  `currencyfrom` int(10) unsigned NOT NULL,
  `currencyto` int(10) unsigned NOT NULL,
  `exchangerate` decimal(15,4) NOT NULL,
  PRIMARY KEY (`idcurrencyrates`),
  KEY `IDX_currencyrates_currencyto` (`currencyto`)
) ENGINE=InnoDB AUTO_INCREMENT=879 DEFAULT CHARSET=utf8;
/*!40101 SET character_set_client = @saved_cs_client */;

INSERT INTO `currencyrates` (`idcurrencyrates`, `currencyfrom`, `currencyto`, `exchangerate`) VALUES (799,198,9,0.6908),(800,198,198,1.0000),(801,198,28,2.8554),(802,9,9,1.0000),(803,9,28,4.1338),(804,9,198,1.4477),(839,201,201,1.0000),(840,201,200,0.0000),(841,201,199,0.0000),(842,201,28,0.0000),(859,199,199,1.0000),(860,199,28,4.2488),(875,200,200,1.0000),(876,200,28,4.1968),(877,28,200,0.2383),(878,28,28,1.0000);
DROP TABLE IF EXISTS `currencyview`;
/*!40101 SET @saved_cs_client     = @@character_set_client */;
/*!40101 SET character_set_client = utf8 */;
CREATE TABLE `currencyview` (
  `idcurrencyview` int(10) unsigned NOT NULL AUTO_INCREMENT,
  `currencyid` int(10) unsigned NOT NULL,
  `viewid` int(10) unsigned NOT NULL,
  `adddate` timestamp NOT NULL DEFAULT CURRENT_TIMESTAMP ON UPDATE CURRENT_TIMESTAMP,
  PRIMARY KEY (`idcurrencyview`),
  KEY `FK_currencyview_currencyid` (`currencyid`),
  KEY `FK_currencyview_viewid` (`viewid`),
  CONSTRAINT `FK_currencyview_currencyid` FOREIGN KEY (`currencyid`) REFERENCES `currency` (`idcurrency`) ON DELETE CASCADE ON UPDATE NO ACTION,
  CONSTRAINT `FK_currencyview_viewid` FOREIGN KEY (`viewid`) REFERENCES `view` (`idview`) ON DELETE CASCADE ON UPDATE NO ACTION
) ENGINE=InnoDB AUTO_INCREMENT=24 DEFAULT CHARSET=utf8;
/*!40101 SET character_set_client = @saved_cs_client */;

INSERT INTO `currencyview` (`idcurrencyview`, `currencyid`, `viewid`, `adddate`) VALUES (22,200,3,'2012-07-24 09:38:31'),(23,28,3,'2012-08-03 14:50:46');
DROP TABLE IF EXISTS `deliverer`;
/*!40101 SET @saved_cs_client     = @@character_set_client */;
/*!40101 SET character_set_client = utf8 */;
CREATE TABLE `deliverer` (
  `iddeliverer` int(10) unsigned NOT NULL AUTO_INCREMENT,
  `adddate` timestamp NOT NULL DEFAULT CURRENT_TIMESTAMP ON UPDATE CURRENT_TIMESTAMP,
  `photoid` int(10) unsigned DEFAULT NULL,
  PRIMARY KEY (`iddeliverer`),
  KEY `FK_deliverer_photoid` (`photoid`),
  CONSTRAINT `FK_deliverer_photoid` FOREIGN KEY (`photoid`) REFERENCES `file` (`idfile`) ON DELETE SET NULL ON UPDATE NO ACTION
) ENGINE=InnoDB DEFAULT CHARSET=utf8;
/*!40101 SET character_set_client = @saved_cs_client */;

DROP TABLE IF EXISTS `deliverertranslation`;
/*!40101 SET @saved_cs_client     = @@character_set_client */;
/*!40101 SET character_set_client = utf8 */;
CREATE TABLE `deliverertranslation` (
  `iddeliverertranslation` int(10) unsigned NOT NULL AUTO_INCREMENT,
  `delivererid` int(10) unsigned NOT NULL,
  `name` varchar(255) NOT NULL,
  `www` varchar(255) DEFAULT NULL,
  `email` varchar(255) DEFAULT NULL,
  `languageid` int(10) unsigned NOT NULL,
  PRIMARY KEY (`iddeliverertranslation`),
  KEY `UNIQUE_deliverertranslation_name_languageid` (`name`,`languageid`),
  KEY `FK_deliverertranslation_delivererid` (`delivererid`),
  KEY `FK_deliverertranslation_languageid` (`languageid`),
  CONSTRAINT `FK_deliverertranslation_delivererid` FOREIGN KEY (`delivererid`) REFERENCES `deliverer` (`iddeliverer`) ON DELETE CASCADE ON UPDATE NO ACTION,
  CONSTRAINT `FK_deliverertranslation_languageid` FOREIGN KEY (`languageid`) REFERENCES `language` (`idlanguage`) ON DELETE CASCADE ON UPDATE NO ACTION
) ENGINE=InnoDB DEFAULT CHARSET=utf8;
/*!40101 SET character_set_client = @saved_cs_client */;

DROP TABLE IF EXISTS `dispatchmethod`;
/*!40101 SET @saved_cs_client     = @@character_set_client */;
/*!40101 SET character_set_client = utf8 */;
CREATE TABLE `dispatchmethod` (
  `iddispatchmethod` int(10) unsigned NOT NULL AUTO_INCREMENT,
  `name` varchar(64) NOT NULL,
  `adddate` timestamp NOT NULL DEFAULT CURRENT_TIMESTAMP ON UPDATE CURRENT_TIMESTAMP,
  `description` varchar(5000) DEFAULT NULL,
  `photo` int(10) unsigned DEFAULT NULL,
  `type` int(10) unsigned NOT NULL DEFAULT '1',
  `maximumweight` decimal(15,4) DEFAULT NULL,
  `freedelivery` decimal(15,2) DEFAULT NULL,
  `countryids` varchar(255) NOT NULL,
  `currencyid` int(11) NOT NULL DEFAULT '28',
  `hierarchy` int(11) DEFAULT '0',
  `subiektsymbol` varchar(255) NOT NULL,
  PRIMARY KEY (`iddispatchmethod`),
  UNIQUE KEY `unique_dispatchmethod_name` (`name`)
) ENGINE=InnoDB AUTO_INCREMENT=19 DEFAULT CHARSET=utf8;
/*!40101 SET character_set_client = @saved_cs_client */;

INSERT INTO `dispatchmethod` (`iddispatchmethod`, `name`, `adddate`, `description`, `photo`, `type`, `maximumweight`, `freedelivery`, `countryids`, `currencyid`, `hierarchy`, `subiektsymbol`) VALUES (15,'Kurier Standard','2012-09-17 23:09:52','',17,1,20.0000,123.00,'',28,0,''),(17,'Poczta Polska','2012-08-31 15:07:38','',0,1,NULL,NULL,'',28,0,'');
DROP TABLE IF EXISTS `dispatchmethodpaymentmethod`;
/*!40101 SET @saved_cs_client     = @@character_set_client */;
/*!40101 SET character_set_client = utf8 */;
CREATE TABLE `dispatchmethodpaymentmethod` (
  `iddispatchmethodpaymentmethod` int(10) unsigned NOT NULL AUTO_INCREMENT,
  `dispatchmethodid` int(10) unsigned NOT NULL,
  `paymentmethodid` int(10) unsigned NOT NULL,
  `adddate` timestamp NOT NULL DEFAULT CURRENT_TIMESTAMP ON UPDATE CURRENT_TIMESTAMP,
  PRIMARY KEY (`iddispatchmethodpaymentmethod`),
  UNIQUE KEY `UNIQUE_dmp_dispatchmethodid_paymentmethodid` (`dispatchmethodid`,`paymentmethodid`),
  KEY `FK_dispatchmethodpaymentmethod_paymentmethodid` (`paymentmethodid`),
  CONSTRAINT `FK_dispatchmethodpaymentmethod_dispatchmethodid` FOREIGN KEY (`dispatchmethodid`) REFERENCES `dispatchmethod` (`iddispatchmethod`) ON DELETE CASCADE ON UPDATE NO ACTION,
  CONSTRAINT `FK_dispatchmethodpaymentmethod_paymentmethodid` FOREIGN KEY (`paymentmethodid`) REFERENCES `paymentmethod` (`idpaymentmethod`) ON DELETE CASCADE ON UPDATE NO ACTION
) ENGINE=InnoDB AUTO_INCREMENT=1036 DEFAULT CHARSET=utf8 COMMENT='UNIQUE_dmp_dispatchmethodid_paymentmethodid named shortly';
/*!40101 SET character_set_client = @saved_cs_client */;

INSERT INTO `dispatchmethodpaymentmethod` (`iddispatchmethodpaymentmethod`, `dispatchmethodid`, `paymentmethodid`, `adddate`) VALUES (1003,15,4,'2012-07-23 16:52:44'),(1004,15,5,'2012-07-23 16:52:44'),(1005,15,6,'2012-07-23 16:52:44'),(1006,15,8,'2012-07-23 16:52:44'),(1007,15,11,'2012-07-23 16:52:44'),(1008,15,12,'2012-07-23 16:52:44'),(1019,15,15,'2012-08-13 22:07:12'),(1021,17,4,'2012-08-31 15:07:39'),(1022,17,6,'2012-08-31 15:07:39'),(1023,17,11,'2012-08-31 15:07:39'),(1024,17,12,'2012-08-31 15:07:39'),(1025,17,15,'2012-08-31 15:07:39');
DROP TABLE IF EXISTS `dispatchmethodprice`;
/*!40101 SET @saved_cs_client     = @@character_set_client */;
/*!40101 SET character_set_client = utf8 */;
CREATE TABLE `dispatchmethodprice` (
  `iddispatchmethodprice` int(10) unsigned NOT NULL AUTO_INCREMENT,
  `dispatchmethodid` int(10) unsigned DEFAULT NULL,
  `from` decimal(16,2) DEFAULT '0.00',
  `to` decimal(16,2) DEFAULT '0.00',
  `dispatchmethodcost` decimal(16,2) NOT NULL DEFAULT '0.00',
  `adddate` timestamp NOT NULL DEFAULT CURRENT_TIMESTAMP ON UPDATE CURRENT_TIMESTAMP,
  `vat` int(10) unsigned DEFAULT NULL,
  PRIMARY KEY (`iddispatchmethodprice`),
  KEY `FK_dispatchmethodprice_dispatchmethodid` (`dispatchmethodid`),
  CONSTRAINT `FK_dispatchmethodprice_dispatchmethodid` FOREIGN KEY (`dispatchmethodid`) REFERENCES `dispatchmethod` (`iddispatchmethod`) ON DELETE CASCADE ON UPDATE NO ACTION
) ENGINE=InnoDB AUTO_INCREMENT=531 DEFAULT CHARSET=utf8;
/*!40101 SET character_set_client = @saved_cs_client */;

INSERT INTO `dispatchmethodprice` (`iddispatchmethodprice`, `dispatchmethodid`, `from`, `to`, `dispatchmethodcost`, `adddate`, `vat`) VALUES (522,15,0.00,100.00,20.81,'2012-07-23 16:52:44',2),(523,15,100.01,0.00,0.00,'2012-07-23 16:52:44',2),(528,17,0.00,9999.00,12.00,'2012-08-31 15:07:39',2),(529,17,9999.01,0.00,0.00,'2012-08-31 15:07:39',2);
DROP TABLE IF EXISTS `dispatchmethodview`;
/*!40101 SET @saved_cs_client     = @@character_set_client */;
/*!40101 SET character_set_client = utf8 */;
CREATE TABLE `dispatchmethodview` (
  `iddispatchmethodview` int(10) unsigned NOT NULL AUTO_INCREMENT,
  `dispatchmethodid` int(10) unsigned NOT NULL,
  `viewid` int(10) unsigned NOT NULL,
  `adddate` timestamp NOT NULL DEFAULT CURRENT_TIMESTAMP ON UPDATE CURRENT_TIMESTAMP,
  PRIMARY KEY (`iddispatchmethodview`),
  KEY `FK_dispatchmethodview_dispatchmethodid` (`dispatchmethodid`),
  KEY `FK_dispatchmethodview_viewid` (`viewid`),
  CONSTRAINT `FK_dispatchmethodview_dispatchmethodid` FOREIGN KEY (`dispatchmethodid`) REFERENCES `dispatchmethod` (`iddispatchmethod`) ON DELETE CASCADE ON UPDATE NO ACTION,
  CONSTRAINT `FK_dispatchmethodview_viewid` FOREIGN KEY (`viewid`) REFERENCES `view` (`idview`) ON DELETE CASCADE ON UPDATE NO ACTION
) ENGINE=InnoDB AUTO_INCREMENT=170 DEFAULT CHARSET=utf8;
/*!40101 SET character_set_client = @saved_cs_client */;

INSERT INTO `dispatchmethodview` (`iddispatchmethodview`, `dispatchmethodid`, `viewid`, `adddate`) VALUES (168,15,3,'2013-03-05 21:30:07'),(169,17,3,'2013-03-05 21:30:07');
DROP TABLE IF EXISTS `dispatchmethodweight`;
/*!40101 SET @saved_cs_client     = @@character_set_client */;
/*!40101 SET character_set_client = utf8 */;
CREATE TABLE `dispatchmethodweight` (
  `iddispatchmethodweight` int(10) unsigned NOT NULL AUTO_INCREMENT,
  `from` decimal(16,2) DEFAULT NULL,
  `to` decimal(16,2) DEFAULT NULL,
  `cost` decimal(16,2) NOT NULL,
  `dispatchmethodid` int(10) unsigned NOT NULL,
  `adddate` timestamp NOT NULL DEFAULT CURRENT_TIMESTAMP ON UPDATE CURRENT_TIMESTAMP,
  `vat` int(10) unsigned DEFAULT NULL,
  PRIMARY KEY (`iddispatchmethodweight`),
  KEY `FK_dispatchmethodweight_dispatchmethodid` (`dispatchmethodid`),
  CONSTRAINT `FK_dispatchmethodweight_dispatchmethodid` FOREIGN KEY (`dispatchmethodid`) REFERENCES `dispatchmethod` (`iddispatchmethod`) ON DELETE CASCADE ON UPDATE NO ACTION
) ENGINE=InnoDB AUTO_INCREMENT=563 DEFAULT CHARSET=utf8;
/*!40101 SET character_set_client = @saved_cs_client */;

INSERT INTO `dispatchmethodweight` (`iddispatchmethodweight`, `from`, `to`, `cost`, `dispatchmethodid`, `adddate`, `vat`) VALUES (554,0.00,1.00,27.00,15,'2011-02-04 21:53:51',NULL),(555,1.01,5.00,33.00,15,'2011-02-04 21:53:51',NULL),(556,5.01,10.00,36.00,15,'2011-02-04 21:53:51',NULL),(557,10.01,20.00,41.00,15,'2011-02-04 21:53:51',NULL),(558,20.01,31.50,48.00,15,'2011-02-04 21:53:51',NULL),(559,31.51,0.00,53.00,15,'2011-02-04 21:53:51',NULL),(561,0.00,0.00,0.00,17,'2012-06-24 23:00:01',NULL);
DROP TABLE IF EXISTS `domodi`;
/*!40101 SET @saved_cs_client     = @@character_set_client */;
/*!40101 SET character_set_client = utf8 */;
CREATE TABLE `domodi` (
  `iddomodi` int(10) unsigned NOT NULL AUTO_INCREMENT,
  `name` varchar(255) NOT NULL,
  `idorginal` int(10) unsigned NOT NULL,
  `parentorginalid` int(10) unsigned DEFAULT NULL,
  PRIMARY KEY (`iddomodi`)
) ENGINE=InnoDB AUTO_INCREMENT=102 DEFAULT CHARSET=utf8;
/*!40101 SET character_set_client = @saved_cs_client */;

INSERT INTO `domodi` (`iddomodi`, `name`, `idorginal`, `parentorginalid`) VALUES (1,'Buty',28,0),(2,'Buty damskie',29,28),(3,'Buty męskie',30,28),(4,'Odzież',201,0),(5,'Odzież damska',202,201),(6,'Odzież męska',203,201),(7,'Bielizna',726,0),(8,'Bielizna damska',731,726),(9,'Bielizna męska',732,726),(10,'Biżuteria i zegarki',727,0),(11,'Kolczyki',779,727),(12,'Broszki',780,727),(13,'Bransoletki',781,727),(14,'Sygnety',784,727),(15,'Naszyjniki i wisiorki',788,727),(16,'Komplety biżuterii',789,727),(17,'Piercing',790,727),(18,'Spinki do krawatów i mankietów',792,727),(19,'Zegarki',794,727),(20,'Pierścionki',903,727),(21,'Obrączki',904,727),(22,'Klipsy',1180,727),(23,'Biżuteria modułowa',1652,727),(24,'Uroda',728,0),(25,'Do włosów',801,728),(26,'Do opalania',802,728),(27,'Do makijażu',803,728),(28,'Perfumy',804,728),(29,'Do paznokci',808,728),(30,'Do twarzy',809,728),(31,'Kosmetyki do ciała',810,728),(32,'Do kąpieli',947,728),(33,'Dla mężczyzn',967,728),(34,'Suplementy diety',999,728),(35,'Zestawy kosmetyków',1009,728),(36,'Higiena jamy ustnej',1015,728),(37,'Produkty do depilacji',1134,728),(38,'Dezodoranty i antyperspiranty',1166,728),(39,'Szkła kontaktowe',1672,728),(40,'Soczewki kontaktowe',1676,728),(41,'Torby i plecaki',729,0),(42,'Torebki damskie',759,729),(43,'Plecaki',760,729),(44,'Torby miejskie',761,729),(45,'Walizki i torby turystyczne',762,729),(46,'Saszetki',763,729),(47,'Teczki',764,729),(48,'Torby na laptop',765,729),(49,'Etui i pokrowce',944,729),(50,'Kosmetyczki',946,729),(51,'Torby sportowe',954,729),(52,'Worki na buty',955,729),(53,'Torby na zakupy',1424,729),(54,'Kopertówki',1685,729),(55,'Akcesoria i dodatki',730,0),(56,'Rękawiczki',767,730),(57,'Okulary',768,730),(58,'Ozdoby do włosów',769,730),(59,'Parasole',770,730),(60,'Paski',771,730),(61,'Nakrycia głowy',772,730),(62,'Portfele',773,730),(63,'Szaliki i chusty',775,730),(64,'Breloki',777,730),(65,'Getry',905,730),(66,'Frotki na rękę',953,730),(67,'Smycze do kluczy',1120,730),(68,'Sztuczne tatuaże',1131,730),(69,'Przypinki',1240,730),(70,'Naszywki',1463,730),(71,'Szelki',1464,730),(72,'Słuchawki',1500,730),(73,'Piórniki',1507,730),(74,'Krawaty i muchy',1532,730),(75,'Kołnierze',1584,730),(76,'Poszetki i butonierki',1663,730),(77,'Fascynatory',1692,730),(78,'Dla domu',800,0),(79,'Do salonu',815,800),(80,'Do sypialni',816,800),(81,'Do biura',818,800),(82,'Do przedpokoju',819,800),(83,'Oświetlenie',821,800),(84,'Prezenty',822,800),(85,'Do garderoby',826,800),(86,'Ogród i taras',867,800),(87,'Dekoracje',997,800),(88,'Do kuchni i jadalni',1261,800),(89,'Do łazienki',1334,800),(90,'Dla zwierząt',1382,800),(91,'Zapachy do domu',1628,800),(92,'Dla dziecka',1487,0),(93,'Odzież dziecięca',226,1487),(94,'Pokój dziecięcy',820,1487),(95,'Buty dziecięce',886,1487),(96,'Bielizna dziecięca',1246,1487),(97,'Zabawki dla dzieci',1488,1487),(98,'Kosmetyki dziecięce',1503,1487),(99,'Place zabaw',1643,1487),(100,'Wózki dziecięce',1653,1487),(101,'Śpiwory dziecięce',1683,1487);
DROP TABLE IF EXISTS `event`;
/*!40101 SET @saved_cs_client     = @@character_set_client */;
/*!40101 SET character_set_client = utf8 */;
CREATE TABLE `event` (
  `idevent` int(11) NOT NULL AUTO_INCREMENT,
  `name` varchar(128) NOT NULL,
  `model` varchar(45) NOT NULL,
  `method` varchar(45) NOT NULL,
  `module` varchar(64) NOT NULL,
  `hierarchy` int(11) DEFAULT '0',
  `mode` tinyint(1) DEFAULT '1',
  PRIMARY KEY (`idevent`)
) ENGINE=InnoDB AUTO_INCREMENT=64 DEFAULT CHARSET=utf8;
/*!40101 SET character_set_client = @saved_cs_client */;

INSERT INTO `event` (`idevent`, `name`, `model`, `method`, `module`, `hierarchy`, `mode`) VALUES (1,'admin.product.add','productsearch','addProductToSearch','Gekosale',0,1),(2,'admin.product.edit','productsearch','updateProductSearch','Gekosale',0,1),(6,'admin.category.initForm','integration/ceneo','addFields','Gekosale_Ceneo',0,1),(7,'admin.category.model.save','integration/ceneo','integrationUpdate','Gekosale_Ceneo',0,1),(8,'template.setStaticTemplateVariables','menu','getBlocks','',0,1),(19,'admin.paymentmethod.getPaymentMethods','payment/przelewy24','getPaymentMethod','Gekosale',0,1),(20,'admin.paymentmethod.getPaymentMethods','payment/banktransfer','getPaymentMethod','Gekosale',0,1),(21,'admin.paymentmethod.getPaymentMethods','payment/eraty','getPaymentMethod','Gekosale',0,1),(22,'admin.paymentmethod.getPaymentMethods','payment/ondelivery','getPaymentMethod','Gekosale',0,1),(23,'admin.paymentmethod.getPaymentMethods','payment/paypal','getPaymentMethod','Gekosale',0,1),(24,'admin.paymentmethod.getPaymentMethods','payment/pickup','getPaymentMethod','Gekosale',0,1),(25,'admin.paymentmethod.getPaymentMethods','payment/platnosci','getPaymentMethod','Gekosale',0,1),(26,'admin.paymentmethod.initForm','payment/platnosci','getPaymentMethodConfigurationForm','Gekosale',0,1),(28,'admin.paymentmethod.model.save','payment/platnosci','saveSettings','Gekosale',0,1),(29,'admin.paymentmethod.initForm','payment/przelewy24','getPaymentMethodConfigurationForm','Gekosale',0,1),(30,'admin.paymentmethod.model.save','payment/przelewy24','saveSettings','Gekosale',0,1),(31,'admin.paymentmethod.initForm','payment/transferuj','getPaymentMethodConfigurationForm','Gekosale',0,1),(32,'admin.paymentmethod.model.save','payment/transferuj','saveSettings','Gekosale',0,1),(33,'admin.paymentmethod.getPaymentMethods','payment/transferuj','getPaymentMethod','Gekosale',0,1),(34,'admin.paymentmethod.initForm','payment/banktransfer','getPaymentMethodConfigurationForm','Gekosale',0,1),(35,'admin.paymentmethod.model.save','payment/banktransfer','saveSettings','Gekosale',0,1),(47,'admin.paymentmethod.initForm','payment/dotpay','getPaymentMethodConfigurationForm','Gekosale',0,1),(48,'admin.paymentmethod.model.save','payment/dotpay','saveSettings','Gekosale',0,1),(49,'admin.paymentmethod.getPaymentMethods','payment/dotpay','getPaymentMethod','Gekosale',0,1),(50,'admin.paymentmethod.initForm','payment/paybynet','getPaymentMethodConfigurationForm','Gekosale',0,1),(51,'admin.paymentmethod.model.save','payment/paybynet','saveSettings','Gekosale',0,1),(52,'admin.paymentmethod.getPaymentMethods','payment/paybynet','getPaymentMethod','Gekosale',0,1),(53,'admin.order.checkPaymentStatus','payment/paybynet','checkPaymentStatus','Gekosale',0,1),(60,'admin.view.initForm','integration/ceneo','addFieldsView','Gekosale_Ceneo',0,1),(61,'admin.view.model.save','integration/ceneo','integrationUpdateView','Gekosale_Ceneo',0,1),(62,'admin.paymentmethod.initForm','payment/paypal','getPaymentMethodConfigurationForm','Gekosale',0,1),(63,'admin.paymentmethod.model.save','payment/paypal','saveSettings','Gekosale',0,1);
DROP TABLE IF EXISTS `file`;
/*!40101 SET @saved_cs_client     = @@character_set_client */;
/*!40101 SET character_set_client = utf8 */;
CREATE TABLE `file` (
  `idfile` int(10) unsigned NOT NULL AUTO_INCREMENT,
  `name` varchar(128) NOT NULL,
  `filetypeid` int(10) unsigned NOT NULL,
  `fileextensionid` int(10) unsigned NOT NULL,
  `adddate` timestamp NOT NULL DEFAULT CURRENT_TIMESTAMP ON UPDATE CURRENT_TIMESTAMP,
  `visible` int(10) unsigned DEFAULT '0',
  `viewid` int(10) unsigned DEFAULT NULL,
  PRIMARY KEY (`idfile`),
  KEY `FK_file_filetypeid` (`filetypeid`),
  KEY `FK_file_fileextensionid` (`fileextensionid`)
) ENGINE=InnoDB AUTO_INCREMENT=1105 DEFAULT CHARSET=utf8;
/*!40101 SET character_set_client = @saved_cs_client */;

INSERT INTO `file` (`idfile`, `name`, `filetypeid`, `fileextensionid`, `adddate`, `visible`, `viewid`) VALUES (1,'1.png',2,3,'2012-07-23 16:01:50',0,0),(1008,'654-jpg',12,1,'2012-07-23 15:55:30',0,3),(1009,'653-jpg',12,1,'2012-07-23 15:55:35',0,3),(1010,'652-jpg',12,1,'2012-07-23 15:55:37',0,3),(1011,'650-jpg',12,1,'2012-07-23 15:55:40',0,3),(1012,'649-jpg',12,1,'2012-07-23 15:55:42',0,3),(1013,'648-jpg',12,1,'2012-07-23 15:55:46',0,3),(1014,'654-jpg',12,1,'2012-07-23 15:56:55',0,3),(1015,'653-jpg',12,1,'2012-07-23 15:56:58',0,3),(1016,'652-jpg',12,1,'2012-07-23 15:57:01',0,3),(1017,'650-jpg',12,1,'2012-07-23 15:57:03',0,3),(1018,'649-jpg',12,1,'2012-07-23 15:57:06',0,3),(1019,'648-jpg',12,1,'2012-07-23 15:57:07',0,3),(1020,'543-jpg',12,1,'2012-07-23 16:14:43',0,3),(1021,'542-jpg',12,1,'2012-07-23 16:14:47',0,3),(1022,'669-jpg',12,1,'2012-07-23 16:20:35',0,3),(1023,'668-jpg',12,1,'2012-07-23 16:20:39',0,3),(1024,'667-jpg',12,1,'2012-07-23 16:20:40',0,3),(1025,'520-jpg',12,1,'2012-07-23 16:23:30',0,3),(1026,'568-jpg',12,1,'2012-07-23 16:23:31',0,3),(1027,'659-jpg',12,1,'2012-07-23 16:27:01',0,3),(1028,'658-jpg',12,1,'2012-07-23 16:27:06',0,3),(1029,'657-jpg',12,1,'2012-07-23 16:27:08',0,3),(1030,'317-jpg',12,1,'2012-07-23 16:30:55',0,3),(1031,'316-jpg',12,1,'2012-07-23 16:30:56',0,3),(1032,'315-jpg',12,1,'2012-07-23 16:30:58',0,3),(1033,'314-jpg',12,1,'2012-07-23 16:30:59',0,3),(1034,'313-jpg',12,1,'2012-07-23 16:31:01',0,3),(1035,'317-jpg',12,1,'2012-07-23 16:32:29',0,3),(1036,'316-jpg',12,1,'2012-07-23 16:32:31',0,3),(1037,'315-jpg',12,1,'2012-07-23 16:32:33',0,3),(1038,'314-jpg',12,1,'2012-07-23 16:32:35',0,3),(1039,'313-jpg',12,1,'2012-07-23 16:32:37',0,3),(1040,'27-jpg',12,1,'2012-07-23 16:40:58',0,3),(1041,'88-jpg',12,1,'2012-07-24 08:07:58',0,3),(1042,'zrzut-ekranu-2012-07-24-o-08-11-30-png',12,3,'2012-07-24 08:12:26',0,3),(1043,'68-jpg',12,1,'2012-07-24 08:12:59',0,3),(1044,'68-jpg',12,1,'2012-07-24 08:16:18',0,3),(1045,'68-jpg',12,1,'2012-07-24 08:30:51',0,3),(1046,'51-jpg',12,1,'2012-07-24 08:34:04',0,3),(1047,'51-jpg',12,1,'2012-07-24 08:35:47',0,3),(1048,'69-jpg',12,1,'2012-07-24 08:39:17',0,3),(1049,'38-jpg',12,1,'2012-07-24 09:22:32',0,3),(1050,'39-jpg',12,1,'2012-07-24 09:22:36',0,3),(1051,'37-jpg',12,1,'2012-07-24 09:24:35',0,3),(1052,'37-jpg',12,1,'2012-07-24 09:29:58',0,3),(1053,'20054-1-jpg',12,1,'2012-07-24 09:33:06',0,3),(1054,'20054-1-jpg',12,1,'2012-07-24 09:43:00',0,3),(1055,'9103-1-jpg',12,1,'2012-07-24 09:46:54',0,3),(1056,'20150-1-jpg',12,1,'2012-07-24 09:49:27',0,3),(1057,'9364-1-jpg',12,1,'2012-07-24 09:52:33',0,3),(1058,'8755-1-jpg',12,1,'2012-07-24 09:55:08',0,3),(1059,'20690-1-hi-jpg',12,1,'2012-07-24 10:05:42',0,3),(1060,'20690-1-hi-jpg',12,1,'2012-07-24 10:07:05',0,3),(1061,'20690-1-hi-jpg',12,1,'2012-07-24 10:08:29',0,3),(1062,'20555-1-hi-jpg',12,1,'2012-07-24 10:17:14',0,3),(1063,'20650-1-hi-jpg',12,1,'2012-07-24 10:24:20',0,3),(1064,'20650-1-hi-jpg',12,1,'2012-07-24 10:27:51',0,3),(1065,'11195-1-jpg',12,1,'2012-07-24 10:29:50',0,3),(1066,'11195-1-jpg',12,1,'2012-07-24 10:34:19',0,3),(1067,'11195-1-jpg',12,1,'2012-07-24 10:35:40',0,3),(1068,'11195-1-jpg',12,1,'2012-07-24 10:45:51',0,3),(1069,'11195-1-jpg',12,1,'2012-07-24 10:46:41',0,3),(1070,'11156-1-jpg',12,1,'2012-07-24 10:50:14',0,3),(1071,'20650-1-hi-jpg',12,1,'2012-07-24 10:52:58',0,3),(1072,'20555-1-hi-jpg',12,1,'2012-07-24 10:53:28',0,3),(1073,'11101-1-jpg',12,1,'2012-07-24 10:57:46',0,3),(1074,'2556-1-5413149260665-jpg',12,1,'2012-07-24 11:01:21',0,3),(1075,'4414-1-jpg',12,1,'2012-07-24 11:12:54',0,3),(1076,'6660-1-5-902-046-310-172-jpg',12,1,'2012-07-24 11:16:38',0,3),(1077,'3929-1-jpg',12,1,'2012-07-24 11:22:37',0,3),(1078,'1906f3350e1fa43adced642ff351c943-jpg',12,1,'2012-07-24 11:25:14',0,3),(1079,'ariel-color---style-1-5-kg-jpg',12,1,'2012-07-24 11:28:21',0,3),(1080,'cif-jpg',12,1,'2012-07-25 13:08:37',0,3),(1081,'logo-png',12,3,'2012-07-25 13:12:25',0,3),(1082,'646-jpg',12,1,'2012-07-25 13:25:07',0,3),(1083,'645-jpg',12,1,'2012-07-25 13:25:09',0,3),(1084,'644-jpg',12,1,'2012-07-25 13:25:10',0,3),(1085,'643-jpg',12,1,'2012-07-25 13:25:12',0,3),(1086,'642-jpg',12,1,'2012-07-25 13:25:13',0,3),(1087,'641-jpg',12,1,'2012-07-25 13:25:14',0,3),(1088,'593-jpg',12,1,'2012-07-25 13:28:36',0,3),(1089,'592-jpg',12,1,'2012-07-25 13:28:37',0,3),(1090,'591-jpg',12,1,'2012-07-25 13:28:41',0,3),(1091,'590-jpg',12,1,'2012-07-25 13:28:43',0,3),(1092,'589-jpg',12,1,'2012-07-25 13:28:44',0,3),(1093,'588-jpg',12,1,'2012-07-25 13:28:45',0,3),(1094,'587-jpg',12,1,'2012-07-25 13:28:47',0,3),(1095,'katalogjpg-jpg',12,1,'2012-07-25 15:05:33',0,3),(1096,'katalogjpg2-jpg',12,1,'2012-07-25 15:07:29',0,3),(1097,'katalogjpg4-jpg',12,1,'2012-07-25 15:09:09',0,3),(1098,'katalogjpg3-jpg',12,1,'2012-07-25 15:09:12',0,3),(1099,'ubrania-jpg',12,1,'2012-07-27 12:36:47',0,3),(1100,'chemia-jpg',12,1,'2012-07-27 12:41:36',0,3),(1101,'chemia-jpg',12,1,'2012-07-27 12:42:35',0,3),(1102,'book-jpg',12,1,'2012-07-27 12:43:34',0,3),(1103,'obuwie-jpg',12,1,'2012-07-27 12:44:34',0,3),(1104,'bielizna-jpg',12,1,'2012-07-27 12:45:30',0,3);
DROP TABLE IF EXISTS `fileextension`;
/*!40101 SET @saved_cs_client     = @@character_set_client */;
/*!40101 SET character_set_client = utf8 */;
CREATE TABLE `fileextension` (
  `idfileextension` int(10) unsigned NOT NULL AUTO_INCREMENT,
  `name` varchar(128) NOT NULL,
  `adddate` timestamp NOT NULL DEFAULT CURRENT_TIMESTAMP ON UPDATE CURRENT_TIMESTAMP,
  `active` int(10) unsigned NOT NULL DEFAULT '1',
  PRIMARY KEY (`idfileextension`),
  UNIQUE KEY `UNIQUE_fileextension_name` (`name`)
) ENGINE=InnoDB AUTO_INCREMENT=195 DEFAULT CHARSET=utf8;
/*!40101 SET character_set_client = @saved_cs_client */;

INSERT INTO `fileextension` (`idfileextension`, `name`, `adddate`, `active`) VALUES (1,'jpg','2010-09-23 11:06:34',1),(2,'jpeg','2010-09-23 11:06:34',1),(3,'png','2010-09-23 11:06:34',1),(4,'bmp','2010-09-23 11:06:34',1),(5,'gif','2010-09-23 11:06:34',1),(6,'swf','2010-09-23 11:06:34',1),(7,'csv','2010-09-23 11:06:34',1),(9,'psd','2010-09-23 11:06:34',1),(10,'evy','2010-09-23 11:06:34',1),(11,'fif','2010-09-23 11:06:34',1),(12,'spl','2010-09-23 11:06:34',1),(13,'hta','2010-09-23 11:06:34',1),(14,'acx','2010-09-23 11:06:34',1),(15,'hqx','2010-09-23 11:06:34',1),(16,'doc','2010-09-23 11:06:34',1),(17,'dot','2010-09-23 11:06:34',1),(18,'','2010-09-23 11:06:34',1),(19,'bin','2010-09-23 11:06:34',1),(20,'class','2010-09-23 11:06:34',1),(21,'dms','2010-09-23 11:06:34',1),(22,'exe','2010-09-23 11:06:34',1),(23,'lha','2010-09-23 11:06:34',1),(24,'lzh','2010-09-23 11:06:34',1),(25,'oda','2010-09-23 11:06:34',1),(26,'axs','2010-09-23 11:06:34',1),(27,'pdf','2010-09-23 11:06:34',1),(28,'prf','2010-09-23 11:06:34',1),(29,'p10','2010-09-23 11:06:34',1),(30,'crl','2010-09-23 11:06:34',1),(31,'ai','2010-09-23 11:06:34',1),(32,'eps','2010-09-23 11:06:34',1),(33,'ps','2010-09-23 11:06:34',1),(34,'rtf','2010-09-23 11:06:34',1),(35,'setpay','2010-09-23 11:06:34',1),(36,'setreg','2010-09-23 11:06:34',1),(37,'xla','2010-09-23 11:06:34',1),(38,'xlc','2010-09-23 11:06:34',1),(39,'xlm','2010-09-23 11:06:34',1),(40,'xls','2010-09-23 11:06:34',1),(41,'xlt','2010-09-23 11:06:34',1),(42,'xlw','2010-09-23 11:06:34',1),(43,'msg','2010-09-23 11:06:34',1),(44,'sst','2010-09-23 11:06:34',1),(45,'cat','2010-09-23 11:06:34',1),(46,'stl','2010-09-23 11:06:34',1),(47,'pot','2010-09-23 11:06:34',1),(48,'pps','2010-09-23 11:06:34',1),(49,'ppt','2010-09-23 11:06:34',1),(50,'mpp','2010-09-23 11:06:34',1),(51,'wcm','2010-09-23 11:06:34',1),(52,'wdb','2010-09-23 11:06:34',1),(53,'wks','2010-09-23 11:06:34',1),(54,'wps','2010-09-23 11:06:34',1),(55,'hlp','2010-09-23 11:06:34',1),(56,'bcpio','2010-09-23 11:06:34',1),(57,'cdf','2010-09-23 11:06:34',1),(58,'z','2010-09-23 11:06:34',1),(59,'tgz','2010-09-23 11:06:34',1),(60,'cpio','2010-09-23 11:06:34',1),(61,'csh','2010-09-23 11:06:34',1),(62,'dcr','2010-09-23 11:06:34',1),(63,'dir','2010-09-23 11:06:34',1),(64,'dxr','2010-09-23 11:06:34',1),(65,'dvi','2010-09-23 11:06:34',1),(66,'gtar','2010-09-23 11:06:34',1),(67,'gz','2010-09-23 11:06:34',1),(68,'hdf','2010-09-23 11:06:34',1),(69,'ins','2010-09-23 11:06:34',1),(70,'isp','2010-09-23 11:06:34',1),(71,'iii','2010-09-23 11:06:34',1),(72,'js','2010-09-23 11:06:34',1),(73,'latex','2010-09-23 11:06:34',1),(74,'mdb','2010-09-23 11:06:34',1),(75,'crd','2010-09-23 11:06:34',1),(76,'clp','2010-09-23 11:06:34',1),(77,'dll','2010-09-23 11:06:34',1),(78,'m13','2010-09-23 11:06:34',1),(79,'m14','2010-09-23 11:06:34',1),(80,'mvb','2010-09-23 11:06:34',1),(81,'wmf','2010-09-23 11:06:34',1),(82,'mny','2010-09-23 11:06:34',1),(83,'pub','2010-09-23 11:06:34',1),(84,'scd','2010-09-23 11:06:34',1),(85,'trm','2010-09-23 11:06:34',1),(86,'wri','2010-09-23 11:06:34',1),(87,'nc','2010-09-23 11:06:34',1),(88,'pma','2010-09-23 11:06:34',1),(89,'pmc','2010-09-23 11:06:34',1),(90,'pml','2010-09-23 11:06:34',1),(91,'pmr','2010-09-23 11:06:34',1),(92,'pmw','2010-09-23 11:06:34',1),(93,'p12','2010-09-23 11:06:34',1),(94,'pfx','2010-09-23 11:06:34',1),(95,'p7b','2010-09-23 11:06:34',1),(96,'spc','2010-09-23 11:06:34',1),(97,'p7r','2010-09-23 11:06:34',1),(98,'p7c','2010-09-23 11:06:34',1),(99,'p7m','2010-09-23 11:06:34',1),(100,'p7s','2010-09-23 11:06:34',1),(101,'sh','2010-09-23 11:06:34',1),(102,'shar','2010-09-23 11:06:34',1),(103,'sit','2010-09-23 11:06:34',1),(104,'sv4cpio','2010-09-23 11:06:34',1),(105,'sv4crc','2010-09-23 11:06:34',1),(106,'tar','2010-09-23 11:06:34',1),(107,'tcl','2010-09-23 11:06:34',1),(108,'tex','2010-09-23 11:06:34',1),(109,'texi','2010-09-23 11:06:34',1),(110,'texinfo','2010-09-23 11:06:34',1),(111,'roff','2010-09-23 11:06:34',1),(112,'t','2010-09-23 11:06:34',1),(113,'tr','2010-09-23 11:06:34',1),(114,'man','2010-09-23 11:06:34',1),(115,'me','2010-09-23 11:06:34',1),(116,'ms','2010-09-23 11:06:34',1),(117,'ustar','2010-09-23 11:06:34',1),(118,'src','2010-09-23 11:06:34',1),(119,'cer','2010-09-23 11:06:34',1),(120,'crt','2010-09-23 11:06:34',1),(121,'der','2010-09-23 11:06:34',1),(122,'pko','2010-09-23 11:06:34',1),(123,'zip','2010-09-23 11:06:34',1),(124,'au','2010-09-23 11:06:34',1),(125,'snd','2010-09-23 11:06:34',1),(126,'mid','2010-09-23 11:06:34',1),(127,'rmi','2010-09-23 11:06:34',1),(128,'mp3','2010-09-23 11:06:34',1),(129,'aif','2010-09-23 11:06:34',1),(130,'aifc','2010-09-23 11:06:34',1),(131,'aiff','2010-09-23 11:06:34',1),(132,'m3u','2010-09-23 11:06:34',1),(133,'ra','2010-09-23 11:06:34',1),(134,'ram','2010-09-23 11:06:34',1),(135,'wav','2010-09-23 11:06:34',1),(136,'cod','2010-09-23 11:06:34',1),(137,'ief','2010-09-23 11:06:34',1),(138,'jpe','2010-09-23 11:06:34',1),(139,'jfif','2010-09-23 11:06:34',1),(140,'svg','2010-09-23 11:06:34',1),(141,'tif','2010-09-23 11:06:34',1),(142,'tiff','2010-09-23 11:06:34',1),(143,'ras','2010-09-23 11:06:34',1),(144,'cmx','2010-09-23 11:06:34',1),(145,'ico','2010-09-23 11:06:34',1),(146,'pnm','2010-09-23 11:06:34',1),(147,'pbm','2010-09-23 11:06:34',1),(148,'pgm','2010-09-23 11:06:34',1),(149,'ppm','2010-09-23 11:06:34',1),(150,'rgb','2010-09-23 11:06:34',1),(151,'xbm','2010-09-23 11:06:34',1),(152,'xpm','2010-09-23 11:06:34',1),(153,'xwd','2010-09-23 11:06:34',1),(154,'mht','2010-09-23 11:06:34',1),(155,'mhtml','2010-09-23 11:06:34',1),(156,'nws','2010-09-23 11:06:34',1),(157,'css','2010-09-23 11:06:34',1),(158,'323','2010-09-23 11:06:34',1),(159,'htm','2010-09-23 11:06:34',1),(160,'html','2010-09-23 11:06:34',1),(161,'stm','2010-09-23 11:06:34',1),(162,'uls','2010-09-23 11:06:34',1),(163,'bas','2010-09-23 11:06:34',1),(164,'c','2010-09-23 11:06:34',1),(165,'h','2010-09-23 11:06:34',1),(166,'txt','2010-09-23 11:06:34',1),(167,'rtx','2010-09-23 11:06:34',1),(168,'sct','2010-09-23 11:06:34',1),(169,'tsv','2010-09-23 11:06:34',1),(170,'htt','2010-09-23 11:06:34',1),(171,'htc','2010-09-23 11:06:34',1),(172,'etx','2010-09-23 11:06:34',1),(173,'vcf','2010-09-23 11:06:34',1),(174,'mp2','2010-09-23 11:06:34',1),(175,'mpa','2010-09-23 11:06:34',1),(176,'mpe','2010-09-23 11:06:34',1),(177,'mpeg','2010-09-23 11:06:34',1),(178,'mpg','2010-09-23 11:06:34',1),(179,'mpv2','2010-09-23 11:06:34',1),(180,'mov','2010-09-23 11:06:34',1),(181,'qt','2010-09-23 11:06:34',1),(182,'lsf','2010-09-23 11:06:34',1),(183,'lsx','2010-09-23 11:06:34',1),(184,'asf','2010-09-23 11:06:34',1),(185,'asr','2010-09-23 11:06:34',1),(186,'asx','2010-09-23 11:06:34',1),(187,'avi','2010-09-23 11:06:34',1),(188,'movie','2010-09-23 11:06:34',1),(189,'flr','2010-09-23 11:06:34',1),(190,'vrml','2010-09-23 11:06:34',1),(191,'wrl','2010-09-23 11:06:34',1),(192,'wrz','2010-09-23 11:06:34',1),(193,'xaf','2010-09-23 11:06:34',1),(194,'xof','2010-09-23 11:06:34',1);
DROP TABLE IF EXISTS `filetype`;
/*!40101 SET @saved_cs_client     = @@character_set_client */;
/*!40101 SET character_set_client = utf8 */;
CREATE TABLE `filetype` (
  `idfiletype` int(10) unsigned NOT NULL AUTO_INCREMENT,
  `name` varchar(128) NOT NULL,
  `adddate` timestamp NOT NULL DEFAULT CURRENT_TIMESTAMP ON UPDATE CURRENT_TIMESTAMP,
  `active` int(10) unsigned NOT NULL DEFAULT '1',
  PRIMARY KEY (`idfiletype`),
  UNIQUE KEY `UNIQUE_filetype_name` (`name`)
) ENGINE=InnoDB AUTO_INCREMENT=131 DEFAULT CHARSET=utf8;
/*!40101 SET character_set_client = @saved_cs_client */;

INSERT INTO `filetype` (`idfiletype`, `name`, `adddate`, `active`) VALUES (2,'image','2010-09-23 11:06:35',1),(3,'text','2010-09-23 11:06:35',1),(4,'application','2010-09-23 11:06:35',1),(5,'application/envoy','2010-09-23 11:06:35',1),(6,'application/fractals','2010-09-23 11:06:35',1),(7,'application/futuresplash','2010-09-23 11:06:35',1),(8,'application/hta','2010-09-23 11:06:35',1),(9,'application/internet-property-stream','2010-09-23 11:06:35',1),(10,'application/mac-binhex40','2010-09-23 11:06:35',1),(11,'application/msword','2010-09-23 11:06:35',1),(12,'application/octet-stream','2010-09-23 11:06:35',1),(13,'application/oda','2010-09-23 11:06:35',1),(14,'application/olescript','2010-09-23 11:06:35',1),(15,'application/pdf','2010-09-23 11:06:35',1),(16,'application/pics-rules','2010-09-23 11:06:35',1),(17,'application/pkcs10','2010-09-23 11:06:35',1),(18,'application/pkix-crl','2010-09-23 11:06:35',1),(19,'application/postscript','2010-09-23 11:06:35',1),(20,'application/rtf','2010-09-23 11:06:35',1),(21,'application/set-payment-initiation','2010-09-23 11:06:35',1),(22,'application/set-registration-initiation','2010-09-23 11:06:35',1),(23,'application/vnd.ms-excel','2010-09-23 11:06:35',1),(24,'application/vnd.ms-outlook','2010-09-23 11:06:35',1),(25,'application/vnd.ms-pkicertstore','2010-09-23 11:06:35',1),(26,'application/vnd.ms-pkiseccat','2010-09-23 11:06:35',1),(27,'application/vnd.ms-pkistl','2010-09-23 11:06:35',1),(28,'application/vnd.ms-powerpoint','2010-09-23 11:06:35',1),(29,'application/vnd.ms-project','2010-09-23 11:06:35',1),(30,'application/vnd.ms-works','2010-09-23 11:06:35',1),(31,'application/winhlp','2010-09-23 11:06:35',1),(32,'application/x-bcpio','2010-09-23 11:06:35',1),(33,'application/x-cdf','2010-09-23 11:06:35',1),(34,'application/x-compress','2010-09-23 11:06:35',1),(35,'application/x-compressed','2010-09-23 11:06:35',1),(36,'application/x-cpio','2010-09-23 11:06:35',1),(37,'application/x-csh','2010-09-23 11:06:35',1),(38,'application/x-director','2010-09-23 11:06:35',1),(39,'application/x-dvi','2010-09-23 11:06:35',1),(40,'application/x-gtar','2010-09-23 11:06:35',1),(41,'application/x-gzip','2010-09-23 11:06:35',1),(42,'application/x-hdf','2010-09-23 11:06:35',1),(43,'application/x-internet-signup','2010-09-23 11:06:35',1),(44,'application/x-iphone','2010-09-23 11:06:35',1),(45,'application/x-javascript','2010-09-23 11:06:35',1),(46,'application/x-latex','2010-09-23 11:06:35',1),(47,'application/x-msaccess','2010-09-23 11:06:35',1),(48,'application/x-mscardfile','2010-09-23 11:06:35',1),(49,'application/x-msclip','2010-09-23 11:06:35',1),(50,'application/x-msdownload','2010-09-23 11:06:35',1),(51,'application/x-msmediaview','2010-09-23 11:06:35',1),(52,'application/x-msmetafile','2010-09-23 11:06:35',1),(53,'application/x-msmoney','2010-09-23 11:06:35',1),(54,'application/x-mspublisher','2010-09-23 11:06:35',1),(55,'application/x-msschedule','2010-09-23 11:06:35',1),(56,'application/x-msterminal','2010-09-23 11:06:35',1),(57,'application/x-mswrite','2010-09-23 11:06:35',1),(58,'application/x-netcdf','2010-09-23 11:06:35',1),(59,'application/x-perfmon','2010-09-23 11:06:35',1),(60,'application/x-pkcs12','2010-09-23 11:06:35',1),(61,'application/x-pkcs7-certificates','2010-09-23 11:06:35',1),(62,'application/x-pkcs7-certreqresp','2010-09-23 11:06:35',1),(63,'application/x-pkcs7-mime','2010-09-23 11:06:35',1),(64,'application/x-pkcs7-signature','2010-09-23 11:06:35',1),(65,'application/x-sh','2010-09-23 11:06:35',1),(66,'application/x-shar','2010-09-23 11:06:35',1),(67,'application/x-shockwave-flash','2010-09-23 11:06:35',1),(68,'application/x-stuffit','2010-09-23 11:06:35',1),(69,'application/x-sv4cpio','2010-09-23 11:06:35',1),(70,'application/x-sv4crc','2010-09-23 11:06:35',1),(71,'application/x-tar','2010-09-23 11:06:35',1),(72,'application/x-tcl','2010-09-23 11:06:35',1),(73,'application/x-tex','2010-09-23 11:06:35',1),(74,'application/x-texinfo','2010-09-23 11:06:35',1),(75,'application/x-troff','2010-09-23 11:06:35',1),(76,'application/x-troff-man','2010-09-23 11:06:35',1),(77,'application/x-troff-me','2010-09-23 11:06:35',1),(78,'application/x-troff-ms','2010-09-23 11:06:35',1),(79,'application/x-ustar','2010-09-23 11:06:35',1),(80,'application/x-wais-source','2010-09-23 11:06:35',1),(81,'application/x-x509-ca-cert','2010-09-23 11:06:35',1),(82,'application/ynd.ms-pkipko','2010-09-23 11:06:35',1),(83,'application/zip','2010-09-23 11:06:35',1),(84,'audio/basic','2010-09-23 11:06:35',1),(85,'audio/mid','2010-09-23 11:06:35',1),(86,'audio/mpeg','2010-09-23 11:06:35',1),(87,'audio/x-aiff','2010-09-23 11:06:35',1),(88,'audio/x-mpegurl','2010-09-23 11:06:35',1),(89,'audio/x-pn-realaudio','2010-09-23 11:06:35',1),(90,'audio/x-wav','2010-09-23 11:06:35',1),(91,'image/bmp','2010-09-23 11:06:35',1),(92,'image/cis-cod','2010-09-23 11:06:35',1),(93,'image/gif','2010-09-23 11:06:35',1),(94,'image/ief','2010-09-23 11:06:35',1),(95,'image/jpeg','2010-09-23 11:06:35',1),(96,'image/pipeg','2010-09-23 11:06:35',1),(97,'image/png','2010-09-23 11:06:35',1),(98,'image/svg+xml','2010-09-23 11:06:35',1),(99,'image/tiff','2010-09-23 11:06:35',1),(100,'image/x-cmu-raster','2010-09-23 11:06:35',1),(101,'image/x-cmx','2010-09-23 11:06:35',1),(102,'image/x-icon','2010-09-23 11:06:35',1),(103,'image/x-portable-anymap','2010-09-23 11:06:35',1),(104,'image/x-portable-bitmap','2010-09-23 11:06:35',1),(105,'image/x-portable-graymap','2010-09-23 11:06:35',1),(106,'image/x-portable-pixmap','2010-09-23 11:06:35',1),(107,'image/x-rgb','2010-09-23 11:06:35',1),(108,'image/x-xbitmap','2010-09-23 11:06:35',1),(109,'image/x-xpixmap','2010-09-23 11:06:35',1),(110,'image/x-xwindowdump','2010-09-23 11:06:35',1),(111,'message/rfc822','2010-09-23 11:06:35',1),(112,'text/css','2010-09-23 11:06:35',1),(113,'text/h323','2010-09-23 11:06:35',1),(114,'text/html','2010-09-23 11:06:35',1),(115,'text/iuls','2010-09-23 11:06:35',1),(116,'text/plain','2010-09-23 11:06:35',1),(117,'text/richtext','2010-09-23 11:06:35',1),(118,'text/scriptlet','2010-09-23 11:06:35',1),(119,'text/tab-separated-values','2010-09-23 11:06:35',1),(120,'text/webviewhtml','2010-09-23 11:06:35',1),(121,'text/x-component','2010-09-23 11:06:35',1),(122,'text/x-setext','2010-09-23 11:06:35',1),(123,'text/x-vcard','2010-09-23 11:06:35',1),(124,'video/mpeg','2010-09-23 11:06:35',1),(125,'video/quicktime','2010-09-23 11:06:35',1),(126,'video/x-la-asf','2010-09-23 11:06:35',1),(127,'video/x-ms-asf','2010-09-23 11:06:35',1),(128,'video/x-msvideo','2010-09-23 11:06:35',1),(129,'video/x-sgi-movie','2010-09-23 11:06:35',1),(130,'x-world/x-vrml','2010-09-23 11:06:35',1);
DROP TABLE IF EXISTS `gallerysettings`;
/*!40101 SET @saved_cs_client     = @@character_set_client */;
/*!40101 SET character_set_client = utf8 */;
CREATE TABLE `gallerysettings` (
  `idgallerysettings` int(10) unsigned NOT NULL AUTO_INCREMENT,
  `width` int(10) unsigned DEFAULT NULL,
  `height` int(10) unsigned DEFAULT NULL,
  `method` varchar(255) NOT NULL,
  `adddate` timestamp NOT NULL DEFAULT CURRENT_TIMESTAMP ON UPDATE CURRENT_TIMESTAMP,
  `keepproportion` int(10) unsigned NOT NULL DEFAULT '1',
  `staticpath` varchar(255) DEFAULT NULL,
  PRIMARY KEY (`idgallerysettings`),
  UNIQUE KEY `UNIQUE_gallerysettings_method` (`method`)
) ENGINE=InnoDB AUTO_INCREMENT=8 DEFAULT CHARSET=utf8;
/*!40101 SET character_set_client = @saved_cs_client */;

INSERT INTO `gallerysettings` (`idgallerysettings`, `width`, `height`, `method`, `adddate`, `keepproportion`, `staticpath`) VALUES (1,140,140,'getSmallImageById','2012-06-23 23:36:50',1,NULL),(2,300,300,'getNormalImageById','2010-09-23 11:06:35',1,NULL),(3,NULL,NULL,'getOrginalImageById','2010-09-23 11:06:35',0,'_orginal'),(4,NULL,NULL,'getScalledImageById','2010-09-23 11:06:35',1,'_orginal'),(5,200,200,'getMediumImageById','2010-09-23 11:06:35',1,NULL),(6,600,600,'getLargeImageById','2012-08-09 23:48:10',1,NULL),(7,100,100,'getSmallestImageById','2012-08-21 14:47:17',1,NULL);
DROP TABLE IF EXISTS `globalsettings`;
/*!40101 SET @saved_cs_client     = @@character_set_client */;
/*!40101 SET character_set_client = utf8 */;
CREATE TABLE `globalsettings` (
  `idglobalsettings` int(11) NOT NULL AUTO_INCREMENT,
  `param` varchar(45) DEFAULT NULL,
  `value` varchar(45) DEFAULT NULL,
  `type` varchar(45) DEFAULT NULL,
  PRIMARY KEY (`idglobalsettings`),
  UNIQUE KEY `UNIQUE_globalsettings_param_type` (`param`,`type`)
) ENGINE=InnoDB AUTO_INCREMENT=19 DEFAULT CHARSET=utf8;
/*!40101 SET character_set_client = @saved_cs_client */;

INSERT INTO `globalsettings` (`idglobalsettings`, `param`, `value`, `type`) VALUES (2,'datagrid_rows_per_page','20','interface'),(5,'datagrid_show_context_menu','0','interface'),(9,'datagrid_click_row_action','edit','interface'),(10,'wysiwyg','cke','interface'),(15,'colour','ffffff','gallerysettings_data');
DROP TABLE IF EXISTS `group`;
/*!40101 SET @saved_cs_client     = @@character_set_client */;
/*!40101 SET character_set_client = utf8 */;
CREATE TABLE `group` (
  `idgroup` int(10) unsigned NOT NULL AUTO_INCREMENT,
  `name` varchar(128) NOT NULL,
  `adddate` timestamp NOT NULL DEFAULT CURRENT_TIMESTAMP ON UPDATE CURRENT_TIMESTAMP,
  PRIMARY KEY (`idgroup`),
  UNIQUE KEY `UNIQUE_group_name` (`name`)
) ENGINE=InnoDB AUTO_INCREMENT=2 DEFAULT CHARSET=utf8 COMMENT='User groups';
/*!40101 SET character_set_client = @saved_cs_client */;

INSERT INTO `group` (`idgroup`, `name`, `adddate`) VALUES (1,'Administracja','2010-09-23 11:06:37');
DROP TABLE IF EXISTS `instance`;
/*!40101 SET @saved_cs_client     = @@character_set_client */;
/*!40101 SET character_set_client = utf8 */;
CREATE TABLE `instance` (
  `idinstance` int(11) NOT NULL AUTO_INCREMENT,
  `products` int(10) unsigned NOT NULL DEFAULT '0',
  `orders` int(10) unsigned NOT NULL DEFAULT '0',
  `clients` int(10) unsigned NOT NULL DEFAULT '0',
  `categories` int(10) unsigned NOT NULL DEFAULT '0',
  `users` int(10) unsigned NOT NULL DEFAULT '0',
  `clientid` int(10) NOT NULL,
  `authkey1` varchar(255) NOT NULL,
  `authkey2` varchar(255) NOT NULL,
  PRIMARY KEY (`idinstance`)
) ENGINE=InnoDB AUTO_INCREMENT=97 DEFAULT CHARSET=utf8;
/*!40101 SET character_set_client = @saved_cs_client */;

INSERT INTO `instance` (`idinstance`, `products`, `orders`, `clients`, `categories`, `users`, `clientid`, `authkey1`, `authkey2`) VALUES (96,0,0,0,0,0,89,'klucz1','klucz2');
DROP TABLE IF EXISTS `integration`;
/*!40101 SET @saved_cs_client     = @@character_set_client */;
/*!40101 SET character_set_client = utf8 */;
CREATE TABLE `integration` (
  `idintegration` int(10) unsigned NOT NULL AUTO_INCREMENT,
  `name` varchar(255) NOT NULL,
  `symbol` varchar(32) NOT NULL,
  `adddate` timestamp NOT NULL DEFAULT CURRENT_TIMESTAMP ON UPDATE CURRENT_TIMESTAMP,
  `status` tinyint(1) unsigned DEFAULT NULL,
  `installed` tinyint(1) unsigned DEFAULT NULL,
  `updateurl` varchar(128) DEFAULT NULL,
  `md5check` varchar(45) DEFAULT NULL,
  `relationtable` varchar(45) DEFAULT NULL,
  `datatable` varchar(45) DEFAULT NULL,
  PRIMARY KEY (`idintegration`),
  UNIQUE KEY `UNIQUE_integration_symbol` (`symbol`),
  UNIQUE KEY `UNIQUE_integration_name` (`name`)
) ENGINE=InnoDB AUTO_INCREMENT=17 DEFAULT CHARSET=utf8;
/*!40101 SET character_set_client = @saved_cs_client */;

INSERT INTO `integration` (`idintegration`, `name`, `symbol`, `adddate`, `status`, `installed`, `updateurl`, `md5check`, `relationtable`, `datatable`) VALUES (1,'Ceneo.pl','ceneo','2012-04-28 12:38:36',1,NULL,NULL,NULL,NULL,NULL),(2,'Ceneria.pl','ceneria','2012-07-22 10:51:35',1,NULL,NULL,NULL,NULL,NULL),(3,'Cenuj.pl','cenuj','2012-07-22 10:56:29',1,NULL,NULL,NULL,NULL,NULL),(4,'Kreocen.pl','kreocen','2012-07-22 10:56:29',1,NULL,NULL,NULL,NULL,NULL),(5,'Kupujemy.pl','kupujemy','2012-07-22 10:56:29',1,NULL,NULL,NULL,NULL,NULL),(6,'Najtaniej24.pl','najtaniej24','2012-07-22 10:56:29',1,NULL,NULL,NULL,NULL,NULL),(7,'Nokaut.pl','nokaut','2012-07-22 10:56:29',1,NULL,NULL,NULL,NULL,NULL),(8,'Oferciak.pl','oferciak','2012-07-22 10:56:29',1,NULL,NULL,NULL,NULL,NULL),(9,'Okazje.info','okazje','2012-07-22 10:56:29',1,NULL,NULL,NULL,NULL,NULL),(10,'Radar.pl','radar','2012-07-22 10:56:29',1,NULL,NULL,NULL,NULL,NULL),(11,'Skapiec.pl','skapiec','2012-07-22 10:56:29',1,NULL,NULL,NULL,NULL,NULL),(12,'Smartbay.pl','smartbay','2012-07-22 10:56:29',1,NULL,NULL,NULL,NULL,NULL),(13,'Szoker.pl','szoker','2012-07-22 10:56:29',1,NULL,NULL,NULL,NULL,NULL),(14,'Tortura.pl','tortura','2012-07-22 10:56:29',1,NULL,NULL,NULL,NULL,NULL),(15,'Webkupiec.pl','webkupiec','2012-07-22 10:56:29',1,NULL,NULL,NULL,NULL,NULL),(16,'Domodi.pl','domodi','2012-09-17 17:01:11',1,NULL,NULL,NULL,NULL,NULL);
DROP TABLE IF EXISTS `integrationwhitelist`;
/*!40101 SET @saved_cs_client     = @@character_set_client */;
/*!40101 SET character_set_client = utf8 */;
CREATE TABLE `integrationwhitelist` (
  `idintegrationwhitelist` int(11) unsigned NOT NULL AUTO_INCREMENT,
  `integrationid` int(11) unsigned NOT NULL,
  `ipaddress` varchar(64) NOT NULL,
  PRIMARY KEY (`idintegrationwhitelist`)
) ENGINE=InnoDB DEFAULT CHARSET=utf8;
/*!40101 SET character_set_client = @saved_cs_client */;

DROP TABLE IF EXISTS `invoice`;
/*!40101 SET @saved_cs_client     = @@character_set_client */;
/*!40101 SET character_set_client = utf8 */;
CREATE TABLE `invoice` (
  `idinvoice` int(11) NOT NULL AUTO_INCREMENT,
  `symbol` varchar(128) NOT NULL,
  `invoicedate` date NOT NULL,
  `salesdate` date NOT NULL,
  `paymentduedate` date NOT NULL,
  `salesperson` varchar(128) NOT NULL,
  `invoicetype` int(11) NOT NULL,
  `comment` text,
  `contentoriginal` blob NOT NULL,
  `contentcopy` blob NOT NULL,
  `orderid` int(11) NOT NULL,
  `totalpayed` decimal(15,2) NOT NULL DEFAULT '0.00',
  `viewid` int(11) DEFAULT NULL,
  `externalid` int(11) DEFAULT NULL,
  `contenttype` varchar(5) DEFAULT 'html',
  PRIMARY KEY (`idinvoice`)
) ENGINE=InnoDB DEFAULT CHARSET=utf8;
/*!40101 SET character_set_client = @saved_cs_client */;

DROP TABLE IF EXISTS `language`;
/*!40101 SET @saved_cs_client     = @@character_set_client */;
/*!40101 SET character_set_client = utf8 */;
CREATE TABLE `language` (
  `idlanguage` int(10) unsigned NOT NULL AUTO_INCREMENT,
  `name` varchar(256) NOT NULL,
  `translation` varchar(256) NOT NULL,
  `adddate` timestamp NOT NULL DEFAULT CURRENT_TIMESTAMP ON UPDATE CURRENT_TIMESTAMP,
  `currencyid` int(10) unsigned DEFAULT NULL,
  `flag` varchar(45) NOT NULL,
  PRIMARY KEY (`idlanguage`),
  KEY `UNIQUE_language_name` (`name`(255)),
  KEY `UNIQUE_language_translation` (`translation`(255)),
  KEY `FK_language_currencyid` (`currencyid`),
  CONSTRAINT `FK_language_currencyid` FOREIGN KEY (`currencyid`) REFERENCES `currency` (`idcurrency`) ON DELETE SET NULL ON UPDATE NO ACTION
) ENGINE=InnoDB AUTO_INCREMENT=2 DEFAULT CHARSET=utf8;
/*!40101 SET character_set_client = @saved_cs_client */;

INSERT INTO `language` (`idlanguage`, `name`, `translation`, `adddate`, `currencyid`, `flag`) VALUES (1,'pl_PL','TXT_POLISH','2010-09-23 11:06:38',28,'pl_PL.png');
DROP TABLE IF EXISTS `languageview`;
/*!40101 SET @saved_cs_client     = @@character_set_client */;
/*!40101 SET character_set_client = utf8 */;
CREATE TABLE `languageview` (
  `idlanguageview` int(10) unsigned NOT NULL AUTO_INCREMENT,
  `languageid` int(10) unsigned NOT NULL,
  `viewid` int(10) unsigned NOT NULL,
  `adddate` timestamp NOT NULL DEFAULT CURRENT_TIMESTAMP ON UPDATE CURRENT_TIMESTAMP,
  PRIMARY KEY (`idlanguageview`),
  KEY `FK_languageview_languageid` (`languageid`),
  KEY `FK_languageview_viewid` (`viewid`),
  CONSTRAINT `FK_languageview_languageid` FOREIGN KEY (`languageid`) REFERENCES `language` (`idlanguage`) ON DELETE CASCADE ON UPDATE NO ACTION,
  CONSTRAINT `FK_languageview_viewid` FOREIGN KEY (`viewid`) REFERENCES `view` (`idview`) ON DELETE CASCADE ON UPDATE NO ACTION
) ENGINE=InnoDB AUTO_INCREMENT=5 DEFAULT CHARSET=utf8;
/*!40101 SET character_set_client = @saved_cs_client */;

INSERT INTO `languageview` (`idlanguageview`, `languageid`, `viewid`, `adddate`) VALUES (4,1,3,'2012-06-24 12:55:40');
DROP TABLE IF EXISTS `layoutbox`;
/*!40101 SET @saved_cs_client     = @@character_set_client */;
/*!40101 SET character_set_client = utf8 */;
CREATE TABLE `layoutbox` (
  `idlayoutbox` int(10) unsigned NOT NULL AUTO_INCREMENT,
  `name` varchar(45) NOT NULL,
  `adddate` timestamp NOT NULL DEFAULT CURRENT_TIMESTAMP ON UPDATE CURRENT_TIMESTAMP,
  `pageschemeid` int(11) unsigned NOT NULL,
  `title` varchar(45) DEFAULT NULL,
  `content` varchar(2000) DEFAULT NULL,
  `controller` varchar(128) DEFAULT NULL,
  PRIMARY KEY (`idlayoutbox`),
  KEY `FK_layoutbox_pageschemeid` (`pageschemeid`),
  CONSTRAINT `FK_layoutbox_pageschemeid` FOREIGN KEY (`pageschemeid`) REFERENCES `pagescheme` (`idpagescheme`) ON DELETE CASCADE ON UPDATE NO ACTION
) ENGINE=InnoDB AUTO_INCREMENT=429 DEFAULT CHARSET=utf8;
/*!40101 SET character_set_client = @saved_cs_client */;

INSERT INTO `layoutbox` (`idlayoutbox`, `name`, `adddate`, `pageschemeid`, `title`, `content`, `controller`) VALUES (29,'Kontakt','2012-04-15 11:42:14',19,'Dane kontaktowe',NULL,'ContactBox'),(30,'Aktualności','2012-07-14 15:06:07',19,'Podgląd pojedynczej wiadomości sklepu.',NULL,'NewsBox'),(35,'Promocje w sklepie','2012-04-15 11:42:14',19,'Promocje',NULL,'ProductPromotionsBox'),(36,'Nowości w sklepie','2012-04-15 11:42:14',19,'Nowości',NULL,'ProductNewsBox'),(38,'Kategorie','2012-04-15 11:42:14',19,'Nawigacja',NULL,'CategoriesBox'),(44,'Bestsellery','2012-04-15 12:23:47',19,'Bestsellery',NULL,'ProductBestsellersBox'),(46,'Koszyk','2012-04-15 11:42:14',19,'Koszyk',NULL,'CartBox'),(49,'Produkt','2012-04-15 11:42:14',19,'Produkt',NULL,'ProductBox'),(50,'Lista produktów w kategorii','2012-04-15 11:42:14',19,'Produkty w tej kategorii',NULL,'ProductsInCategoryBox'),(51,'Rejestracja','2012-06-23 13:59:29',19,'Rejestracja',NULL,'RegistrationBox'),(52,'Potwierdzenie płatności','2012-04-15 11:42:14',19,'Dostępne płatności',NULL,'PaymentBox'),(54,'Fromularz logowania','2012-06-30 18:06:51',19,'Formularza logowania',NULL,'ClientLoginBox'),(55,'Przypomnij hasło','2012-04-15 11:42:14',19,'Formularza przypomnienia hasla',NULL,'ForgotPasswordBox'),(56,'Ustawienia klienta','2012-04-15 11:42:14',19,'Ustawienia klienta',NULL,'ClientSettingsBox'),(57,'Adresy klienta','2012-06-27 23:27:49',19,'Adresy klienta',NULL,'ClientAddressBox'),(58,'Zamówienia klienta','2012-04-15 11:42:14',19,'Zamowienia klienta',NULL,'ClientOrderBox'),(62,'Lista nowości w sklepie','2012-04-15 11:42:14',19,'Lista nowości w sklepie',NULL,'ProductNewsBox'),(63,'Lista promocji w sklepie','2012-04-15 11:42:14',19,'Lista promocji w sklepie',NULL,'ProductPromotionsBox'),(65,'Wyszukiwarka','2012-04-15 11:42:14',19,'Wyszukiwarka',NULL,'ProductSearchListBox'),(66,'Podgląd koszyka','2012-04-15 11:42:14',19,'Zawartość koszyka',NULL,'CartPreviewBox'),(81,'Newsletter','2012-04-15 11:42:14',19,'Newsletter',NULL,'NewsletterBox'),(82,'CMS','2012-04-15 11:42:14',19,'CMS',NULL,'CmsBox'),(83,'Showcase','2012-04-15 11:42:14',19,'Showcase',NULL,'ShowcaseBox'),(86,'Sprzedaż krzyżowa','2012-04-15 11:42:14',19,'Sprzedaż krzyżowa',NULL,'ProductsCrossSellBox'),(87,'Produkty podobne','2012-04-15 11:42:14',19,'Produkty podobne',NULL,'ProductsSimilarBox'),(88,'Akcesoria do produktów','2012-04-15 11:42:14',19,'Akcesoria do produktów',NULL,'ProductsUpSellBox'),(89,'Kupiono również','2012-04-15 11:42:14',19,'Kupiono również',NULL,'ProductBuyAlsoBox'),(99,'Mapa sklepu','2012-04-15 11:42:14',19,NULL,NULL,'SitemapBox'),(103,'Filtry','2012-04-15 11:42:14',19,NULL,NULL,'LayeredNavigationBox'),(105,'Producenci','2012-04-15 11:42:14',19,NULL,NULL,'ProducerBox'),(106,'Lista produktów producenta','2012-04-15 11:42:14',19,NULL,NULL,'ProducerListBox'),(110,'Slideshow','2012-04-15 11:42:14',19,NULL,NULL,'SlideShowBox'),(111,'Najczęściej szukano','2012-04-15 11:42:14',19,NULL,NULL,'MostSearchedBox'),(112,'Wybrane produkty z oferty','2012-04-15 11:42:14',19,NULL,NULL,'CustomProductListBox'),(115,'Menu konta klienta','2012-06-23 16:20:47',19,NULL,NULL,'ClientAccountBox'),(118,'Opis produktu','2012-06-24 20:52:17',19,NULL,NULL,'ProductDescriptionBox'),(119,'Kategorie główne','2012-06-25 22:00:57',19,NULL,NULL,'MainCategoriesBox'),(120,'Proces zamówienia','2012-06-27 23:28:12',19,NULL,NULL,'CheckoutBox'),(121,'Podsumowanie zamówienia','2012-07-01 22:58:02',19,NULL,NULL,'FinalizationBox'),(222,'Regulamin','2012-07-19 22:52:54',19,NULL,NULL,'ConditionsBox'),(223,'Nawigacja','2012-07-20 13:31:44',19,NULL,NULL,'CmsMenuBox'),(277,'Promocje na stronie głównej','2012-07-25 23:03:25',19,NULL,NULL,'ProductPromotionsBox');
DROP TABLE IF EXISTS `layoutboxcontentspecificvalue`;
/*!40101 SET @saved_cs_client     = @@character_set_client */;
/*!40101 SET character_set_client = utf8 */;
CREATE TABLE `layoutboxcontentspecificvalue` (
  `idlayoutboxcontentspecificvalue` int(10) unsigned NOT NULL AUTO_INCREMENT,
  `layoutboxid` int(10) unsigned NOT NULL,
  `variable` varchar(45) NOT NULL,
  `languageid` int(10) unsigned DEFAULT NULL,
  `value` text NOT NULL,
  PRIMARY KEY (`idlayoutboxcontentspecificvalue`),
  KEY `FK_layoutboxcontentspecificvalue_layoutboxid` (`layoutboxid`),
  KEY `languageid` (`languageid`),
  CONSTRAINT `layoutboxcontentspecificvalue_ibfk_1` FOREIGN KEY (`layoutboxid`) REFERENCES `layoutbox` (`idlayoutbox`) ON DELETE CASCADE ON UPDATE NO ACTION,
  CONSTRAINT `layoutboxcontentspecificvalue_ibfk_2` FOREIGN KEY (`languageid`) REFERENCES `language` (`idlanguage`) ON DELETE CASCADE ON UPDATE NO ACTION
) ENGINE=InnoDB AUTO_INCREMENT=3250 DEFAULT CHARSET=utf8;
/*!40101 SET character_set_client = @saved_cs_client */;

INSERT INTO `layoutboxcontentspecificvalue` (`idlayoutboxcontentspecificvalue`, `layoutboxid`, `variable`, `languageid`, `value`) VALUES (1003,106,'productsCount',NULL,'0'),(1004,106,'view',NULL,'1'),(1005,106,'orderBy',NULL,'id'),(1006,106,'orderDir',NULL,'asc'),(1007,106,'pagination',NULL,'1'),(1008,106,'showphoto',NULL,'1'),(1009,106,'showdescription',NULL,'1'),(1020,99,'categoryTreeLevels',NULL,'3'),(1454,65,'productsCount',NULL,'10'),(1455,65,'view',NULL,'1'),(1456,65,'orderBy',NULL,'id'),(1457,65,'orderDir',NULL,'asc'),(1458,65,'pagination',NULL,'1'),(1467,105,'view',NULL,'1'),(1468,105,'producers',NULL,'1'),(1469,112,'productsCount',NULL,'0'),(1470,112,'view',NULL,'0'),(1471,112,'orderBy',NULL,'id'),(1472,112,'orderDir',NULL,'asc'),(1473,112,'products',NULL,'1'),(1576,110,'image1',NULL,'design/_images_frontend/upload/bootstrap-mdo-sfmoma-01.jpg'),(1577,110,'height1',NULL,'500'),(1578,110,'url1',NULL,''),(1579,110,'caption1',NULL,'Lorem ipsum2'),(1580,110,'image2',NULL,'design/_images_frontend/upload/bootstrap-mdo-sfmoma-02.jpg'),(1581,110,'height2',NULL,'500'),(1582,110,'url2',NULL,''),(1583,110,'caption2',NULL,'Lorem ipsum'),(1584,110,'image3',NULL,'design/_images_frontend/upload/bootstrap-mdo-sfmoma-03.jpg'),(1585,110,'height3',NULL,'500'),(1586,110,'url3',NULL,''),(1587,110,'caption3',NULL,'Lorem ipsum'),(1723,50,'productsCount',NULL,'10'),(1724,50,'view',NULL,'1'),(1725,50,'pagination',NULL,'1'),(1856,36,'productsCount',NULL,'5'),(1857,36,'view',NULL,'0'),(1858,36,'orderBy',NULL,'adddate'),(1859,36,'orderDir',NULL,'desc'),(1860,36,'pagination',NULL,'0'),(1876,38,'showcount',NULL,'0'),(1877,38,'hideempty',NULL,'1'),(1878,38,'showall',NULL,'1'),(1879,38,'categoryIds',NULL,'4'),(1992,86,'productsCount',NULL,'5'),(1993,86,'view',NULL,'0'),(1994,86,'orderBy',NULL,'random'),(1995,86,'orderDir',NULL,'desc'),(2023,44,'productsCount',NULL,'5'),(2024,44,'minProductsCount',NULL,'4'),(2025,44,'view',NULL,'0'),(2026,44,'orderBy',NULL,'id'),(2027,44,'orderDir',NULL,'asc'),(2028,277,'productsCount',NULL,'5'),(2029,277,'view',NULL,'0'),(2030,277,'orderBy',NULL,'random'),(2031,277,'orderDir',NULL,'asc'),(2032,277,'pagination',NULL,'0'),(2033,35,'productsCount',NULL,'2'),(2034,35,'view',NULL,'0'),(2035,35,'orderBy',NULL,'adddate'),(2036,35,'orderDir',NULL,'desc'),(2037,35,'pagination',NULL,'0'),(2249,62,'productsCount',NULL,'10'),(2250,62,'view',NULL,'1'),(2251,62,'orderBy',NULL,'adddate'),(2252,62,'orderDir',NULL,'desc'),(2253,62,'pagination',NULL,'1'),(2258,83,'productsCount',NULL,'0'),(2259,83,'orderBy',NULL,'random'),(2260,83,'orderDir',NULL,'desc'),(2261,83,'statusId',NULL,'5'),(2590,63,'productsCount',NULL,'10'),(2591,63,'view',NULL,'1'),(2592,63,'orderBy',NULL,'id'),(2593,63,'orderDir',NULL,'asc'),(2594,63,'pagination',NULL,'1'),(3127,119,'showall',NULL,'1'),(3128,119,'categoryIds',NULL,''),(3133,87,'productsCount',NULL,'5'),(3134,87,'view',NULL,'0'),(3135,87,'orderBy',NULL,'related'),(3136,87,'orderDir',NULL,'asc'),(3243,88,'productsCount',NULL,'5'),(3244,88,'view',NULL,'0'),(3245,88,'orderBy',NULL,'random'),(3246,88,'orderDir',NULL,'asc'),(3249,118,'tabbed',NULL,'1');
DROP TABLE IF EXISTS `layoutboxjsvalue`;
/*!40101 SET @saved_cs_client     = @@character_set_client */;
/*!40101 SET character_set_client = utf8 */;
CREATE TABLE `layoutboxjsvalue` (
  `idlayoutboxjsvalue` int(10) unsigned NOT NULL AUTO_INCREMENT,
  `layoutboxid` int(10) unsigned NOT NULL,
  `variable` varchar(45) NOT NULL,
  `value` varchar(45) NOT NULL,
  PRIMARY KEY (`idlayoutboxjsvalue`),
  KEY `FK_layoutboxjsvalue_layoutboxid` (`layoutboxid`),
  CONSTRAINT `layoutboxjsvalue_ibfk_1` FOREIGN KEY (`layoutboxid`) REFERENCES `layoutbox` (`idlayoutbox`) ON DELETE CASCADE ON UPDATE NO ACTION
) ENGINE=InnoDB AUTO_INCREMENT=4422 DEFAULT CHARSET=utf8;
/*!40101 SET character_set_client = @saved_cs_client */;

INSERT INTO `layoutboxjsvalue` (`idlayoutboxjsvalue`, `layoutboxid`, `variable`, `value`) VALUES (235,55,'iDefaultSpan',''),(236,56,'iDefaultSpan','1'),(301,81,'iDefaultSpan','1'),(321,89,'iDefaultSpan','1'),(358,58,'iDefaultSpan','1'),(478,54,'iDefaultSpan',''),(541,54,'bClosingProhibited','1'),(542,55,'bClosingProhibited','1'),(543,56,'bClosingProhibited','1'),(545,58,'bClosingProhibited','1'),(556,81,'bClosingProhibited','1'),(562,89,'bClosingProhibited','1'),(850,103,'iDefaultSpan','1'),(895,106,'iDefaultSpan','1'),(904,82,'bClosingProhibited','1'),(905,82,'iDefaultSpan','1'),(906,51,'bClosingProhibited','1'),(907,51,'iDefaultSpan',''),(913,99,'bClosingProhibited','1'),(914,99,'iDefaultSpan','1'),(915,52,'bClosingProhibited','1'),(916,52,'iDefaultSpan',''),(922,46,'bClosingProhibited','1'),(923,46,'iDefaultSpan',''),(1134,66,'bFixedPosition','1'),(1135,66,'bClosingProhibited','1'),(1136,66,'bNoHeader','0'),(1137,66,'bCollapsingProhibited','1'),(1138,66,'bExpandingProhibited','1'),(1139,66,'iDefaultSpan','1'),(1140,66,'iEnableBox','0'),(1519,65,'bFixedPosition','1'),(1520,65,'bClosingProhibited','1'),(1521,65,'bNoHeader','0'),(1522,65,'bCollapsingProhibited','1'),(1523,65,'bExpandingProhibited','1'),(1524,65,'iDefaultSpan','1'),(1525,65,'iEnableBox','0'),(1540,105,'bFixedPosition','0'),(1541,105,'bClosingProhibited','1'),(1542,105,'bNoHeader','0'),(1543,105,'bCollapsingProhibited','1'),(1544,105,'bExpandingProhibited','1'),(1545,105,'iDefaultSpan','1'),(1546,105,'iEnableBox','0'),(1547,111,'bFixedPosition','1'),(1548,111,'bClosingProhibited','1'),(1549,111,'bNoHeader','0'),(1550,111,'bCollapsingProhibited','1'),(1551,111,'bExpandingProhibited','1'),(1552,111,'iDefaultSpan','1'),(1553,111,'iEnableBox','0'),(1554,112,'bFixedPosition','0'),(1555,112,'bClosingProhibited','0'),(1556,112,'bNoHeader','0'),(1557,112,'bCollapsingProhibited','0'),(1558,112,'bExpandingProhibited','0'),(1559,112,'iDefaultSpan','1'),(1560,112,'iEnableBox','0'),(1752,110,'bNoHeader','1'),(1753,110,'iDefaultSpan','1'),(1754,110,'iEnableBox','0'),(1755,115,'bNoHeader','0'),(1756,115,'iDefaultSpan','1'),(1757,115,'iEnableBox','0'),(1809,120,'bNoHeader','0'),(1810,120,'iDefaultSpan','1'),(1811,120,'iEnableBox','0'),(1827,121,'bNoHeader','0'),(1828,121,'iDefaultSpan','1'),(1829,121,'iEnableBox','0'),(1833,49,'bNoHeader','0'),(1834,49,'iDefaultSpan',''),(1835,49,'iEnableBox','0'),(2040,30,'bNoHeader','0'),(2041,30,'iDefaultSpan',''),(2042,30,'iEnableBox','0'),(2043,50,'bNoHeader','0'),(2044,50,'iDefaultSpan',''),(2045,50,'iEnableBox','0'),(2252,36,'bNoHeader','0'),(2253,36,'iDefaultSpan',''),(2254,36,'iEnableBox','0'),(2279,38,'bNoHeader','1'),(2280,38,'iDefaultSpan','1'),(2281,38,'iEnableBox','0'),(2285,222,'bNoHeader','0'),(2286,222,'iDefaultSpan','1'),(2287,222,'iEnableBox','0'),(2288,223,'bNoHeader','0'),(2289,223,'iDefaultSpan','1'),(2290,223,'iEnableBox','0'),(2477,86,'bNoHeader','0'),(2478,86,'iDefaultSpan','1'),(2479,86,'iEnableBox','0'),(2501,44,'bNoHeader','0'),(2502,44,'iDefaultSpan','1'),(2503,44,'iEnableBox','0'),(2504,277,'bNoHeader','0'),(2505,277,'iDefaultSpan','1'),(2506,277,'iEnableBox','0'),(2507,35,'bNoHeader','0'),(2508,35,'iDefaultSpan','1'),(2509,35,'iEnableBox','0'),(2884,62,'bNoHeader','0'),(2885,62,'iDefaultSpan','1'),(2886,62,'iEnableBox','0'),(2890,83,'bNoHeader','1'),(2891,83,'iDefaultSpan','1'),(2892,83,'iEnableBox','0'),(2896,57,'bNoHeader','0'),(2897,57,'iDefaultSpan','1'),(2898,57,'iEnableBox','0'),(2902,29,'bNoHeader','0'),(2903,29,'iDefaultSpan',''),(2904,29,'iEnableBox','0'),(3445,63,'bNoHeader','0'),(3446,63,'iDefaultSpan','1'),(3447,63,'iEnableBox','0'),(4247,119,'bNoHeader','1'),(4248,119,'iDefaultSpan','1'),(4249,119,'iEnableBox','0'),(4253,87,'bNoHeader','0'),(4254,87,'iDefaultSpan','1'),(4255,87,'iEnableBox','0'),(4416,88,'bNoHeader','0'),(4417,88,'iDefaultSpan','1'),(4418,88,'iEnableBox','0'),(4419,118,'bNoHeader','1'),(4420,118,'iDefaultSpan','1'),(4421,118,'iEnableBox','0');
DROP TABLE IF EXISTS `layoutboxtranslation`;
/*!40101 SET @saved_cs_client     = @@character_set_client */;
/*!40101 SET character_set_client = utf8 */;
CREATE TABLE `layoutboxtranslation` (
  `idlayoutboxtranslation` int(10) unsigned NOT NULL AUTO_INCREMENT,
  `layoutboxid` int(10) unsigned DEFAULT NULL,
  `languageid` int(10) unsigned DEFAULT NULL,
  `title` varchar(255) NOT NULL,
  PRIMARY KEY (`idlayoutboxtranslation`),
  KEY `FK_layoutboxtranslation_languageid` (`languageid`),
  KEY `FK_layoutboxtranslation_layoutboxid` (`layoutboxid`),
  CONSTRAINT `layoutboxtranslation_ibfk_1` FOREIGN KEY (`layoutboxid`) REFERENCES `layoutbox` (`idlayoutbox`) ON DELETE CASCADE ON UPDATE NO ACTION,
  CONSTRAINT `layoutboxtranslation_ibfk_2` FOREIGN KEY (`languageid`) REFERENCES `language` (`idlanguage`) ON DELETE CASCADE ON UPDATE NO ACTION
) ENGINE=InnoDB AUTO_INCREMENT=1555 DEFAULT CHARSET=utf8;
/*!40101 SET character_set_client = @saved_cs_client */;

INSERT INTO `layoutboxtranslation` (`idlayoutboxtranslation`, `layoutboxid`, `languageid`, `title`) VALUES (23,55,1,'Formularza przypomnienia hasla'),(24,56,1,'Ustawienia klienta'),(43,81,1,'Newsletter'),(51,89,1,'Kupiono również'),(76,58,1,'Zamowienia klienta'),(317,54,1,'Formularz logowania'),(441,103,1,'Filtry'),(473,106,1,'Lista produktów producenta'),(476,82,1,'CMS'),(477,51,1,'Rejestracja'),(480,99,1,'Mapa sklepu'),(481,52,1,'Potwierdzenie płatności'),(483,46,1,'Koszyk'),(533,66,1,'Koszyk'),(597,65,1,'Wyszukiwarka'),(600,105,1,'Producenci'),(601,111,1,'Najczęściej szukano'),(602,112,1,'Wybrane produkty z oferty'),(653,110,1,'Slideshow'),(697,115,1,'Moje konto'),(765,120,1,'Proces zamówienia'),(771,121,1,'Podsumowanie zamówienia'),(773,49,1,'Produkt'),(828,30,1,'Aktualności'),(829,50,1,'Produkty w tej kategorii'),(887,36,1,'Nowości'),(896,38,1,'Kategorie'),(898,222,1,'Regulamin'),(899,223,1,'Nawigacja'),(953,86,1,'Zobacz pasujące produkty dodatkowe'),(961,44,1,'Bestsellery'),(962,277,1,'Promocje'),(963,35,1,'Promocje'),(1073,62,1,'Nowości'),(1075,83,1,'Showcase'),(1077,57,1,'Adresy klienta'),(1079,29,1,'Dane kontaktowe'),(1238,63,1,'Promocje'),(1496,119,1,'Kategorie główne'),(1498,87,1,'Produkty podobne'),(1551,88,1,'Akcesoria do produktów'),(1554,118,1,'Opis produktu');
DROP TABLE IF EXISTS `log`;
/*!40101 SET @saved_cs_client     = @@character_set_client */;
/*!40101 SET character_set_client = utf8 */;
CREATE TABLE `log` (
  `idlog` int(10) unsigned NOT NULL AUTO_INCREMENT,
  `clientid` int(10) unsigned DEFAULT NULL,
  `userid` int(10) unsigned DEFAULT NULL,
  `URL` varchar(225) NOT NULL,
  `sessionid` varchar(225) NOT NULL,
  `adddate` timestamp NOT NULL DEFAULT CURRENT_TIMESTAMP ON UPDATE CURRENT_TIMESTAMP,
  `viewid` int(10) unsigned DEFAULT NULL,
  PRIMARY KEY (`idlog`)
) ENGINE=InnoDB DEFAULT CHARSET=utf8;
/*!40101 SET character_set_client = @saved_cs_client */;

DROP TABLE IF EXISTS `mailer`;
/*!40101 SET @saved_cs_client     = @@character_set_client */;
/*!40101 SET character_set_client = utf8 */;
CREATE TABLE `mailer` (
  `idmailer` int(11) NOT NULL AUTO_INCREMENT,
  `mailer` varchar(45) DEFAULT NULL,
  `fromname` varchar(255) DEFAULT NULL,
  `fromemail` varchar(255) DEFAULT NULL,
  `server` varchar(255) DEFAULT NULL,
  `port` int(11) DEFAULT NULL,
  `smtpsecure` varchar(3) DEFAULT NULL,
  `smtpauth` int(11) DEFAULT NULL,
  `smtpusername` varchar(255) DEFAULT NULL,
  `smtppassword` varchar(255) DEFAULT NULL,
  `viewid` int(11) unsigned NOT NULL,
  PRIMARY KEY (`idmailer`),
  UNIQUE KEY `FK_mailer_viewid` (`viewid`),
  CONSTRAINT `FK_mailer_viewid` FOREIGN KEY (`viewid`) REFERENCES `view` (`idview`) ON DELETE CASCADE ON UPDATE NO ACTION
) ENGINE=InnoDB AUTO_INCREMENT=8 DEFAULT CHARSET=utf8;
/*!40101 SET character_set_client = @saved_cs_client */;

INSERT INTO `mailer` (`idmailer`, `mailer`, `fromname`, `fromemail`, `server`, `port`, `smtpsecure`, `smtpauth`, `smtpusername`, `smtppassword`, `viewid`) VALUES (2,'mail','Przykładowy sklep','przyklad@gekosale.pl','',25,'',NULL,'admin','admin',3);
DROP TABLE IF EXISTS `missingcart`;
/*!40101 SET @saved_cs_client     = @@character_set_client */;
/*!40101 SET character_set_client = utf8 */;
CREATE TABLE `missingcart` (
  `idmissingcart` int(10) unsigned NOT NULL AUTO_INCREMENT,
  `clientid` int(10) unsigned NOT NULL,
  `adddate` timestamp NOT NULL DEFAULT CURRENT_TIMESTAMP ON UPDATE CURRENT_TIMESTAMP,
  `clientmail` varchar(45) NOT NULL,
  `sessionid` varchar(45) NOT NULL,
  `viewid` int(10) unsigned DEFAULT NULL,
  PRIMARY KEY (`idmissingcart`),
  KEY `FK_missingcart_clientid` (`clientid`),
  KEY `FK_missingcart_viewid` (`viewid`),
  CONSTRAINT `FK_missingcart_clientid` FOREIGN KEY (`clientid`) REFERENCES `client` (`idclient`) ON DELETE CASCADE ON UPDATE NO ACTION,
  CONSTRAINT `FK_missingcart_viewid` FOREIGN KEY (`viewid`) REFERENCES `view` (`idview`) ON DELETE CASCADE ON UPDATE NO ACTION
) ENGINE=InnoDB DEFAULT CHARSET=utf8;
/*!40101 SET character_set_client = @saved_cs_client */;

DROP TABLE IF EXISTS `missingcartproduct`;
/*!40101 SET @saved_cs_client     = @@character_set_client */;
/*!40101 SET character_set_client = utf8 */;
CREATE TABLE `missingcartproduct` (
  `idmissingcartproduct` int(10) unsigned NOT NULL AUTO_INCREMENT,
  `missingcartid` int(10) unsigned NOT NULL,
  `productid` int(10) unsigned NOT NULL,
  `stock` int(10) unsigned NOT NULL,
  `qty` int(10) unsigned NOT NULL,
  `productattributesetid` int(10) unsigned DEFAULT NULL,
  `adddate` timestamp NOT NULL DEFAULT CURRENT_TIMESTAMP ON UPDATE CURRENT_TIMESTAMP,
  `viewid` int(10) unsigned DEFAULT NULL,
  PRIMARY KEY (`idmissingcartproduct`),
  KEY `FK_missingcartsproducts_productid` (`productid`),
  KEY `FK_missingcartsproducts_missingcartid` (`missingcartid`),
  KEY `FK_missingcartproduct_viewid` (`viewid`),
  CONSTRAINT `FK_missingcartproduct_missingcartid` FOREIGN KEY (`missingcartid`) REFERENCES `missingcart` (`idmissingcart`) ON DELETE CASCADE ON UPDATE NO ACTION,
  CONSTRAINT `FK_missingcartproduct_viewid` FOREIGN KEY (`viewid`) REFERENCES `view` (`idview`) ON DELETE CASCADE ON UPDATE NO ACTION,
  CONSTRAINT `FK_missingcartsproducts_productid` FOREIGN KEY (`productid`) REFERENCES `product` (`idproduct`) ON DELETE CASCADE ON UPDATE NO ACTION
) ENGINE=InnoDB DEFAULT CHARSET=utf8;
/*!40101 SET character_set_client = @saved_cs_client */;

DROP TABLE IF EXISTS `modulesettings`;
/*!40101 SET @saved_cs_client     = @@character_set_client */;
/*!40101 SET character_set_client = utf8 */;
CREATE TABLE `modulesettings` (
  `idmodulesettings` int(11) NOT NULL AUTO_INCREMENT,
  `param` varchar(45) DEFAULT NULL,
  `value` varchar(2048) DEFAULT NULL,
  `viewid` int(11) DEFAULT NULL,
  `module` varchar(45) DEFAULT NULL,
  PRIMARY KEY (`idmodulesettings`),
  UNIQUE KEY `UNIQUE_modulesettings_param_module_viewid` (`param`,`module`,`viewid`)
) ENGINE=InnoDB AUTO_INCREMENT=3673 DEFAULT CHARSET=utf8;
/*!40101 SET character_set_client = @saved_cs_client */;

INSERT INTO `modulesettings` (`idmodulesettings`, `param`, `value`, `viewid`, `module`) VALUES (2884,'bankacct','1111 2222 3333 4444 5555 6666 7777 8888',3,'banktransfer'),(2885,'bankname','Multibank',3,'banktransfer'),(2886,'iban','BREWPMUL',3,'banktransfer'),(3668,'ceneoguid','',3,'ceneo');
DROP TABLE IF EXISTS `mostsearch`;
/*!40101 SET @saved_cs_client     = @@character_set_client */;
/*!40101 SET character_set_client = utf8 */;
CREATE TABLE `mostsearch` (
  `idmostsearch` int(10) unsigned NOT NULL AUTO_INCREMENT,
  `name` varchar(255) NOT NULL,
  `adddate` timestamp NOT NULL DEFAULT CURRENT_TIMESTAMP ON UPDATE CURRENT_TIMESTAMP,
  `textcount` int(10) unsigned NOT NULL DEFAULT '1',
  `viewid` int(10) unsigned NOT NULL,
  PRIMARY KEY (`idmostsearch`),
  KEY `FK_mostsearch_viewid` (`viewid`),
  CONSTRAINT `FK_mostsearch_viewid` FOREIGN KEY (`viewid`) REFERENCES `view` (`idview`) ON DELETE CASCADE ON UPDATE NO ACTION
) ENGINE=InnoDB AUTO_INCREMENT=4 DEFAULT CHARSET=utf8 ROW_FORMAT=DYNAMIC;
/*!40101 SET character_set_client = @saved_cs_client */;

INSERT INTO `mostsearch` (`idmostsearch`, `name`, `adddate`, `textcount`, `viewid`) VALUES (1,'beb','2013-03-04 01:53:12',2,3),(2,'bebik','2013-03-04 01:53:13',2,3),(3,'dfsa','2013-03-05 01:27:15',2,3);
DROP TABLE IF EXISTS `news`;
/*!40101 SET @saved_cs_client     = @@character_set_client */;
/*!40101 SET character_set_client = utf8 */;
CREATE TABLE `news` (
  `idnews` int(10) unsigned NOT NULL AUTO_INCREMENT,
  `publish` int(10) unsigned NOT NULL DEFAULT '1',
  `adddate` timestamp NOT NULL DEFAULT CURRENT_TIMESTAMP,
  `startdate` timestamp NULL DEFAULT NULL,
  `enddate` timestamp NULL DEFAULT NULL,
  `featured` int(11) NOT NULL,
  PRIMARY KEY (`idnews`)
) ENGINE=InnoDB AUTO_INCREMENT=10 DEFAULT CHARSET=utf8 ROW_FORMAT=DYNAMIC;
/*!40101 SET character_set_client = @saved_cs_client */;

INSERT INTO `news` (`idnews`, `publish`, `adddate`, `startdate`, `enddate`, `featured`) VALUES (9,1,'2012-07-26 11:05:33',NULL,NULL,1);
DROP TABLE IF EXISTS `newsletter`;
/*!40101 SET @saved_cs_client     = @@character_set_client */;
/*!40101 SET character_set_client = utf8 */;
CREATE TABLE `newsletter` (
  `idnewsletter` int(10) unsigned NOT NULL AUTO_INCREMENT,
  `name` varchar(128) NOT NULL,
  `adddate` timestamp NOT NULL DEFAULT CURRENT_TIMESTAMP ON UPDATE CURRENT_TIMESTAMP,
  `subject` varchar(255) NOT NULL,
  `email` varchar(255) NOT NULL,
  `htmlform` varchar(5000) NOT NULL,
  `textform` varchar(5000) NOT NULL,
  `recipients` varchar(255) DEFAULT NULL,
  PRIMARY KEY (`idnewsletter`),
  UNIQUE KEY `UNIQUE_newsletter_name` (`name`)
) ENGINE=InnoDB DEFAULT CHARSET=utf8;
/*!40101 SET character_set_client = @saved_cs_client */;

DROP TABLE IF EXISTS `newsphoto`;
/*!40101 SET @saved_cs_client     = @@character_set_client */;
/*!40101 SET character_set_client = utf8 */;
CREATE TABLE `newsphoto` (
  `idnewsphoto` int(10) unsigned NOT NULL AUTO_INCREMENT,
  `newsid` int(10) unsigned NOT NULL,
  `photoid` int(10) unsigned DEFAULT NULL,
  `adddate` timestamp NOT NULL DEFAULT CURRENT_TIMESTAMP ON UPDATE CURRENT_TIMESTAMP,
  `mainphoto` int(10) unsigned NOT NULL DEFAULT '1',
  PRIMARY KEY (`idnewsphoto`),
  UNIQUE KEY `UNIQUE_newsphoto_newsid_photoid` (`newsid`,`photoid`),
  KEY `FK_newsphoto_photoid` (`photoid`),
  CONSTRAINT `FK_newsphoto_newsid` FOREIGN KEY (`newsid`) REFERENCES `news` (`idnews`) ON DELETE CASCADE ON UPDATE CASCADE,
  CONSTRAINT `FK_newsphoto_photoid` FOREIGN KEY (`photoid`) REFERENCES `file` (`idfile`) ON DELETE CASCADE ON UPDATE NO ACTION
) ENGINE=InnoDB DEFAULT CHARSET=utf8;
/*!40101 SET character_set_client = @saved_cs_client */;

DROP TABLE IF EXISTS `newstranslation`;
/*!40101 SET @saved_cs_client     = @@character_set_client */;
/*!40101 SET character_set_client = utf8 */;
CREATE TABLE `newstranslation` (
  `idnewstranslation` int(10) unsigned NOT NULL AUTO_INCREMENT,
  `newsid` int(10) unsigned NOT NULL,
  `topic` varchar(128) NOT NULL,
  `summary` text,
  `content` text NOT NULL,
  `languageid` int(10) unsigned NOT NULL,
  `seo` varchar(255) DEFAULT NULL,
  `keyword_title` varchar(255) DEFAULT NULL,
  `keyword` varchar(255) DEFAULT NULL,
  `keyword_description` varchar(1000) DEFAULT NULL,
  PRIMARY KEY (`idnewstranslation`),
  UNIQUE KEY `UNIQUE_newstranslation_newsid_languageid` (`newsid`,`languageid`),
  KEY `FK_newstranslation_newsid` (`newsid`),
  KEY `FK_newstranslation_languageid` (`languageid`),
  CONSTRAINT `FK_newstranslation_languageid` FOREIGN KEY (`languageid`) REFERENCES `language` (`idlanguage`) ON DELETE CASCADE ON UPDATE NO ACTION,
  CONSTRAINT `FK_newstranslation_newsid` FOREIGN KEY (`newsid`) REFERENCES `news` (`idnews`) ON DELETE CASCADE ON UPDATE NO ACTION
) ENGINE=InnoDB AUTO_INCREMENT=39 DEFAULT CHARSET=utf8 ROW_FORMAT=DYNAMIC;
/*!40101 SET character_set_client = @saved_cs_client */;

INSERT INTO `newstranslation` (`idnewstranslation`, `newsid`, `topic`, `summary`, `content`, `languageid`, `seo`, `keyword_title`, `keyword`, `keyword_description`) VALUES (38,9,'Majówkowa promocja','<p>\n	Tylko do końca maja przecena wszystkich kompletów bielizny do -15%!</p>','<p>\n	Warto się spieszyć, ponieważ oferta jest ważna tylko do wyczerpania zapasów. Jednocześnie przypominamy iż przy zakupach powyżej 100zł koszty dostawy pokrywa sklep! Płacisz tylko za towar. Nie czekaj!</p>',1,'majowkowa-promocja','','','');
DROP TABLE IF EXISTS `newsview`;
/*!40101 SET @saved_cs_client     = @@character_set_client */;
/*!40101 SET character_set_client = utf8 */;
CREATE TABLE `newsview` (
  `idnewsview` int(10) unsigned NOT NULL AUTO_INCREMENT,
  `newsid` int(10) unsigned NOT NULL,
  `viewid` int(10) unsigned NOT NULL,
  `adddate` timestamp NOT NULL DEFAULT CURRENT_TIMESTAMP ON UPDATE CURRENT_TIMESTAMP,
  PRIMARY KEY (`idnewsview`),
  UNIQUE KEY `UNIQUE_newsview_newsid_viewid` (`newsid`,`viewid`),
  KEY `FK_newsview_newsid` (`newsid`),
  KEY `FK_newsview_viewid` (`viewid`),
  CONSTRAINT `FK_newsview_newsid` FOREIGN KEY (`newsid`) REFERENCES `news` (`idnews`) ON DELETE CASCADE ON UPDATE NO ACTION,
  CONSTRAINT `FK_newsview_viewid` FOREIGN KEY (`viewid`) REFERENCES `view` (`idview`) ON DELETE CASCADE ON UPDATE NO ACTION
) ENGINE=InnoDB AUTO_INCREMENT=41 DEFAULT CHARSET=utf8;
/*!40101 SET character_set_client = @saved_cs_client */;

INSERT INTO `newsview` (`idnewsview`, `newsid`, `viewid`, `adddate`) VALUES (40,9,3,'2012-07-26 13:17:54');
DROP TABLE IF EXISTS `order`;
/*!40101 SET @saved_cs_client     = @@character_set_client */;
/*!40101 SET character_set_client = utf8 */;
CREATE TABLE `order` (
  `idorder` int(10) unsigned NOT NULL AUTO_INCREMENT,
  `price` decimal(16,2) NOT NULL,
  `dispatchmethodprice` decimal(16,2) NOT NULL,
  `globalprice` decimal(16,2) NOT NULL,
  `adddate` timestamp NOT NULL DEFAULT CURRENT_TIMESTAMP,
  `orderstatusid` int(10) unsigned NOT NULL,
  `dispatchmethodname` varchar(64) DEFAULT NULL,
  `paymentmethodname` varchar(64) DEFAULT NULL,
  `globalqty` int(10) NOT NULL,
  `dispatchmethodid` int(10) unsigned NOT NULL,
  `paymentmethodid` int(10) unsigned NOT NULL,
  `clientid` int(10) DEFAULT NULL,
  `globalpricenetto` decimal(16,2) NOT NULL,
  `activelink` varchar(100) DEFAULT NULL,
  `customeropinion` varchar(5000) DEFAULT NULL,
  `viewid` int(10) unsigned DEFAULT NULL,
  `pricebeforepromotion` decimal(10,2) DEFAULT NULL,
  `eratyproposal` varchar(45) DEFAULT NULL,
  `eratyaccept` int(10) unsigned DEFAULT NULL,
  `eratycancel` int(10) unsigned DEFAULT NULL,
  `currencyid` int(10) unsigned NOT NULL,
  `currencysymbol` varchar(5) NOT NULL,
  `currencyrate` decimal(10,4) DEFAULT NULL,
  `rulescartid` int(10) unsigned DEFAULT NULL,
  `sessionid` varchar(255) NOT NULL,
  `couponcode` varchar(45) DEFAULT NULL,
  `coupondiscount` decimal(10,4) DEFAULT NULL,
  `couponfreedelivery` int(10) DEFAULT NULL,
  `couponid` int(10) DEFAULT NULL,
  `firmesid` int(11) NOT NULL,
  `giftwrap` int(11) DEFAULT NULL,
  `giftwrapmessage` text,
  `paczkomat` varchar(45) DEFAULT NULL,
  `inpostpackage` varchar(45) DEFAULT NULL,
  `packagestatus` varchar(45) NOT NULL DEFAULT 'Pending',
  PRIMARY KEY (`idorder`),
  KEY `FK_order_orderstatusid` (`orderstatusid`),
  KEY `FK_order_viewid` (`viewid`),
  CONSTRAINT `FK_order_viewid` FOREIGN KEY (`viewid`) REFERENCES `view` (`idview`) ON DELETE CASCADE ON UPDATE NO ACTION
) ENGINE=InnoDB AUTO_INCREMENT=2 DEFAULT CHARSET=utf8;
/*!40101 SET character_set_client = @saved_cs_client */;

DROP TABLE IF EXISTS `orderclientdata`;
/*!40101 SET @saved_cs_client     = @@character_set_client */;
/*!40101 SET character_set_client = utf8 */;
CREATE TABLE `orderclientdata` (
  `idorderclientdata` int(10) unsigned NOT NULL AUTO_INCREMENT,
  `firstname` blob NOT NULL,
  `surname` blob NOT NULL,
  `companyname` blob,
  `NIP` blob,
  `street` blob NOT NULL,
  `streetno` blob NOT NULL,
  `placeno` blob,
  `postcode` blob NOT NULL,
  `place` blob NOT NULL,
  `placeid` int(10) unsigned DEFAULT NULL,
  `phone` blob,
  `phone2` blob NOT NULL,
  `email` blob,
  `orderid` int(10) unsigned NOT NULL,
  `adddate` timestamp NOT NULL DEFAULT CURRENT_TIMESTAMP ON UPDATE CURRENT_TIMESTAMP,
  `clientid` int(10) unsigned DEFAULT '0',
  `countryid` int(10) DEFAULT NULL,
  `clienttype` int(10) NOT NULL DEFAULT '1',
  PRIMARY KEY (`idorderclientdata`),
  KEY `FK_orderclientdata_orderid` (`orderid`),
  CONSTRAINT `FK_orderclientdata_orderid` FOREIGN KEY (`orderid`) REFERENCES `order` (`idorder`) ON DELETE CASCADE ON UPDATE NO ACTION
) ENGINE=InnoDB AUTO_INCREMENT=2 DEFAULT CHARSET=utf8;
/*!40101 SET character_set_client = @saved_cs_client */;

DROP TABLE IF EXISTS `orderclientdeliverydata`;
/*!40101 SET @saved_cs_client     = @@character_set_client */;
/*!40101 SET character_set_client = utf8 */;
CREATE TABLE `orderclientdeliverydata` (
  `idorderclientdeliverydata` int(10) unsigned NOT NULL AUTO_INCREMENT,
  `firstname` blob NOT NULL,
  `surname` blob NOT NULL,
  `companyname` blob,
  `NIP` blob,
  `street` blob NOT NULL,
  `streetno` blob NOT NULL,
  `placeno` blob,
  `postcode` blob NOT NULL,
  `place` blob NOT NULL,
  `placeid` int(10) unsigned DEFAULT NULL,
  `phone` blob,
  `phone2` blob NOT NULL,
  `email` blob,
  `orderid` int(10) unsigned NOT NULL,
  `adddate` timestamp NOT NULL DEFAULT CURRENT_TIMESTAMP ON UPDATE CURRENT_TIMESTAMP,
  `countryid` int(11) DEFAULT NULL,
  `clienttype` int(10) NOT NULL DEFAULT '1',
  PRIMARY KEY (`idorderclientdeliverydata`),
  KEY `FK_orderclientdeliverydata_orderid` (`orderid`),
  CONSTRAINT `FK_orderclientdeliverydata_orderid` FOREIGN KEY (`orderid`) REFERENCES `order` (`idorder`) ON DELETE CASCADE ON UPDATE NO ACTION
) ENGINE=InnoDB AUTO_INCREMENT=2 DEFAULT CHARSET=utf8;
/*!40101 SET character_set_client = @saved_cs_client */;

DROP TABLE IF EXISTS `orderhistory`;
/*!40101 SET @saved_cs_client     = @@character_set_client */;
/*!40101 SET character_set_client = utf8 */;
CREATE TABLE `orderhistory` (
  `idorderhistory` int(10) unsigned NOT NULL AUTO_INCREMENT,
  `content` varchar(5000) NOT NULL,
  `adddate` timestamp NOT NULL DEFAULT CURRENT_TIMESTAMP ON UPDATE CURRENT_TIMESTAMP,
  `orderstatusid` int(10) unsigned NOT NULL,
  `orderid` int(10) unsigned NOT NULL,
  `inform` int(10) unsigned DEFAULT '0',
  `user` varchar(255) DEFAULT NULL,
  PRIMARY KEY (`idorderhistory`),
  KEY `FK_orderhistory_orderstatusid` (`orderstatusid`),
  KEY `FK_orderhistory_orderid` (`orderid`),
  CONSTRAINT `FK_orderhistory_orderid` FOREIGN KEY (`orderid`) REFERENCES `order` (`idorder`) ON DELETE CASCADE ON UPDATE NO ACTION
) ENGINE=InnoDB DEFAULT CHARSET=utf8;
/*!40101 SET character_set_client = @saved_cs_client */;

DROP TABLE IF EXISTS `ordernotes`;
/*!40101 SET @saved_cs_client     = @@character_set_client */;
/*!40101 SET character_set_client = utf8 */;
CREATE TABLE `ordernotes` (
  `idordernotes` int(10) unsigned NOT NULL AUTO_INCREMENT,
  `content` varchar(500) NOT NULL,
  `orderid` int(10) unsigned NOT NULL,
  `adddate` timestamp NOT NULL DEFAULT CURRENT_TIMESTAMP ON UPDATE CURRENT_TIMESTAMP,
  `user` varchar(255) DEFAULT NULL,
  PRIMARY KEY (`idordernotes`),
  KEY `FK_ordernotes_orderid` (`orderid`),
  CONSTRAINT `FK_ordernotes_orderid` FOREIGN KEY (`orderid`) REFERENCES `order` (`idorder`) ON DELETE CASCADE ON UPDATE NO ACTION
) ENGINE=InnoDB DEFAULT CHARSET=utf8;
/*!40101 SET character_set_client = @saved_cs_client */;

DROP TABLE IF EXISTS `orderproduct`;
/*!40101 SET @saved_cs_client     = @@character_set_client */;
/*!40101 SET character_set_client = utf8 */;
CREATE TABLE `orderproduct` (
  `idorderproduct` int(10) unsigned NOT NULL AUTO_INCREMENT,
  `name` varchar(255) NOT NULL,
  `price` decimal(16,4) NOT NULL,
  `qty` decimal(16,4) unsigned NOT NULL,
  `qtyprice` decimal(16,2) NOT NULL,
  `adddate` timestamp NOT NULL DEFAULT CURRENT_TIMESTAMP ON UPDATE CURRENT_TIMESTAMP,
  `orderid` int(10) unsigned NOT NULL,
  `productid` int(10) unsigned DEFAULT NULL,
  `productattributesetid` int(10) unsigned DEFAULT NULL,
  `variant` varchar(255) DEFAULT NULL,
  `vat` decimal(16,2) NOT NULL,
  `pricenetto` decimal(16,4) NOT NULL,
  `discountprice` decimal(16,4) DEFAULT NULL,
  `discountpricenetto` decimal(16,4) DEFAULT NULL,
  `ean` varchar(128) DEFAULT NULL,
  `photoid` int(11) DEFAULT NULL,
  PRIMARY KEY (`idorderproduct`),
  KEY `FK_orderproduct_orderid` (`orderid`),
  KEY `FK_orderproduct_productid` (`productid`),
  CONSTRAINT `orderproduct_ibfk_1` FOREIGN KEY (`orderid`) REFERENCES `order` (`idorder`) ON DELETE CASCADE ON UPDATE NO ACTION,
  CONSTRAINT `orderproduct_ibfk_2` FOREIGN KEY (`productid`) REFERENCES `product` (`idproduct`) ON DELETE SET NULL ON UPDATE NO ACTION
) ENGINE=InnoDB AUTO_INCREMENT=7 DEFAULT CHARSET=utf8 ROW_FORMAT=DYNAMIC;
/*!40101 SET character_set_client = @saved_cs_client */;

DROP TABLE IF EXISTS `orderproductattribute`;
/*!40101 SET @saved_cs_client     = @@character_set_client */;
/*!40101 SET character_set_client = utf8 */;
CREATE TABLE `orderproductattribute` (
  `idorderproductattribute` int(10) unsigned NOT NULL AUTO_INCREMENT,
  `name` varchar(255) NOT NULL,
  `group` varchar(255) DEFAULT NULL,
  `attributeproductvalueid` int(10) DEFAULT NULL,
  `orderproductid` int(10) unsigned NOT NULL,
  `adddate` timestamp NOT NULL DEFAULT CURRENT_TIMESTAMP ON UPDATE CURRENT_TIMESTAMP,
  PRIMARY KEY (`idorderproductattribute`),
  KEY `FK_orderproductattribute_orderproductid` (`orderproductid`),
  KEY `attributeproductvalueid` (`attributeproductvalueid`),
  CONSTRAINT `FK_orderproductattribute_orderproductid` FOREIGN KEY (`orderproductid`) REFERENCES `orderproduct` (`idorderproduct`) ON DELETE CASCADE ON UPDATE NO ACTION
) ENGINE=InnoDB DEFAULT CHARSET=utf8;
/*!40101 SET character_set_client = @saved_cs_client */;

DROP TABLE IF EXISTS `orderstatus`;
/*!40101 SET @saved_cs_client     = @@character_set_client */;
/*!40101 SET character_set_client = utf8 */;
CREATE TABLE `orderstatus` (
  `idorderstatus` int(10) unsigned NOT NULL AUTO_INCREMENT,
  `adddate` timestamp NOT NULL DEFAULT CURRENT_TIMESTAMP ON UPDATE CURRENT_TIMESTAMP,
  `default` int(10) unsigned NOT NULL DEFAULT '0',
  `editable` int(10) unsigned NOT NULL DEFAULT '1',
  PRIMARY KEY (`idorderstatus`)
) ENGINE=InnoDB AUTO_INCREMENT=28 DEFAULT CHARSET=utf8;
/*!40101 SET character_set_client = @saved_cs_client */;

INSERT INTO `orderstatus` (`idorderstatus`, `adddate`, `default`, `editable`) VALUES (7,'2012-05-02 15:17:14',1,0),(8,'2010-09-23 11:06:45',0,0),(9,'2010-09-23 11:06:45',0,0),(10,'2010-09-23 11:06:45',0,0),(11,'2010-09-23 11:06:45',0,0),(12,'2010-09-23 11:06:45',0,0),(13,'2010-09-23 11:06:45',0,0),(25,'2010-09-23 11:06:45',0,0),(26,'2010-09-23 11:06:45',0,0),(27,'2010-09-23 11:06:45',0,0);
DROP TABLE IF EXISTS `orderstatusgroups`;
/*!40101 SET @saved_cs_client     = @@character_set_client */;
/*!40101 SET character_set_client = utf8 */;
CREATE TABLE `orderstatusgroups` (
  `idorderstatusgroups` int(10) unsigned NOT NULL AUTO_INCREMENT,
  `adddate` timestamp NOT NULL DEFAULT CURRENT_TIMESTAMP ON UPDATE CURRENT_TIMESTAMP,
  `colour` char(6) DEFAULT NULL,
  PRIMARY KEY (`idorderstatusgroups`)
) ENGINE=InnoDB AUTO_INCREMENT=5 DEFAULT CHARSET=utf8;
/*!40101 SET character_set_client = @saved_cs_client */;

INSERT INTO `orderstatusgroups` (`idorderstatusgroups`, `adddate`, `colour`) VALUES (1,'2012-06-24 11:03:51','eb1741'),(2,'2012-06-24 11:04:03','f79400'),(3,'2012-06-24 11:04:14','1c2de6'),(4,'2012-06-24 11:04:22','66ba06');
DROP TABLE IF EXISTS `orderstatusgroupstranslation`;
/*!40101 SET @saved_cs_client     = @@character_set_client */;
/*!40101 SET character_set_client = utf8 */;
CREATE TABLE `orderstatusgroupstranslation` (
  `idorderstatusgroupstranslation` int(10) unsigned NOT NULL AUTO_INCREMENT,
  `name` varchar(500) NOT NULL,
  `orderstatusgroupsid` int(10) unsigned NOT NULL,
  `languageid` int(10) unsigned DEFAULT NULL,
  PRIMARY KEY (`idorderstatusgroupstranslation`),
  KEY `FK_orderstatusgroups_orderstatusgroupsid` (`orderstatusgroupsid`),
  KEY `FK_orderstatusgroups_languageid` (`languageid`),
  CONSTRAINT `FK_orderstatusgroups_languageid` FOREIGN KEY (`languageid`) REFERENCES `language` (`idlanguage`) ON DELETE CASCADE ON UPDATE NO ACTION,
  CONSTRAINT `FK_orderstatusgroups_orderstatusgroupsid` FOREIGN KEY (`orderstatusgroupsid`) REFERENCES `orderstatusgroups` (`idorderstatusgroups`) ON DELETE CASCADE ON UPDATE NO ACTION
) ENGINE=InnoDB AUTO_INCREMENT=23 DEFAULT CHARSET=utf8;
/*!40101 SET character_set_client = @saved_cs_client */;

INSERT INTO `orderstatusgroupstranslation` (`idorderstatusgroupstranslation`, `name`, `orderstatusgroupsid`, `languageid`) VALUES (17,'Oczekuje na wysyłkę',3,1),(20,'Brak potwierdzenia',1,1),(21,'Zrealizowane',4,1),(22,'Oczekuje na płatność',2,1);
DROP TABLE IF EXISTS `orderstatusorderstatusgroups`;
/*!40101 SET @saved_cs_client     = @@character_set_client */;
/*!40101 SET character_set_client = utf8 */;
CREATE TABLE `orderstatusorderstatusgroups` (
  `idorderstatusorderstatusgroups` int(10) unsigned NOT NULL AUTO_INCREMENT,
  `orderstatusid` int(10) unsigned NOT NULL,
  `orderstatusgroupsid` int(10) unsigned NOT NULL,
  `adddate` timestamp NOT NULL DEFAULT CURRENT_TIMESTAMP ON UPDATE CURRENT_TIMESTAMP,
  PRIMARY KEY (`idorderstatusorderstatusgroups`),
  KEY `FK_orderstatusorderstatusgroups_orderstatusid` (`orderstatusid`),
  KEY `FK_orderstatusorderstatusgroups_orderstatusgroupsid` (`orderstatusgroupsid`),
  CONSTRAINT `FK_orderstatusorderstatusgroups_orderstatusgroupsid` FOREIGN KEY (`orderstatusgroupsid`) REFERENCES `orderstatusgroups` (`idorderstatusgroups`) ON DELETE CASCADE ON UPDATE NO ACTION,
  CONSTRAINT `FK_orderstatusorderstatusgroups_orderstatusid` FOREIGN KEY (`orderstatusid`) REFERENCES `orderstatus` (`idorderstatus`) ON DELETE CASCADE ON UPDATE NO ACTION
) ENGINE=InnoDB AUTO_INCREMENT=147 DEFAULT CHARSET=utf8;
/*!40101 SET character_set_client = @saved_cs_client */;

INSERT INTO `orderstatusorderstatusgroups` (`idorderstatusorderstatusgroups`, `orderstatusid`, `orderstatusgroupsid`, `adddate`) VALUES (120,10,3,'2012-06-24 11:04:14'),(128,13,1,'2012-06-24 11:12:05'),(132,11,4,'2012-06-24 11:15:16'),(133,12,4,'2012-06-24 11:15:16'),(136,26,4,'2012-06-24 11:15:16'),(140,27,4,'2012-06-24 11:30:58'),(141,25,4,'2012-06-24 11:31:02'),(142,8,2,'2012-06-24 11:31:08'),(143,9,2,'2012-06-24 11:31:12'),(146,7,2,'2012-08-28 15:29:23');
DROP TABLE IF EXISTS `orderstatustranslation`;
/*!40101 SET @saved_cs_client     = @@character_set_client */;
/*!40101 SET character_set_client = utf8 */;
CREATE TABLE `orderstatustranslation` (
  `idorderstatustranslation` int(10) unsigned NOT NULL AUTO_INCREMENT,
  `name` varchar(128) NOT NULL,
  `orderstatusid` int(10) unsigned NOT NULL,
  `languageid` int(10) unsigned DEFAULT NULL,
  `comment` text,
  PRIMARY KEY (`idorderstatustranslation`),
  UNIQUE KEY `UNIQUE_orderstatustranslation_languageid_name` (`languageid`,`name`),
  KEY `FK_orderstatustranslation_orderstatusid` (`orderstatusid`),
  KEY `FK_orderstatustranslation_languageid` (`languageid`),
  CONSTRAINT `FK_orderstatus_languageid` FOREIGN KEY (`languageid`) REFERENCES `language` (`idlanguage`) ON DELETE CASCADE ON UPDATE NO ACTION,
  CONSTRAINT `FK_orderstatus_orderstatusid` FOREIGN KEY (`orderstatusid`) REFERENCES `orderstatus` (`idorderstatus`) ON DELETE CASCADE ON UPDATE NO ACTION
) ENGINE=InnoDB AUTO_INCREMENT=47 DEFAULT CHARSET=utf8;
/*!40101 SET character_set_client = @saved_cs_client */;

INSERT INTO `orderstatustranslation` (`idorderstatustranslation`, `name`, `orderstatusid`, `languageid`, `comment`) VALUES (9,'Przygotowane do wysyłki',10,1,NULL),(11,'Opłacone online',11,1,NULL),(13,'Wysłane',12,1,NULL),(15,'Anulowane',13,1,NULL),(37,'Zapłacono.',26,1,NULL),(40,'Zapłacono przelewem bankowym',27,1,''),(41,'Zamówienie potwierdzone',25,1,''),(42,'Oczekuje na odbiór osobisty',8,1,''),(43,'Oczekuje na płatność przelewem',9,1,''),(46,'Oczekuje na płatność',7,1,'');
DROP TABLE IF EXISTS `pagescheme`;
/*!40101 SET @saved_cs_client     = @@character_set_client */;
/*!40101 SET character_set_client = utf8 */;
CREATE TABLE `pagescheme` (
  `idpagescheme` int(10) unsigned NOT NULL AUTO_INCREMENT,
  `name` varchar(100) NOT NULL,
  `adddate` timestamp NOT NULL DEFAULT CURRENT_TIMESTAMP ON UPDATE CURRENT_TIMESTAMP,
  `templatefolder` varchar(255) DEFAULT NULL,
  PRIMARY KEY (`idpagescheme`)
) ENGINE=InnoDB AUTO_INCREMENT=27 DEFAULT CHARSET=utf8;
/*!40101 SET character_set_client = @saved_cs_client */;

INSERT INTO `pagescheme` (`idpagescheme`, `name`, `adddate`, `templatefolder`) VALUES (19,'Szablon domyślny','2013-03-03 20:56:12','default');
DROP TABLE IF EXISTS `paymentmethod`;
/*!40101 SET @saved_cs_client     = @@character_set_client */;
/*!40101 SET character_set_client = utf8 */;
CREATE TABLE `paymentmethod` (
  `idpaymentmethod` int(10) unsigned NOT NULL AUTO_INCREMENT,
  `name` varchar(64) NOT NULL,
  `adddate` timestamp NOT NULL DEFAULT CURRENT_TIMESTAMP ON UPDATE CURRENT_TIMESTAMP,
  `controller` varchar(64) NOT NULL,
  `online` tinyint(1) unsigned NOT NULL DEFAULT '1',
  `active` tinyint(1) unsigned NOT NULL DEFAULT '1',
  `maximumamount` decimal(15,4) DEFAULT NULL,
  `hierarchy` int(11) DEFAULT '0',
  PRIMARY KEY (`idpaymentmethod`),
  UNIQUE KEY `UNIQUE_paymentmethod_name` (`name`)
) ENGINE=InnoDB AUTO_INCREMENT=18 DEFAULT CHARSET=utf8;
/*!40101 SET character_set_client = @saved_cs_client */;

INSERT INTO `paymentmethod` (`idpaymentmethod`, `name`, `adddate`, `controller`, `online`, `active`, `maximumamount`, `hierarchy`) VALUES (2,'Platnosci.pl','2012-09-17 23:11:49','platnosci',1,0,NULL,1),(4,'Przelew bankowy','2012-09-17 23:14:40','banktransfer',0,1,NULL,4),(5,'Płatność za pobraniem','2012-09-17 23:11:56','ondelivery',0,1,NULL,3),(6,'Płatność przy odbiorze','2012-09-17 23:11:58','pickup',0,0,NULL,4),(8,'Żagiel','2012-09-18 15:50:47','eraty',1,0,NULL,5),(11,'Przelewy24','2012-09-18 15:50:50','przelewy24',1,0,NULL,6),(12,'PayU','2012-09-18 15:50:57','platnosci',1,0,NULL,7),(15,'Transferuj.pl','2012-09-18 15:51:00','transferuj',1,0,NULL,8),(16,'Dotpay','2012-10-19 11:30:02','dotpay',1,0,NULL,10),(17,'PayByNet','2012-10-19 11:30:02','paybynet',1,0,NULL,9);
DROP TABLE IF EXISTS `paymentmethodview`;
/*!40101 SET @saved_cs_client     = @@character_set_client */;
/*!40101 SET character_set_client = utf8 */;
CREATE TABLE `paymentmethodview` (
  `idpaymentmethodview` int(10) unsigned NOT NULL AUTO_INCREMENT,
  `paymentmethodid` int(10) unsigned NOT NULL,
  `viewid` int(10) unsigned NOT NULL,
  `adddate` timestamp NOT NULL DEFAULT CURRENT_TIMESTAMP ON UPDATE CURRENT_TIMESTAMP,
  PRIMARY KEY (`idpaymentmethodview`),
  KEY `FK_paymentmethodview_paymentmethodid` (`paymentmethodid`),
  KEY `FK_paymentmethodview_viewid` (`viewid`),
  CONSTRAINT `FK_paymentmethodview_paymentmethodid` FOREIGN KEY (`paymentmethodid`) REFERENCES `paymentmethod` (`idpaymentmethod`) ON DELETE CASCADE ON UPDATE NO ACTION,
  CONSTRAINT `FK_paymentmethodview_viewid` FOREIGN KEY (`viewid`) REFERENCES `view` (`idview`) ON DELETE CASCADE ON UPDATE NO ACTION
) ENGINE=InnoDB AUTO_INCREMENT=1819 DEFAULT CHARSET=utf8;
/*!40101 SET character_set_client = @saved_cs_client */;

INSERT INTO `paymentmethodview` (`idpaymentmethodview`, `paymentmethodid`, `viewid`, `adddate`) VALUES (1809,2,3,'2013-03-05 21:30:07'),(1810,4,3,'2013-03-05 21:30:07'),(1811,5,3,'2013-03-05 21:30:07'),(1812,6,3,'2013-03-05 21:30:07'),(1813,8,3,'2013-03-05 21:30:07'),(1814,11,3,'2013-03-05 21:30:07'),(1815,12,3,'2013-03-05 21:30:07'),(1816,15,3,'2013-03-05 21:30:07'),(1817,16,3,'2013-03-05 21:30:07'),(1818,17,3,'2013-03-05 21:30:07');
DROP TABLE IF EXISTS `period`;
/*!40101 SET @saved_cs_client     = @@character_set_client */;
/*!40101 SET character_set_client = utf8 */;
CREATE TABLE `period` (
  `idperiod` int(10) unsigned NOT NULL AUTO_INCREMENT,
  `name` varchar(45) NOT NULL,
  `timeinterval` varchar(45) NOT NULL,
  `adddate` timestamp NOT NULL DEFAULT CURRENT_TIMESTAMP ON UPDATE CURRENT_TIMESTAMP,
  `intervalsql` varchar(45) NOT NULL,
  PRIMARY KEY (`idperiod`)
) ENGINE=InnoDB AUTO_INCREMENT=13 DEFAULT CHARSET=utf8;
/*!40101 SET character_set_client = @saved_cs_client */;

INSERT INTO `period` (`idperiod`, `name`, `timeinterval`, `adddate`, `intervalsql`) VALUES (1,'Miesiąc','-1 month','2010-05-31 11:29:07','1 MONTH'),(2,'2 Miesiące','-2 month','2010-05-31 11:29:07','2 MONTH'),(3,'Rok','-1 year','2010-05-31 11:29:07','1 YEAR'),(4,'Dzień','-1 day','2010-05-31 11:29:07','1 DAY'),(8,'5 Dni','-5 day','2010-05-31 11:29:07','5 DAY'),(9,'Tydzień','-7 day','2010-05-31 11:29:07','7 DAY'),(10,'2 tygodnie','-14 day','2010-05-31 11:29:07','14 DAY'),(11,'3 Miesiące','-3 month','2010-05-31 11:29:08','3 MONTH'),(12,'6 Miesięcy','-6 month','2010-05-31 11:32:53','6 MONTH');
DROP TABLE IF EXISTS `producer`;
/*!40101 SET @saved_cs_client     = @@character_set_client */;
/*!40101 SET character_set_client = utf8 */;
CREATE TABLE `producer` (
  `idproducer` int(10) unsigned NOT NULL AUTO_INCREMENT,
  `adddate` timestamp NOT NULL DEFAULT CURRENT_TIMESTAMP ON UPDATE CURRENT_TIMESTAMP,
  `photoid` int(10) unsigned DEFAULT NULL,
  `migrationid` int(11) DEFAULT NULL,
  `actionsymbol` varchar(45) DEFAULT NULL,
  `firmesid` int(11) NOT NULL,
  PRIMARY KEY (`idproducer`),
  KEY `FK_producer_fileid` (`photoid`),
  CONSTRAINT `FK_producer_photoid` FOREIGN KEY (`photoid`) REFERENCES `file` (`idfile`) ON DELETE SET NULL ON UPDATE NO ACTION
) ENGINE=InnoDB AUTO_INCREMENT=63 DEFAULT CHARSET=utf8;
/*!40101 SET character_set_client = @saved_cs_client */;

INSERT INTO `producer` (`idproducer`, `adddate`, `photoid`, `migrationid`, `actionsymbol`, `firmesid`) VALUES (2,'2012-05-17 13:11:11',NULL,NULL,NULL,0),(3,'2012-05-25 00:05:01',NULL,NULL,NULL,0),(4,'2012-05-25 00:05:21',NULL,NULL,NULL,0),(6,'2012-05-25 00:06:01',NULL,NULL,NULL,0),(7,'2012-05-25 00:12:52',NULL,NULL,NULL,0),(8,'2012-05-25 00:13:29',NULL,NULL,NULL,0),(9,'2012-05-25 00:14:01',NULL,NULL,NULL,0),(10,'2012-05-25 00:14:44',NULL,NULL,NULL,0),(11,'2012-05-25 00:14:58',NULL,NULL,NULL,0),(52,'2012-07-23 16:19:43',NULL,NULL,NULL,0),(53,'2012-07-23 16:21:57',NULL,NULL,NULL,0),(54,'2012-07-23 17:03:00',NULL,NULL,NULL,0),(55,'2012-07-24 09:32:33',NULL,NULL,NULL,0),(56,'2012-07-25 13:12:28',1081,NULL,NULL,0),(57,'2012-07-24 10:29:32',NULL,NULL,NULL,0),(58,'2012-07-24 11:00:22',NULL,NULL,NULL,0),(59,'2012-07-24 11:15:37',NULL,NULL,NULL,0),(60,'2012-07-24 11:21:46',NULL,NULL,NULL,0),(61,'2012-07-25 13:32:54',NULL,NULL,NULL,0),(62,'2012-08-26 11:19:31',NULL,NULL,'BEZ',0);
DROP TABLE IF EXISTS `producerdeliverer`;
/*!40101 SET @saved_cs_client     = @@character_set_client */;
/*!40101 SET character_set_client = utf8 */;
CREATE TABLE `producerdeliverer` (
  `idproducerdeliverer` int(10) unsigned NOT NULL AUTO_INCREMENT,
  `producerid` int(10) unsigned NOT NULL,
  `delivererid` int(10) unsigned NOT NULL,
  `addid` int(10) unsigned NOT NULL,
  `adddate` timestamp NOT NULL DEFAULT CURRENT_TIMESTAMP ON UPDATE CURRENT_TIMESTAMP,
  `editid` int(10) unsigned DEFAULT NULL,
  `editdate` datetime DEFAULT NULL,
  PRIMARY KEY (`idproducerdeliverer`),
  UNIQUE KEY `UNIQUE_producerdeliverer_producerid_delivererid` (`producerid`,`delivererid`),
  KEY `FK_producerdeliverer_delivererid` (`delivererid`),
  KEY `FK_producerdeliverer_addid` (`addid`),
  KEY `FK_producerdeliverer_editid` (`editid`),
  KEY `FK_producerdeliverer_producerid` (`producerid`),
  CONSTRAINT `FK_producerdeliverer_delivererid` FOREIGN KEY (`delivererid`) REFERENCES `deliverer` (`iddeliverer`) ON DELETE CASCADE ON UPDATE NO ACTION,
  CONSTRAINT `FK_producerdeliverer_producerid` FOREIGN KEY (`producerid`) REFERENCES `producer` (`idproducer`) ON DELETE CASCADE ON UPDATE NO ACTION
) ENGINE=InnoDB DEFAULT CHARSET=utf8;
/*!40101 SET character_set_client = @saved_cs_client */;

DROP TABLE IF EXISTS `producertranslation`;
/*!40101 SET @saved_cs_client     = @@character_set_client */;
/*!40101 SET character_set_client = utf8 */;
CREATE TABLE `producertranslation` (
  `idproducertranslation` int(10) unsigned NOT NULL AUTO_INCREMENT,
  `name` varchar(255) NOT NULL,
  `producerid` int(10) unsigned NOT NULL,
  `languageid` int(10) unsigned NOT NULL,
  `seo` varchar(255) DEFAULT NULL,
  `description` text,
  `keyword_title` varchar(255) DEFAULT NULL,
  `keyword` varchar(255) DEFAULT NULL,
  `keyword_description` varchar(255) DEFAULT NULL,
  PRIMARY KEY (`idproducertranslation`),
  UNIQUE KEY `UNIQUE_producertranslation_name_languageid` (`name`,`languageid`),
  KEY `FK_producertranslation_producerid` (`producerid`),
  KEY `FK_producertranslation_languageid` (`languageid`),
  CONSTRAINT `FK_producertranslation_languageid` FOREIGN KEY (`languageid`) REFERENCES `language` (`idlanguage`) ON DELETE CASCADE ON UPDATE NO ACTION,
  CONSTRAINT `FK_producertranslation_producerid` FOREIGN KEY (`producerid`) REFERENCES `producer` (`idproducer`) ON DELETE CASCADE ON UPDATE NO ACTION
) ENGINE=InnoDB AUTO_INCREMENT=60 DEFAULT CHARSET=utf8;
/*!40101 SET character_set_client = @saved_cs_client */;

INSERT INTO `producertranslation` (`idproducertranslation`, `name`, `producerid`, `languageid`, `seo`, `description`, `keyword_title`, `keyword`, `keyword_description`) VALUES (4,'Test',2,1,'test','','','',''),(49,'Etnies',52,1,'etnies',NULL,NULL,NULL,NULL),(50,'Supra',53,1,'supra',NULL,NULL,NULL,NULL),(51,'Mitex',54,1,'mitex',NULL,NULL,NULL,NULL),(52,'Helion',55,1,'helion',NULL,NULL,NULL,NULL),(54,'Unilever',57,1,'unilever',NULL,NULL,NULL,NULL),(55,'Procter & Gamble',58,1,'procter-gamble',NULL,NULL,NULL,NULL),(56,'Dermika',59,1,'dermika',NULL,NULL,NULL,NULL),(57,'Adidas',60,1,'adidas',NULL,NULL,NULL,NULL),(58,'Nutricia',56,1,'nutricia','<p>\n	NUTRICIA, lider rynku żywności dla dzieci i niemowląt w Polsce, zdobyła tytuł Dobroczyńcy Roku 2011. Firma została doceniona za stworzenie spójnej strategii społecznego zaangażowania, obejmującej działania na rzecz zdrowia i wszechstronnego rozwoju dzieci.</p>','','',''),(59,'Emerica',61,1,'emerica',NULL,NULL,NULL,NULL);
DROP TABLE IF EXISTS `producerview`;
/*!40101 SET @saved_cs_client     = @@character_set_client */;
/*!40101 SET character_set_client = utf8 */;
CREATE TABLE `producerview` (
  `idproducerview` int(10) unsigned NOT NULL AUTO_INCREMENT,
  `producerid` int(10) unsigned NOT NULL,
  `viewid` int(10) unsigned NOT NULL,
  PRIMARY KEY (`idproducerview`),
  KEY `FK_producerview_producerid` (`producerid`),
  KEY `FK_producerview_viewid` (`viewid`),
  CONSTRAINT `FK_producerview_producerid` FOREIGN KEY (`producerid`) REFERENCES `producer` (`idproducer`) ON DELETE CASCADE ON UPDATE NO ACTION,
  CONSTRAINT `FK_producerview_viewid` FOREIGN KEY (`viewid`) REFERENCES `view` (`idview`) ON DELETE CASCADE ON UPDATE NO ACTION
) ENGINE=InnoDB AUTO_INCREMENT=57 DEFAULT CHARSET=utf8;
/*!40101 SET character_set_client = @saved_cs_client */;

INSERT INTO `producerview` (`idproducerview`, `producerid`, `viewid`) VALUES (46,52,3),(47,53,3),(48,54,3),(49,55,3),(51,57,3),(52,58,3),(53,59,3),(54,60,3),(55,56,3),(56,61,3);
DROP TABLE IF EXISTS `product`;
/*!40101 SET @saved_cs_client     = @@character_set_client */;
/*!40101 SET character_set_client = utf8 */;
CREATE TABLE `product` (
  `idproduct` int(10) unsigned NOT NULL AUTO_INCREMENT,
  `delivelercode` varchar(45) DEFAULT NULL,
  `ean` varchar(45) DEFAULT NULL,
  `barcode` varchar(32) DEFAULT NULL,
  `status` int(10) unsigned DEFAULT NULL,
  `buyprice` decimal(16,4) NOT NULL DEFAULT '0.0000',
  `sellprice` decimal(16,4) NOT NULL DEFAULT '0.0000',
  `producerid` int(10) unsigned DEFAULT NULL,
  `vatid` int(10) unsigned NOT NULL,
  `stock` int(10) unsigned DEFAULT NULL,
  `adddate` timestamp NOT NULL DEFAULT CURRENT_TIMESTAMP ON UPDATE CURRENT_TIMESTAMP,
  `weight` decimal(16,3) DEFAULT NULL,
  `buycurrencyid` int(10) unsigned DEFAULT NULL,
  `sellcurrencyid` int(10) unsigned DEFAULT NULL,
  `trackstock` int(10) unsigned DEFAULT '1',
  `enable` int(10) unsigned NOT NULL DEFAULT '1',
  `promotion` int(10) unsigned DEFAULT '0',
  `discountprice` decimal(15,4) DEFAULT '0.0000',
  `promotionstart` date DEFAULT NULL,
  `promotionend` date DEFAULT NULL,
  `viewed` int(11) DEFAULT '0',
  `migrationid` int(11) DEFAULT NULL,
  `width` decimal(15,4) DEFAULT NULL,
  `height` decimal(15,4) DEFAULT NULL,
  `deepth` decimal(15,4) DEFAULT NULL,
  `unit` int(11) unsigned DEFAULT NULL,
  `disableatstock` int(11) unsigned DEFAULT '0',
  `availablityid` int(11) unsigned DEFAULT NULL,
  `hierarchy` int(11) unsigned NOT NULL DEFAULT '0',
  `packagesize` decimal(15,4) unsigned NOT NULL DEFAULT '1.0000',
  `firmesid` int(11) NOT NULL,
  `disableatstockenabled` int(11) unsigned NOT NULL DEFAULT '0',
  PRIMARY KEY (`idproduct`),
  KEY `FK_product_producerid` (`producerid`),
  KEY `FK_product_vatid` (`vatid`),
  KEY `FK_product_sellcurrencyid` (`sellcurrencyid`),
  KEY `FK_product_buycurrencyid` (`buycurrencyid`),
  KEY `IDX_product_enable` (`enable`),
  KEY `FK_product_status` (`status`),
  KEY `FK_product_unit` (`unit`),
  KEY `FK_product_availablityid` (`availablityid`),
  KEY `ean` (`ean`),
  CONSTRAINT `FK_product_availablityid` FOREIGN KEY (`availablityid`) REFERENCES `availablity` (`idavailablity`) ON DELETE SET NULL ON UPDATE NO ACTION,
  CONSTRAINT `FK_product_buycurrencyid` FOREIGN KEY (`buycurrencyid`) REFERENCES `currency` (`idcurrency`),
  CONSTRAINT `FK_product_producerid` FOREIGN KEY (`producerid`) REFERENCES `producer` (`idproducer`) ON DELETE SET NULL ON UPDATE NO ACTION,
  CONSTRAINT `FK_product_sellcurrencyid` FOREIGN KEY (`sellcurrencyid`) REFERENCES `currency` (`idcurrency`),
  CONSTRAINT `FK_product_status` FOREIGN KEY (`status`) REFERENCES `productstatus` (`idproductstatus`) ON DELETE SET NULL ON UPDATE NO ACTION,
  CONSTRAINT `FK_product_unit` FOREIGN KEY (`unit`) REFERENCES `unitmeasure` (`idunitmeasure`) ON DELETE SET NULL ON UPDATE NO ACTION,
  CONSTRAINT `FK_product_vatid` FOREIGN KEY (`vatid`) REFERENCES `vat` (`idvat`) ON UPDATE NO ACTION
) ENGINE=InnoDB AUTO_INCREMENT=707 DEFAULT CHARSET=utf8 DELAY_KEY_WRITE=1 ROW_FORMAT=DYNAMIC;
/*!40101 SET character_set_client = @saved_cs_client */;

INSERT INTO `product` (`idproduct`, `delivelercode`, `ean`, `barcode`, `status`, `buyprice`, `sellprice`, `producerid`, `vatid`, `stock`, `adddate`, `weight`, `buycurrencyid`, `sellcurrencyid`, `trackstock`, `enable`, `promotion`, `discountprice`, `promotionstart`, `promotionend`, `viewed`, `migrationid`, `width`, `height`, `deepth`, `unit`, `disableatstock`, `availablityid`, `hierarchy`, `packagesize`, `firmesid`, `disableatstockenabled`) VALUES (672,'','672','',NULL,150.2475,199.0000,52,2,41,'2013-01-11 11:44:49',0.000,28,28,1,1,1,199.0000,NULL,NULL,786,NULL,NULL,NULL,NULL,NULL,0,NULL,0,1.0000,0,0),(673,'','673','',NULL,73.0300,99.0000,53,2,36,'2013-03-03 21:08:23',0.000,28,28,1,1,1,99.0000,NULL,NULL,92,NULL,NULL,NULL,NULL,NULL,0,NULL,0,1.0000,0,0),(674,'','674','',NULL,40.8566,60.9800,52,2,10,'2012-09-11 15:15:06',0.000,28,28,1,1,1,56.9106,NULL,NULL,88,NULL,NULL,NULL,NULL,NULL,0,NULL,0,1.0000,0,0),(675,'','675','',NULL,23.0000,80.4900,52,2,50,'2012-09-11 15:22:53',0.000,28,28,1,1,0,0.0000,NULL,NULL,16,NULL,NULL,NULL,NULL,NULL,0,NULL,0,1.0000,0,0),(676,'','676','',NULL,48.4812,72.3600,52,2,9,'2013-03-04 01:43:28',0.000,28,28,1,1,1,72.3577,NULL,NULL,24,NULL,NULL,NULL,NULL,NULL,0,NULL,0,1.0000,0,0),(677,'','677','',NULL,53.9283,63.4146,52,2,208,'2012-10-11 00:51:28',0.000,28,28,1,1,1,63.4146,NULL,NULL,144,NULL,NULL,NULL,NULL,NULL,0,NULL,0,1.0000,0,0),(678,'','678','',NULL,66.3300,99.0000,54,2,9,'2013-03-04 01:43:28',0.000,28,28,1,1,1,85.0000,NULL,NULL,50,NULL,NULL,NULL,NULL,NULL,0,NULL,0,1.0000,0,0),(679,'','679','',NULL,53.9283,80.4900,54,2,96,'2013-03-05 01:17:12',0.000,28,28,1,1,1,63.4146,NULL,NULL,260,NULL,NULL,NULL,NULL,NULL,0,NULL,0,1.0000,0,0),(680,'','680','',NULL,30.5051,45.5300,54,2,150,'2012-09-11 15:22:53',0.000,28,28,1,1,0,0.0000,NULL,NULL,20,NULL,NULL,NULL,NULL,NULL,0,NULL,0,1.0000,0,0),(681,'','681','',NULL,30.5051,45.5300,54,2,149,'2012-09-14 10:04:46',0.000,28,28,1,1,0,0.0000,NULL,NULL,18,NULL,NULL,NULL,NULL,NULL,0,NULL,0,1.0000,0,0),(682,'','682','',NULL,44.0000,45.5300,54,2,9,'2013-03-05 15:01:27',0.000,28,28,1,1,1,34.1463,NULL,NULL,18,NULL,NULL,NULL,NULL,NULL,0,NULL,0,1.0000,0,0),(683,'','683','',NULL,30.5051,45.5300,54,2,10,'2013-03-05 12:43:53',0.000,28,28,1,1,1,40.6504,NULL,NULL,30,NULL,NULL,NULL,NULL,NULL,0,NULL,0,1.0000,0,0),(684,'','684','',NULL,30.5051,42.2764,54,2,149,'2013-03-05 01:55:35',0.000,28,28,1,1,1,42.2764,NULL,NULL,66,NULL,NULL,NULL,NULL,NULL,0,NULL,0,1.0000,0,0),(685,'','685','',NULL,30.5051,45.5300,55,2,10,'2012-09-11 15:15:06',0.000,28,28,1,1,1,36.5854,NULL,NULL,58,NULL,NULL,NULL,NULL,NULL,0,NULL,0,1.0000,0,0),(686,'','686','',NULL,24.5153,36.5900,55,2,9,'2013-03-05 12:33:57',0.000,28,28,1,1,1,26.8293,NULL,NULL,48,NULL,NULL,NULL,NULL,NULL,0,NULL,0,1.0000,0,0),(687,'','687','',NULL,53.9283,80.4900,55,2,9,'2013-03-04 02:18:44',0.000,28,28,1,1,1,72.3577,NULL,NULL,12,NULL,NULL,NULL,NULL,NULL,0,NULL,0,1.0000,0,0),(688,'','688','',NULL,29.9624,44.7200,55,2,10,'2012-09-11 15:15:06',0.000,28,28,1,1,1,34.1463,NULL,NULL,12,NULL,NULL,NULL,NULL,NULL,0,NULL,0,1.0000,0,0),(689,'','689','',NULL,67.0000,100.0000,55,2,10,'2012-09-18 01:10:39',0.000,28,28,1,1,1,81.3008,NULL,NULL,22,NULL,NULL,NULL,NULL,NULL,0,NULL,0,1.0000,0,0),(690,'','690','',NULL,3.0485,4.5500,56,2,9,'2012-09-18 00:15:40',0.000,28,28,1,1,1,3.6585,NULL,NULL,10,NULL,NULL,NULL,NULL,NULL,0,NULL,0,1.0000,0,0),(691,'','691','',NULL,3.2696,4.8800,56,2,10,'2013-03-04 01:58:17',0.000,28,28,1,1,1,3.6585,NULL,NULL,32,NULL,NULL,NULL,NULL,NULL,0,NULL,0,1.0000,0,0),(692,'','692','',NULL,4.0870,6.1000,56,2,9,'2013-03-05 01:45:03',0.000,28,28,1,1,1,5.2846,NULL,NULL,48,NULL,NULL,NULL,NULL,NULL,0,NULL,0,1.0000,0,0),(693,'','693','',NULL,5.1748,7.7200,56,2,10,'2012-09-11 15:15:06',0.000,28,28,1,1,0,0.0000,NULL,NULL,30,NULL,NULL,NULL,NULL,NULL,0,NULL,0,1.0000,0,0),(694,'','694','',NULL,3.2696,4.8800,56,2,9,'2012-10-10 23:20:53',0.000,28,28,1,1,1,3.6585,NULL,NULL,6,NULL,NULL,NULL,NULL,NULL,0,NULL,0,1.0000,0,0),(695,'','695','',NULL,8.7167,13.0100,57,2,10,'2012-09-11 15:15:06',0.000,28,28,1,1,1,11.3821,NULL,NULL,14,NULL,NULL,NULL,NULL,NULL,0,NULL,0,1.0000,0,0),(696,'','696','',NULL,6.8072,10.1600,57,2,10,'2012-09-11 15:15:06',0.000,28,28,1,1,1,9.2683,NULL,NULL,18,NULL,NULL,NULL,NULL,NULL,0,NULL,0,1.0000,0,0),(697,'','697','',NULL,13.6211,20.3300,58,2,10,'2012-09-11 15:15:06',0.000,28,28,1,1,1,17.0732,NULL,NULL,18,NULL,NULL,NULL,NULL,NULL,0,NULL,0,1.0000,0,0),(698,'','698','',NULL,108.3993,161.7900,59,2,10,'2012-09-11 15:15:06',0.000,28,28,1,1,1,138.2114,NULL,NULL,24,NULL,NULL,NULL,NULL,NULL,0,NULL,0,1.0000,0,0),(699,'','699','',NULL,53.9268,80.4900,59,2,10,'2012-09-11 15:15:06',0.000,28,28,1,1,1,63.4146,NULL,NULL,32,NULL,NULL,NULL,NULL,NULL,0,NULL,0,1.0000,0,0),(700,'','700','',NULL,24.5176,36.5900,60,2,10,'2012-09-11 15:15:06',0.000,28,28,1,1,0,0.0000,NULL,NULL,6,NULL,NULL,NULL,NULL,NULL,0,NULL,0,1.0000,0,0),(701,'','701','',NULL,93.5521,121.9512,52,2,210,'2012-09-25 00:39:17',0.000,28,28,1,1,1,121.9512,NULL,NULL,136,NULL,NULL,NULL,NULL,NULL,0,NULL,0,1.0000,0,0),(702,'','702','',NULL,108.9431,162.6016,61,2,210,'2012-09-25 00:39:28',0.000,28,28,1,1,0,0.0000,NULL,NULL,128,NULL,NULL,NULL,NULL,NULL,0,3,0,1.0000,0,0),(703,'','703','',NULL,35.4120,52.8500,54,2,6,'2013-03-05 01:57:15',0.000,28,28,1,1,1,44.7154,NULL,NULL,48,NULL,NULL,NULL,NULL,NULL,0,NULL,0,1.0000,0,0),(704,'','704','',NULL,29.9648,44.7200,54,2,10,'2012-12-02 10:31:03',0.000,28,28,1,1,0,0.0000,NULL,NULL,30,NULL,NULL,NULL,NULL,NULL,0,NULL,0,1.0000,0,0),(705,'','705','',NULL,29.9648,187.7000,54,2,9,'2013-03-04 01:43:28',0.000,28,28,1,1,1,36.5854,NULL,NULL,244,NULL,NULL,NULL,NULL,NULL,0,NULL,0,1.0000,0,0);
DROP TABLE IF EXISTS `productattributeset`;
/*!40101 SET @saved_cs_client     = @@character_set_client */;
/*!40101 SET character_set_client = utf8 */;
CREATE TABLE `productattributeset` (
  `idproductattributeset` int(10) unsigned NOT NULL AUTO_INCREMENT,
  `productid` int(10) unsigned NOT NULL,
  `suffixtypeid` int(10) unsigned NOT NULL,
  `value` decimal(16,2) NOT NULL DEFAULT '0.00',
  `adddate` timestamp NOT NULL DEFAULT CURRENT_TIMESTAMP ON UPDATE CURRENT_TIMESTAMP,
  `stock` int(10) unsigned NOT NULL DEFAULT '0',
  `attributegroupnameid` int(10) unsigned DEFAULT NULL,
  `attributeprice` decimal(15,4) DEFAULT NULL,
  `discountprice` decimal(15,4) DEFAULT NULL,
  `symbol` varchar(128) DEFAULT NULL,
  `weight` decimal(15,3) DEFAULT '0.000',
  `status` tinyint(1) unsigned NOT NULL DEFAULT '1',
  `availablityid` int(11) unsigned DEFAULT NULL,
  `photoid` int(11) unsigned DEFAULT NULL,
  `firmesid` int(11) DEFAULT NULL,
  PRIMARY KEY (`idproductattributeset`),
  KEY `FK_productattributeset_productid` (`productid`),
  KEY `FK_productattributeset_suffixtypeid` (`suffixtypeid`),
  KEY `FK_productattributeset_attributegroupnameid` (`attributegroupnameid`),
  KEY `FK_productattributeset_availablityid` (`availablityid`),
  KEY `FK_productattributeset_photoid` (`photoid`),
  KEY `FK_productattributeset_symbol` (`symbol`),
  CONSTRAINT `FK_productattributeset_attributegroupnameid` FOREIGN KEY (`attributegroupnameid`) REFERENCES `attributegroupname` (`idattributegroupname`) ON DELETE CASCADE ON UPDATE NO ACTION,
  CONSTRAINT `FK_productattributeset_availablityid` FOREIGN KEY (`availablityid`) REFERENCES `availablity` (`idavailablity`) ON DELETE SET NULL ON UPDATE NO ACTION,
  CONSTRAINT `FK_productattributeset_photoid` FOREIGN KEY (`photoid`) REFERENCES `file` (`idfile`) ON DELETE SET NULL ON UPDATE NO ACTION,
  CONSTRAINT `FK_productattributeset_productid` FOREIGN KEY (`productid`) REFERENCES `product` (`idproduct`) ON DELETE CASCADE ON UPDATE CASCADE
) ENGINE=InnoDB AUTO_INCREMENT=158 DEFAULT CHARSET=utf8 ROW_FORMAT=DYNAMIC;
/*!40101 SET character_set_client = @saved_cs_client */;

INSERT INTO `productattributeset` (`idproductattributeset`, `productid`, `suffixtypeid`, `value`, `adddate`, `stock`, `attributegroupnameid`, `attributeprice`, `discountprice`, `symbol`, `weight`, `status`, `availablityid`, `photoid`, `firmesid`) VALUES (11,672,4,78.00,'2013-01-11 11:08:23',3,7,78.0000,78.0000,'672_11',0.000,1,NULL,NULL,NULL),(12,672,4,199.00,'2012-10-11 00:15:16',6,7,199.0000,199.0000,'672_12',0.000,1,NULL,NULL,NULL),(13,672,4,199.00,'2012-09-25 16:10:49',5,7,199.0000,199.0000,'672_13',0.000,1,NULL,NULL,NULL),(14,672,4,199.00,'2012-09-25 16:10:49',8,7,199.0000,199.0000,'672_14',0.000,1,NULL,NULL,NULL),(15,672,4,199.00,'2012-09-25 16:10:49',9,7,199.0000,199.0000,'672_15',0.000,1,NULL,NULL,NULL),(16,672,4,199.00,'2012-09-25 16:10:49',10,7,199.0000,199.0000,'672_16',0.000,1,NULL,NULL,NULL),(17,673,1,100.00,'2012-09-11 15:14:25',10,8,99.0000,99.0000,'673_17',0.000,1,NULL,NULL,NULL),(18,673,1,100.00,'2013-01-11 11:08:23',6,8,99.0000,99.0000,'673_18',0.000,1,NULL,NULL,NULL),(19,673,1,100.00,'2012-09-11 15:14:25',10,8,99.0000,99.0000,'673_19',0.000,1,NULL,NULL,NULL),(20,673,1,100.00,'2012-09-11 15:14:25',10,8,99.0000,99.0000,'673_20',0.000,1,NULL,NULL,NULL),(45,702,1,100.00,'2012-09-11 15:14:25',10,7,162.6016,NULL,'702_45',0.000,1,NULL,NULL,NULL),(46,702,1,100.00,'2012-09-11 15:14:25',10,7,162.6016,NULL,'702_46',0.000,1,NULL,NULL,NULL),(47,702,1,100.00,'2012-09-11 15:14:25',10,7,162.6016,NULL,'702_47',0.000,1,NULL,NULL,NULL),(48,702,1,100.00,'2012-09-11 15:14:25',10,7,162.6016,NULL,'702_48',0.000,1,NULL,NULL,NULL),(49,702,1,100.00,'2012-09-11 15:14:25',10,7,162.6016,NULL,'702_49',0.000,1,NULL,NULL,NULL),(50,702,1,100.00,'2012-09-11 15:14:25',10,7,162.6016,NULL,'702_50',0.000,1,NULL,NULL,NULL),(51,702,1,100.00,'2012-09-11 15:14:25',10,7,162.6016,NULL,'702_51',0.000,1,NULL,NULL,NULL),(52,702,1,100.00,'2012-09-11 15:14:25',10,7,162.6016,NULL,'702_52',0.000,1,NULL,NULL,NULL),(53,702,1,100.00,'2012-09-11 15:14:25',10,7,162.6016,NULL,'702_53',0.000,1,NULL,NULL,NULL),(54,702,1,100.00,'2012-09-11 15:14:25',10,7,162.6016,NULL,'702_54',0.000,1,NULL,NULL,NULL),(55,702,1,100.00,'2012-09-11 15:14:25',10,7,162.6016,NULL,'702_55',0.000,1,NULL,NULL,NULL),(56,702,1,100.00,'2012-09-11 15:14:25',10,7,162.6016,NULL,'702_56',0.000,1,NULL,NULL,NULL),(57,702,1,100.00,'2012-09-11 15:14:25',10,7,162.6016,NULL,'702_57',0.000,1,NULL,NULL,NULL),(58,702,1,100.00,'2012-09-11 15:14:25',10,7,162.6016,NULL,'702_58',0.000,1,NULL,NULL,NULL),(59,702,1,100.00,'2012-09-11 15:14:25',10,7,162.6016,NULL,'702_59',0.000,1,NULL,NULL,NULL),(60,702,1,100.00,'2012-09-11 15:14:25',10,7,162.6016,NULL,'702_60',0.000,1,NULL,NULL,NULL),(61,702,1,100.00,'2012-09-11 15:14:25',10,7,162.6016,NULL,'702_61',0.000,1,NULL,NULL,NULL),(62,702,1,100.00,'2012-09-11 15:14:25',10,7,162.6016,NULL,'702_62',0.000,1,NULL,NULL,NULL),(63,702,1,100.00,'2012-09-11 15:14:25',10,7,162.6016,NULL,'702_63',0.000,1,NULL,NULL,NULL),(64,702,1,100.00,'2012-09-11 15:14:25',10,7,162.6016,NULL,'702_64',0.000,1,NULL,NULL,NULL),(65,702,1,100.00,'2012-09-11 15:14:25',10,7,162.6016,NULL,'702_65',0.000,1,NULL,NULL,NULL),(66,701,1,100.00,'2012-09-11 15:18:10',10,7,121.9512,121.9512,'',0.000,1,NULL,NULL,NULL),(67,701,1,100.00,'2012-09-11 15:18:10',10,7,121.9512,121.9512,'',0.000,1,NULL,NULL,NULL),(68,701,1,100.00,'2012-09-11 15:18:10',10,7,121.9512,121.9512,'',0.000,1,NULL,NULL,NULL),(69,701,1,100.00,'2012-09-11 15:18:10',10,7,121.9512,121.9512,'',0.000,1,NULL,NULL,NULL),(70,701,1,100.00,'2012-09-11 15:18:10',10,7,121.9512,121.9512,'',0.000,1,NULL,NULL,NULL),(71,701,1,100.00,'2012-09-11 15:18:10',10,7,121.9512,121.9512,'',0.000,1,NULL,NULL,NULL),(72,701,1,100.00,'2012-09-11 15:18:10',10,7,121.9512,121.9512,'',0.000,1,NULL,NULL,NULL),(73,701,1,100.00,'2012-09-11 15:18:10',10,7,121.9512,121.9512,'',0.000,1,NULL,NULL,NULL),(74,701,1,100.00,'2012-09-11 15:18:10',10,7,121.9512,121.9512,'',0.000,1,NULL,NULL,NULL),(75,701,1,100.00,'2012-09-11 15:18:10',10,7,121.9512,121.9512,'',0.000,1,NULL,NULL,NULL),(76,701,1,100.00,'2012-09-11 15:18:10',10,7,121.9512,121.9512,'',0.000,1,NULL,NULL,NULL),(77,701,1,100.00,'2012-09-11 15:18:10',10,7,121.9512,121.9512,'',0.000,1,NULL,NULL,NULL),(78,701,1,100.00,'2012-09-11 15:18:10',10,7,121.9512,121.9512,'',0.000,1,NULL,NULL,NULL),(79,701,1,100.00,'2012-09-11 15:18:10',10,7,121.9512,121.9512,'',0.000,1,NULL,NULL,NULL),(80,701,1,100.00,'2012-09-11 15:18:10',10,7,121.9512,121.9512,'',0.000,1,NULL,NULL,NULL),(81,701,1,100.00,'2012-09-11 15:18:10',10,7,121.9512,121.9512,'',0.000,1,NULL,NULL,NULL),(82,701,1,100.00,'2012-09-11 15:18:10',10,7,121.9512,121.9512,'',0.000,1,NULL,NULL,NULL),(83,701,1,100.00,'2012-09-11 15:18:10',10,7,121.9512,121.9512,'',0.000,1,NULL,NULL,NULL),(84,701,1,100.00,'2012-09-11 15:18:10',10,7,121.9512,121.9512,'',0.000,1,NULL,NULL,NULL),(85,701,1,100.00,'2012-09-11 15:18:10',10,7,121.9512,121.9512,'',0.000,1,NULL,NULL,NULL),(86,701,1,100.00,'2012-09-11 15:18:10',10,7,121.9512,121.9512,'',0.000,1,NULL,NULL,NULL),(87,684,1,100.00,'2012-09-11 15:22:49',10,10,42.2764,42.2764,'',0.000,1,NULL,NULL,NULL),(88,684,1,100.00,'2013-01-11 10:55:04',9,10,42.2764,42.2764,'',0.000,1,NULL,NULL,NULL),(89,684,1,100.00,'2012-09-11 15:22:49',10,10,42.2764,42.2764,'',0.000,1,NULL,NULL,NULL),(90,684,1,100.00,'2012-09-11 15:22:49',10,10,42.2764,42.2764,'',0.000,1,NULL,NULL,NULL),(91,684,1,100.00,'2012-09-11 15:22:49',10,10,42.2764,42.2764,'',0.000,1,NULL,NULL,NULL),(92,684,1,100.00,'2012-09-11 15:22:49',10,10,42.2764,42.2764,'',0.000,1,NULL,NULL,NULL),(93,684,1,100.00,'2012-09-11 15:22:49',10,10,42.2764,42.2764,'',0.000,1,NULL,NULL,NULL),(94,684,1,100.00,'2012-09-11 15:22:49',10,10,42.2764,42.2764,'',0.000,1,NULL,NULL,NULL),(95,684,1,100.00,'2012-09-11 15:22:49',10,10,42.2764,42.2764,'',0.000,1,NULL,NULL,NULL),(96,684,1,100.00,'2012-09-11 15:22:49',10,10,42.2764,42.2764,'',0.000,1,NULL,NULL,NULL),(97,684,1,100.00,'2012-09-11 15:22:49',10,10,42.2764,42.2764,'',0.000,1,NULL,NULL,NULL),(98,684,1,100.00,'2012-09-11 15:22:49',10,10,42.2764,42.2764,'',0.000,1,NULL,NULL,NULL),(99,684,1,100.00,'2012-09-11 15:22:49',10,10,42.2764,42.2764,'',0.000,1,NULL,NULL,NULL),(100,684,1,100.00,'2012-09-11 15:22:49',10,10,42.2764,42.2764,'',0.000,1,NULL,NULL,NULL),(101,684,1,100.00,'2012-09-11 15:22:49',10,10,42.2764,42.2764,'',0.000,1,NULL,NULL,NULL),(102,681,1,100.00,'2012-09-11 15:22:49',10,10,45.5300,NULL,'',0.000,1,NULL,NULL,NULL),(103,681,1,100.00,'2012-09-14 10:04:46',9,10,45.5300,NULL,'',0.000,1,NULL,NULL,NULL),(104,681,1,100.00,'2012-09-11 15:22:49',10,10,45.5300,NULL,'',0.000,1,NULL,NULL,NULL),(105,681,1,100.00,'2012-09-11 15:22:49',10,10,45.5300,NULL,'',0.000,1,NULL,NULL,NULL),(106,681,1,100.00,'2012-09-11 15:22:49',10,10,45.5300,NULL,'',0.000,1,NULL,NULL,NULL),(107,681,1,100.00,'2012-09-11 15:22:49',10,10,45.5300,NULL,'',0.000,1,NULL,NULL,NULL),(108,681,1,100.00,'2012-09-11 15:22:49',10,10,45.5300,NULL,'',0.000,1,NULL,NULL,NULL),(109,681,1,100.00,'2012-09-11 15:22:49',10,10,45.5300,NULL,'',0.000,1,NULL,NULL,NULL),(110,681,1,100.00,'2012-09-11 15:22:49',10,10,45.5300,NULL,'',0.000,1,NULL,NULL,NULL),(111,681,1,100.00,'2012-09-11 15:22:49',10,10,45.5300,NULL,'',0.000,1,NULL,NULL,NULL),(112,681,1,100.00,'2012-09-11 15:22:49',10,10,45.5300,NULL,'',0.000,1,NULL,NULL,NULL),(113,681,1,100.00,'2012-09-11 15:22:49',10,10,45.5300,NULL,'',0.000,1,NULL,NULL,NULL),(114,681,1,100.00,'2012-09-11 15:22:49',10,10,45.5300,NULL,'',0.000,1,NULL,NULL,NULL),(115,681,1,100.00,'2012-09-11 15:22:49',10,10,45.5300,NULL,'',0.000,1,NULL,NULL,NULL),(116,681,1,100.00,'2012-09-11 15:22:49',10,10,45.5300,NULL,'',0.000,1,NULL,NULL,NULL),(117,680,1,100.00,'2012-09-11 15:22:49',10,10,45.5300,NULL,'',0.000,1,NULL,NULL,NULL),(118,680,1,100.00,'2012-09-11 15:22:49',10,10,45.5300,NULL,'',0.000,1,NULL,NULL,NULL),(119,680,1,100.00,'2012-09-11 15:22:49',10,10,45.5300,NULL,'',0.000,1,NULL,NULL,NULL),(120,680,1,100.00,'2012-09-11 15:22:49',10,10,45.5300,NULL,'',0.000,1,NULL,NULL,NULL),(121,680,1,100.00,'2012-09-11 15:22:49',10,10,45.5300,NULL,'',0.000,1,NULL,NULL,NULL),(122,680,1,100.00,'2012-09-11 15:22:49',10,10,45.5300,NULL,'',0.000,1,NULL,NULL,NULL),(123,680,1,100.00,'2012-09-11 15:22:49',10,10,45.5300,NULL,'',0.000,1,NULL,NULL,NULL),(124,680,1,100.00,'2012-09-11 15:22:49',10,10,45.5300,NULL,'',0.000,1,NULL,NULL,NULL),(125,680,1,100.00,'2012-09-11 15:22:49',10,10,45.5300,NULL,'',0.000,1,NULL,NULL,NULL),(126,680,1,100.00,'2012-09-11 15:22:49',10,10,45.5300,NULL,'',0.000,1,NULL,NULL,NULL),(127,680,1,100.00,'2012-09-11 15:22:49',10,10,45.5300,NULL,'',0.000,1,NULL,NULL,NULL),(128,680,1,100.00,'2012-09-11 15:22:49',10,10,45.5300,NULL,'',0.000,1,NULL,NULL,NULL),(129,680,1,100.00,'2012-09-11 15:22:49',10,10,45.5300,NULL,'',0.000,1,NULL,NULL,NULL),(130,680,1,100.00,'2012-09-11 15:22:49',10,10,45.5300,NULL,'',0.000,1,NULL,NULL,NULL),(131,680,1,100.00,'2012-09-11 15:22:49',10,10,45.5300,NULL,'',0.000,1,NULL,NULL,NULL),(132,677,1,100.00,'2012-10-11 00:51:28',8,7,63.4146,63.4146,'',0.000,1,NULL,NULL,NULL),(133,677,1,100.00,'2012-09-11 15:22:49',10,7,63.4146,63.4146,'',0.000,1,NULL,NULL,NULL),(134,677,1,100.00,'2012-09-11 15:22:49',10,7,63.4146,63.4146,'',0.000,1,NULL,NULL,NULL),(135,677,1,100.00,'2012-09-11 15:22:49',10,7,63.4146,63.4146,'',0.000,1,NULL,NULL,NULL),(136,677,1,100.00,'2012-09-11 15:22:49',10,7,63.4146,63.4146,'',0.000,1,NULL,NULL,NULL),(137,677,1,100.00,'2012-09-11 15:22:49',10,7,63.4146,63.4146,'',0.000,1,NULL,NULL,NULL),(138,677,1,100.00,'2012-09-11 15:22:49',10,7,63.4146,63.4146,'',0.000,1,NULL,NULL,NULL),(139,677,1,100.00,'2012-09-11 15:22:49',10,7,63.4146,63.4146,'',0.000,1,NULL,NULL,NULL),(140,677,1,100.00,'2012-09-11 15:22:49',10,7,63.4146,63.4146,'',0.000,1,NULL,NULL,NULL),(141,677,1,100.00,'2012-09-11 15:22:49',10,7,63.4146,63.4146,'',0.000,1,NULL,NULL,NULL),(142,677,1,100.00,'2012-09-11 15:22:49',10,7,63.4146,63.4146,'',0.000,1,NULL,NULL,NULL),(143,677,1,100.00,'2012-09-11 15:22:49',10,7,63.4146,63.4146,'',0.000,1,NULL,NULL,NULL),(144,677,1,100.00,'2012-09-11 15:22:49',10,7,63.4146,63.4146,'',0.000,1,NULL,NULL,NULL),(145,677,1,100.00,'2012-09-11 15:22:49',10,7,63.4146,63.4146,'',0.000,1,NULL,NULL,NULL),(146,677,1,100.00,'2012-09-11 15:22:49',10,7,63.4146,63.4146,'',0.000,1,NULL,NULL,NULL),(147,677,1,100.00,'2012-09-11 15:22:49',10,7,63.4146,63.4146,'',0.000,1,NULL,NULL,NULL),(148,677,1,100.00,'2012-09-11 15:22:49',10,7,63.4146,63.4146,'',0.000,1,NULL,NULL,NULL),(149,677,1,100.00,'2012-09-11 15:22:49',10,7,63.4146,63.4146,'',0.000,1,NULL,NULL,NULL),(150,677,1,100.00,'2012-09-11 15:22:49',10,7,63.4146,63.4146,'',0.000,1,NULL,NULL,NULL),(151,677,1,100.00,'2012-09-11 15:22:49',10,7,63.4146,63.4146,'',0.000,1,NULL,NULL,NULL),(152,677,1,100.00,'2012-09-11 15:22:49',10,7,63.4146,63.4146,'',0.000,1,NULL,NULL,NULL),(153,675,1,100.00,'2012-09-11 15:22:49',10,8,80.4900,NULL,'',0.000,1,NULL,NULL,NULL),(154,675,1,100.00,'2012-09-11 15:22:49',10,8,80.4900,NULL,'',0.000,1,NULL,NULL,NULL),(155,675,1,100.00,'2012-09-11 15:22:49',10,8,80.4900,NULL,'',0.000,1,NULL,NULL,NULL),(156,675,1,100.00,'2012-09-11 15:22:49',10,8,80.4900,NULL,'',0.000,1,NULL,NULL,NULL),(157,675,1,100.00,'2012-09-11 15:22:49',10,8,80.4900,NULL,'',0.000,1,NULL,NULL,NULL);
DROP TABLE IF EXISTS `productattributevalueset`;
/*!40101 SET @saved_cs_client     = @@character_set_client */;
/*!40101 SET character_set_client = utf8 */;
CREATE TABLE `productattributevalueset` (
  `idproductattributevalueset` int(10) unsigned NOT NULL AUTO_INCREMENT,
  `attributeproductvalueid` int(10) unsigned NOT NULL,
  `productattributesetid` int(10) unsigned NOT NULL,
  `adddate` timestamp NOT NULL DEFAULT CURRENT_TIMESTAMP ON UPDATE CURRENT_TIMESTAMP,
  PRIMARY KEY (`idproductattributevalueset`),
  UNIQUE KEY `UNIQUE_pavs_productattributevalueid_productattributesetid` (`attributeproductvalueid`,`productattributesetid`),
  KEY `FK_productattributevalueset_productattributesetid` (`productattributesetid`),
  CONSTRAINT `FK_productattributevalueset_attributeproductvalueid` FOREIGN KEY (`attributeproductvalueid`) REFERENCES `attributeproductvalue` (`idattributeproductvalue`) ON DELETE CASCADE ON UPDATE NO ACTION,
  CONSTRAINT `FK_productattributevalueset_productattributesetid` FOREIGN KEY (`productattributesetid`) REFERENCES `productattributeset` (`idproductattributeset`) ON DELETE CASCADE ON UPDATE NO ACTION
) ENGINE=InnoDB AUTO_INCREMENT=618 DEFAULT CHARSET=utf8 ROW_FORMAT=DYNAMIC;
/*!40101 SET character_set_client = @saved_cs_client */;

INSERT INTO `productattributevalueset` (`idproductattributevalueset`, `attributeproductvalueid`, `productattributesetid`, `adddate`) VALUES (245,30,17,'2012-08-29 23:17:35'),(246,31,18,'2012-08-29 23:17:35'),(247,32,19,'2012-08-29 23:17:35'),(248,33,20,'2012-08-29 23:17:35'),(361,2,45,'2012-08-31 13:15:16'),(362,21,45,'2012-08-31 13:15:16'),(363,3,46,'2012-08-31 13:15:16'),(364,21,46,'2012-08-31 13:15:16'),(365,28,47,'2012-08-31 13:15:16'),(366,21,47,'2012-08-31 13:15:16'),(367,2,48,'2012-08-31 13:15:16'),(368,22,48,'2012-08-31 13:15:16'),(369,3,49,'2012-08-31 13:15:16'),(370,22,49,'2012-08-31 13:15:16'),(371,28,50,'2012-08-31 13:15:16'),(372,22,50,'2012-08-31 13:15:16'),(373,2,51,'2012-08-31 13:15:16'),(374,23,51,'2012-08-31 13:15:16'),(375,3,52,'2012-08-31 13:15:16'),(376,23,52,'2012-08-31 13:15:16'),(377,28,53,'2012-08-31 13:15:16'),(378,23,53,'2012-08-31 13:15:16'),(379,2,54,'2012-08-31 13:15:16'),(380,24,54,'2012-08-31 13:15:16'),(381,3,55,'2012-08-31 13:15:16'),(382,24,55,'2012-08-31 13:15:16'),(383,28,56,'2012-08-31 13:15:16'),(384,24,56,'2012-08-31 13:15:16'),(385,2,57,'2012-08-31 13:15:16'),(386,25,57,'2012-08-31 13:15:16'),(387,3,58,'2012-08-31 13:15:16'),(388,25,58,'2012-08-31 13:15:16'),(389,28,59,'2012-08-31 13:15:16'),(390,25,59,'2012-08-31 13:15:16'),(391,2,60,'2012-08-31 13:15:16'),(392,26,60,'2012-08-31 13:15:16'),(393,3,61,'2012-08-31 13:15:16'),(394,26,61,'2012-08-31 13:15:16'),(395,28,62,'2012-08-31 13:15:16'),(396,26,62,'2012-08-31 13:15:16'),(397,2,63,'2012-08-31 13:15:16'),(398,27,63,'2012-08-31 13:15:16'),(399,3,64,'2012-08-31 13:15:16'),(400,27,64,'2012-08-31 13:15:16'),(401,28,65,'2012-08-31 13:15:16'),(402,27,65,'2012-08-31 13:15:16'),(415,21,66,'2012-09-11 15:17:37'),(416,2,66,'2012-09-11 15:17:37'),(417,21,67,'2012-09-11 15:17:37'),(418,3,67,'2012-09-11 15:17:37'),(419,21,68,'2012-09-11 15:17:37'),(420,28,68,'2012-09-11 15:17:37'),(421,22,69,'2012-09-11 15:17:37'),(422,2,69,'2012-09-11 15:17:37'),(423,22,70,'2012-09-11 15:17:37'),(424,3,70,'2012-09-11 15:17:37'),(425,22,71,'2012-09-11 15:17:37'),(426,28,71,'2012-09-11 15:17:37'),(427,23,72,'2012-09-11 15:17:37'),(428,2,72,'2012-09-11 15:17:37'),(429,23,73,'2012-09-11 15:17:37'),(430,3,73,'2012-09-11 15:17:37'),(431,23,74,'2012-09-11 15:17:37'),(432,28,74,'2012-09-11 15:17:37'),(433,24,75,'2012-09-11 15:17:37'),(434,2,75,'2012-09-11 15:17:37'),(435,24,76,'2012-09-11 15:17:37'),(436,3,76,'2012-09-11 15:17:37'),(437,24,77,'2012-09-11 15:17:37'),(438,28,77,'2012-09-11 15:17:37'),(439,25,78,'2012-09-11 15:17:37'),(440,2,78,'2012-09-11 15:17:37'),(441,25,79,'2012-09-11 15:17:37'),(442,3,79,'2012-09-11 15:17:37'),(443,25,80,'2012-09-11 15:17:37'),(444,28,80,'2012-09-11 15:17:37'),(445,26,81,'2012-09-11 15:17:37'),(446,2,81,'2012-09-11 15:17:38'),(447,26,82,'2012-09-11 15:17:38'),(448,3,82,'2012-09-11 15:17:38'),(449,26,83,'2012-09-11 15:17:38'),(450,28,83,'2012-09-11 15:17:38'),(451,27,84,'2012-09-11 15:17:38'),(452,2,84,'2012-09-11 15:17:38'),(453,27,85,'2012-09-11 15:17:38'),(454,3,85,'2012-09-11 15:17:38'),(455,27,86,'2012-09-11 15:17:38'),(456,28,86,'2012-09-11 15:17:38'),(457,2,87,'2012-09-11 15:20:24'),(458,29,87,'2012-09-11 15:20:24'),(459,2,88,'2012-09-11 15:20:24'),(460,30,88,'2012-09-11 15:20:24'),(461,2,89,'2012-09-11 15:20:24'),(462,31,89,'2012-09-11 15:20:24'),(463,2,90,'2012-09-11 15:20:24'),(464,32,90,'2012-09-11 15:20:24'),(465,2,91,'2012-09-11 15:20:24'),(466,33,91,'2012-09-11 15:20:24'),(467,3,92,'2012-09-11 15:20:24'),(468,29,92,'2012-09-11 15:20:24'),(469,3,93,'2012-09-11 15:20:24'),(470,30,93,'2012-09-11 15:20:24'),(471,3,94,'2012-09-11 15:20:24'),(472,31,94,'2012-09-11 15:20:24'),(473,3,95,'2012-09-11 15:20:24'),(474,32,95,'2012-09-11 15:20:24'),(475,3,96,'2012-09-11 15:20:24'),(476,33,96,'2012-09-11 15:20:24'),(477,28,97,'2012-09-11 15:20:24'),(478,29,97,'2012-09-11 15:20:24'),(479,28,98,'2012-09-11 15:20:24'),(480,30,98,'2012-09-11 15:20:24'),(481,28,99,'2012-09-11 15:20:24'),(482,31,99,'2012-09-11 15:20:24'),(483,28,100,'2012-09-11 15:20:24'),(484,32,100,'2012-09-11 15:20:24'),(485,28,101,'2012-09-11 15:20:24'),(486,33,101,'2012-09-11 15:20:24'),(487,2,102,'2012-09-11 15:20:56'),(488,29,102,'2012-09-11 15:20:56'),(489,2,103,'2012-09-11 15:20:56'),(490,30,103,'2012-09-11 15:20:56'),(491,2,104,'2012-09-11 15:20:56'),(492,31,104,'2012-09-11 15:20:56'),(493,2,105,'2012-09-11 15:20:56'),(494,32,105,'2012-09-11 15:20:56'),(495,2,106,'2012-09-11 15:20:56'),(496,33,106,'2012-09-11 15:20:56'),(497,3,107,'2012-09-11 15:20:56'),(498,29,107,'2012-09-11 15:20:56'),(499,3,108,'2012-09-11 15:20:56'),(500,30,108,'2012-09-11 15:20:56'),(501,3,109,'2012-09-11 15:20:56'),(502,31,109,'2012-09-11 15:20:56'),(503,3,110,'2012-09-11 15:20:56'),(504,32,110,'2012-09-11 15:20:56'),(505,3,111,'2012-09-11 15:20:56'),(506,33,111,'2012-09-11 15:20:56'),(507,28,112,'2012-09-11 15:20:56'),(508,29,112,'2012-09-11 15:20:56'),(509,28,113,'2012-09-11 15:20:56'),(510,30,113,'2012-09-11 15:20:56'),(511,28,114,'2012-09-11 15:20:56'),(512,31,114,'2012-09-11 15:20:56'),(513,28,115,'2012-09-11 15:20:56'),(514,32,115,'2012-09-11 15:20:56'),(515,28,116,'2012-09-11 15:20:56'),(516,33,116,'2012-09-11 15:20:56'),(517,2,117,'2012-09-11 15:21:23'),(518,29,117,'2012-09-11 15:21:23'),(519,2,118,'2012-09-11 15:21:23'),(520,30,118,'2012-09-11 15:21:23'),(521,2,119,'2012-09-11 15:21:23'),(522,31,119,'2012-09-11 15:21:23'),(523,2,120,'2012-09-11 15:21:24'),(524,32,120,'2012-09-11 15:21:24'),(525,2,121,'2012-09-11 15:21:24'),(526,33,121,'2012-09-11 15:21:24'),(527,3,122,'2012-09-11 15:21:24'),(528,29,122,'2012-09-11 15:21:24'),(529,3,123,'2012-09-11 15:21:24'),(530,30,123,'2012-09-11 15:21:24'),(531,3,124,'2012-09-11 15:21:24'),(532,31,124,'2012-09-11 15:21:24'),(533,3,125,'2012-09-11 15:21:24'),(534,32,125,'2012-09-11 15:21:24'),(535,3,126,'2012-09-11 15:21:24'),(536,33,126,'2012-09-11 15:21:24'),(537,28,127,'2012-09-11 15:21:24'),(538,29,127,'2012-09-11 15:21:24'),(539,28,128,'2012-09-11 15:21:24'),(540,30,128,'2012-09-11 15:21:24'),(541,28,129,'2012-09-11 15:21:24'),(542,31,129,'2012-09-11 15:21:24'),(543,28,130,'2012-09-11 15:21:24'),(544,32,130,'2012-09-11 15:21:24'),(545,28,131,'2012-09-11 15:21:24'),(546,33,131,'2012-09-11 15:21:24'),(547,21,132,'2012-09-11 15:21:55'),(548,2,132,'2012-09-11 15:21:55'),(549,21,133,'2012-09-11 15:21:55'),(550,3,133,'2012-09-11 15:21:55'),(551,21,134,'2012-09-11 15:21:55'),(552,28,134,'2012-09-11 15:21:55'),(553,22,135,'2012-09-11 15:21:55'),(554,2,135,'2012-09-11 15:21:55'),(555,22,136,'2012-09-11 15:21:55'),(556,3,136,'2012-09-11 15:21:55'),(557,22,137,'2012-09-11 15:21:55'),(558,28,137,'2012-09-11 15:21:55'),(559,23,138,'2012-09-11 15:21:55'),(560,2,138,'2012-09-11 15:21:55'),(561,23,139,'2012-09-11 15:21:55'),(562,3,139,'2012-09-11 15:21:55'),(563,23,140,'2012-09-11 15:21:55'),(564,28,140,'2012-09-11 15:21:55'),(565,24,141,'2012-09-11 15:21:55'),(566,2,141,'2012-09-11 15:21:55'),(567,24,142,'2012-09-11 15:21:55'),(568,3,142,'2012-09-11 15:21:55'),(569,24,143,'2012-09-11 15:21:55'),(570,28,143,'2012-09-11 15:21:55'),(571,25,144,'2012-09-11 15:21:55'),(572,2,144,'2012-09-11 15:21:55'),(573,25,145,'2012-09-11 15:21:55'),(574,3,145,'2012-09-11 15:21:55'),(575,25,146,'2012-09-11 15:21:55'),(576,28,146,'2012-09-11 15:21:55'),(577,26,147,'2012-09-11 15:21:55'),(578,2,147,'2012-09-11 15:21:55'),(579,26,148,'2012-09-11 15:21:55'),(580,3,148,'2012-09-11 15:21:55'),(581,26,149,'2012-09-11 15:21:55'),(582,28,149,'2012-09-11 15:21:55'),(583,27,150,'2012-09-11 15:21:55'),(584,2,150,'2012-09-11 15:21:55'),(585,27,151,'2012-09-11 15:21:55'),(586,3,151,'2012-09-11 15:21:55'),(587,27,152,'2012-09-11 15:21:55'),(588,28,152,'2012-09-11 15:21:55'),(589,29,153,'2012-09-11 15:22:19'),(590,30,154,'2012-09-11 15:22:19'),(591,31,155,'2012-09-11 15:22:19'),(592,32,156,'2012-09-11 15:22:19'),(593,33,157,'2012-09-11 15:22:19'),(606,3,11,'2012-09-25 00:13:13'),(607,25,11,'2012-09-25 00:13:13'),(608,28,12,'2012-09-25 00:13:13'),(609,25,12,'2012-09-25 00:13:13'),(610,3,13,'2012-09-25 00:13:13'),(611,26,13,'2012-09-25 00:13:13'),(612,28,14,'2012-09-25 00:13:13'),(613,26,14,'2012-09-25 00:13:13'),(614,3,15,'2012-09-25 00:13:13'),(615,27,15,'2012-09-25 00:13:13'),(616,28,16,'2012-09-25 00:13:13'),(617,27,16,'2012-09-25 00:13:13');
DROP TABLE IF EXISTS `productcategory`;
/*!40101 SET @saved_cs_client     = @@character_set_client */;
/*!40101 SET character_set_client = utf8 */;
CREATE TABLE `productcategory` (
  `idproductcategory` int(10) unsigned NOT NULL AUTO_INCREMENT,
  `productid` int(10) unsigned NOT NULL,
  `categoryid` int(10) unsigned NOT NULL,
  `adddate` timestamp NOT NULL DEFAULT CURRENT_TIMESTAMP ON UPDATE CURRENT_TIMESTAMP,
  PRIMARY KEY (`idproductcategory`),
  KEY `UNIQUE_productcategory_productid_categoryid` (`productid`,`categoryid`),
  KEY `FK_productcategory_categoryid` (`categoryid`),
  KEY `IDX_productcategory_productid_categoryid` (`productid`,`categoryid`),
  CONSTRAINT `FK_productcategory_categoryid` FOREIGN KEY (`categoryid`) REFERENCES `category` (`idcategory`) ON DELETE CASCADE ON UPDATE NO ACTION,
  CONSTRAINT `FK_productcategory_productid` FOREIGN KEY (`productid`) REFERENCES `product` (`idproduct`) ON DELETE CASCADE ON UPDATE NO ACTION
) ENGINE=InnoDB AUTO_INCREMENT=2927 DEFAULT CHARSET=utf8 ROW_FORMAT=DYNAMIC;
/*!40101 SET character_set_client = @saved_cs_client */;

INSERT INTO `productcategory` (`idproductcategory`, `productid`, `categoryid`, `adddate`) VALUES (2827,698,751,'2012-08-31 09:42:07'),(2828,699,751,'2012-08-31 09:42:07'),(2829,700,751,'2012-08-31 09:42:07'),(2896,690,750,'2013-03-05 01:28:57'),(2897,691,750,'2013-03-05 01:28:57'),(2898,692,750,'2013-03-05 01:28:57'),(2899,693,750,'2013-03-05 01:28:57'),(2900,694,750,'2013-03-05 01:28:57'),(2901,673,756,'2013-03-05 01:29:04'),(2902,674,756,'2013-03-05 01:29:04'),(2903,675,756,'2013-03-05 01:29:04'),(2904,676,756,'2013-03-05 01:29:04'),(2905,695,752,'2013-03-05 01:29:16'),(2906,696,752,'2013-03-05 01:29:16'),(2907,697,752,'2013-03-05 01:29:16'),(2908,685,753,'2013-03-05 01:29:23'),(2909,686,753,'2013-03-05 01:29:23'),(2910,687,753,'2013-03-05 01:29:23'),(2911,688,753,'2013-03-05 01:29:23'),(2912,689,753,'2013-03-05 01:29:23'),(2913,672,754,'2013-03-05 01:29:29'),(2914,677,754,'2013-03-05 01:29:29'),(2915,701,754,'2013-03-05 01:29:29'),(2916,702,754,'2013-03-05 01:29:29'),(2917,678,755,'2013-03-05 01:29:35'),(2918,679,755,'2013-03-05 01:29:35'),(2919,680,755,'2013-03-05 01:29:35'),(2920,681,755,'2013-03-05 01:29:35'),(2921,682,755,'2013-03-05 01:29:35'),(2922,683,755,'2013-03-05 01:29:35'),(2923,684,755,'2013-03-05 01:29:35'),(2924,703,755,'2013-03-05 01:29:35'),(2925,704,755,'2013-03-05 01:29:35'),(2926,705,755,'2013-03-05 01:29:35');
DROP TABLE IF EXISTS `productdeliverer`;
/*!40101 SET @saved_cs_client     = @@character_set_client */;
/*!40101 SET character_set_client = utf8 */;
CREATE TABLE `productdeliverer` (
  `idproductdeliverer` int(10) unsigned NOT NULL AUTO_INCREMENT,
  `productid` int(10) unsigned NOT NULL,
  `delivererid` int(10) unsigned NOT NULL,
  `adddate` timestamp NOT NULL DEFAULT CURRENT_TIMESTAMP ON UPDATE CURRENT_TIMESTAMP,
  PRIMARY KEY (`idproductdeliverer`),
  UNIQUE KEY `UNIQUE_productdeliverer_productid_delivererid` (`productid`,`delivererid`),
  KEY `FK_productdeliverer_delivererid` (`delivererid`),
  CONSTRAINT `FK_productdeliverer_delivererid` FOREIGN KEY (`delivererid`) REFERENCES `deliverer` (`iddeliverer`) ON DELETE CASCADE ON UPDATE CASCADE,
  CONSTRAINT `FK_productdeliverer_productid` FOREIGN KEY (`productid`) REFERENCES `product` (`idproduct`) ON DELETE CASCADE ON UPDATE CASCADE
) ENGINE=InnoDB DEFAULT CHARSET=utf8 ROW_FORMAT=DYNAMIC;
/*!40101 SET character_set_client = @saved_cs_client */;

DROP TABLE IF EXISTS `productfile`;
/*!40101 SET @saved_cs_client     = @@character_set_client */;
/*!40101 SET character_set_client = utf8 */;
CREATE TABLE `productfile` (
  `idproductfile` int(10) unsigned NOT NULL AUTO_INCREMENT,
  `productid` int(10) unsigned NOT NULL,
  `fileid` int(10) unsigned NOT NULL,
  `adddate` timestamp NOT NULL DEFAULT CURRENT_TIMESTAMP ON UPDATE CURRENT_TIMESTAMP,
  PRIMARY KEY (`idproductfile`),
  KEY `FK_productfile_fileid` (`fileid`),
  KEY `FK_productfile_productid` (`productid`),
  CONSTRAINT `FK_productfile_fileid` FOREIGN KEY (`fileid`) REFERENCES `file` (`idfile`) ON DELETE CASCADE ON UPDATE NO ACTION,
  CONSTRAINT `FK_productfile_productid` FOREIGN KEY (`productid`) REFERENCES `product` (`idproduct`) ON DELETE CASCADE ON UPDATE CASCADE
) ENGINE=InnoDB DEFAULT CHARSET=utf8;
/*!40101 SET character_set_client = @saved_cs_client */;

DROP TABLE IF EXISTS `productgroupprice`;
/*!40101 SET @saved_cs_client     = @@character_set_client */;
/*!40101 SET character_set_client = utf8 */;
CREATE TABLE `productgroupprice` (
  `idproductgroupprice` int(10) unsigned NOT NULL AUTO_INCREMENT,
  `clientgroupid` int(10) unsigned NOT NULL,
  `productid` int(10) unsigned NOT NULL,
  `groupprice` int(10) unsigned DEFAULT '0',
  `sellprice` decimal(15,4) NOT NULL,
  `promotion` int(10) unsigned DEFAULT '0',
  `discountprice` decimal(15,4) DEFAULT NULL,
  `promotionstart` date DEFAULT NULL,
  `promotionend` date DEFAULT NULL,
  PRIMARY KEY (`idproductgroupprice`),
  UNIQUE KEY `UNIQUE_productgroupprice_productid_clientgroupid` (`clientgroupid`,`productid`),
  KEY `FK_productgroupprice_productid` (`productid`),
  KEY `FK_productgroupprice_clientgroupid` (`clientgroupid`),
  CONSTRAINT `FK_productgroupprice_clientgroupid` FOREIGN KEY (`clientgroupid`) REFERENCES `clientgroup` (`idclientgroup`) ON DELETE CASCADE ON UPDATE NO ACTION,
  CONSTRAINT `FK_productgroupprice_productid` FOREIGN KEY (`productid`) REFERENCES `product` (`idproduct`) ON DELETE CASCADE ON UPDATE NO ACTION
) ENGINE=InnoDB DEFAULT CHARSET=utf8;
/*!40101 SET character_set_client = @saved_cs_client */;

DROP TABLE IF EXISTS `productnew`;
/*!40101 SET @saved_cs_client     = @@character_set_client */;
/*!40101 SET character_set_client = utf8 */;
CREATE TABLE `productnew` (
  `idproductnew` int(10) unsigned NOT NULL AUTO_INCREMENT,
  `productid` int(10) unsigned NOT NULL,
  `startdate` datetime DEFAULT NULL,
  `enddate` datetime DEFAULT NULL,
  `adddate` timestamp NOT NULL DEFAULT CURRENT_TIMESTAMP ON UPDATE CURRENT_TIMESTAMP,
  `active` int(10) unsigned DEFAULT '1',
  PRIMARY KEY (`idproductnew`),
  KEY `FK_new_productid` (`productid`),
  CONSTRAINT `FK_new_productid` FOREIGN KEY (`productid`) REFERENCES `product` (`idproduct`) ON DELETE CASCADE ON UPDATE CASCADE
) ENGINE=InnoDB AUTO_INCREMENT=319 DEFAULT CHARSET=utf8 ROW_FORMAT=DYNAMIC;
/*!40101 SET character_set_client = @saved_cs_client */;

INSERT INTO `productnew` (`idproductnew`, `productid`, `startdate`, `enddate`, `adddate`, `active`) VALUES (144,674,NULL,NULL,'2012-07-23 17:27:08',1),(173,694,NULL,NULL,'2012-07-24 10:46:56',1),(174,695,NULL,NULL,'2012-07-24 10:51:54',1),(198,703,NULL,NULL,'2012-07-25 15:11:31',1),(215,700,NULL,NULL,'2012-07-26 15:08:33',1),(216,699,NULL,NULL,'2012-07-26 15:08:56',1),(217,698,NULL,NULL,'2012-07-26 15:09:16',1),(218,697,NULL,NULL,'2012-07-26 15:11:01',1),(219,696,NULL,NULL,'2012-07-26 15:11:30',1),(220,693,NULL,NULL,'2012-07-26 15:12:19',1),(222,691,NULL,NULL,'2012-07-26 15:13:12',1),(225,687,NULL,NULL,'2012-07-26 15:15:17',1),(226,686,NULL,NULL,'2012-07-26 15:15:51',1),(233,676,NULL,NULL,'2012-07-27 15:15:44',1),(244,685,NULL,NULL,'2012-08-06 23:55:38',1),(276,690,NULL,NULL,'2012-08-30 01:32:56',1),(281,702,NULL,NULL,'2012-08-31 13:15:16',1),(284,692,NULL,NULL,'2012-08-31 15:04:49',1),(286,689,NULL,NULL,'2012-08-31 15:05:35',1),(288,678,NULL,NULL,'2012-09-02 13:46:58',1),(291,683,NULL,NULL,'2012-09-02 13:47:53',1),(293,682,NULL,NULL,'2012-09-02 13:48:44',1),(298,701,NULL,NULL,'2012-09-11 15:17:38',1),(299,684,NULL,NULL,'2012-09-11 15:20:24',1),(300,681,NULL,NULL,'2012-09-11 15:20:56',1),(301,680,NULL,NULL,'2012-09-11 15:21:24',1),(302,677,NULL,NULL,'2012-09-11 15:21:55',1),(303,675,NULL,NULL,'2012-09-11 15:22:19',1),(307,705,NULL,NULL,'2012-10-10 23:22:45',1),(311,704,NULL,NULL,'2012-10-10 23:24:30',1),(314,673,NULL,NULL,'2012-10-10 23:39:58',1),(318,679,NULL,NULL,'2012-12-16 22:12:50',1);
DROP TABLE IF EXISTS `productphoto`;
/*!40101 SET @saved_cs_client     = @@character_set_client */;
/*!40101 SET character_set_client = utf8 */;
CREATE TABLE `productphoto` (
  `idproductphoto` int(10) unsigned NOT NULL AUTO_INCREMENT,
  `productid` int(10) unsigned NOT NULL,
  `photoid` int(10) unsigned DEFAULT NULL,
  `adddate` timestamp NOT NULL DEFAULT CURRENT_TIMESTAMP ON UPDATE CURRENT_TIMESTAMP,
  `mainphoto` int(10) unsigned NOT NULL DEFAULT '1',
  `visible` int(11) NOT NULL DEFAULT '1',
  PRIMARY KEY (`idproductphoto`),
  UNIQUE KEY `UNIQUE_productphoto_productid_photoid` (`productid`,`photoid`),
  KEY `FK_productphoto_photoid` (`photoid`),
  CONSTRAINT `FK_productphoto_photoid` FOREIGN KEY (`photoid`) REFERENCES `file` (`idfile`) ON DELETE CASCADE ON UPDATE NO ACTION,
  CONSTRAINT `FK_productphoto_productid` FOREIGN KEY (`productid`) REFERENCES `product` (`idproduct`) ON DELETE CASCADE ON UPDATE CASCADE
) ENGINE=InnoDB AUTO_INCREMENT=1167 DEFAULT CHARSET=utf8 ROW_FORMAT=DYNAMIC;
/*!40101 SET character_set_client = @saved_cs_client */;

INSERT INTO `productphoto` (`idproductphoto`, `productid`, `photoid`, `adddate`, `mainphoto`, `visible`) VALUES (1089,672,1014,'2012-07-23 15:57:11',0,1),(1090,672,1015,'2012-07-23 15:57:11',0,1),(1091,672,1016,'2012-07-23 15:57:11',1,1),(1092,672,1017,'2012-07-23 15:57:11',0,1),(1093,672,1018,'2012-07-23 15:57:11',0,1),(1094,672,1019,'2012-07-23 15:57:11',0,1),(1095,673,1020,'2012-07-23 16:15:05',0,1),(1096,673,1021,'2012-07-23 16:15:05',1,1),(1097,674,1022,'2012-07-23 16:21:15',0,1),(1098,674,1023,'2012-07-23 16:21:15',1,1),(1099,674,1024,'2012-07-23 16:21:15',0,1),(1100,675,1025,'2012-07-23 16:23:58',0,1),(1101,675,1026,'2012-07-23 16:23:58',1,1),(1102,676,1027,'2012-07-23 16:27:12',1,1),(1103,676,1028,'2012-07-23 16:27:12',0,1),(1104,676,1029,'2012-07-23 16:27:12',0,1),(1110,677,1035,'2012-07-23 16:34:11',0,1),(1111,677,1036,'2012-07-23 16:34:11',1,1),(1112,677,1037,'2012-07-23 16:34:11',0,1),(1113,677,1038,'2012-07-23 16:34:11',0,1),(1114,677,1039,'2012-07-23 16:34:11',0,1),(1115,678,1040,'2012-07-23 16:41:14',1,1),(1116,679,1041,'2012-07-24 08:09:18',1,1),(1117,680,1045,'2012-07-24 08:31:20',1,1),(1118,681,1047,'2012-07-24 08:36:57',1,1),(1119,682,1048,'2012-07-24 08:39:20',1,1),(1120,683,1049,'2012-07-24 09:23:00',1,1),(1121,683,1050,'2012-07-24 09:23:00',0,1),(1122,684,1052,'2012-07-24 09:30:33',1,1),(1123,685,1054,'2012-07-24 09:43:58',1,1),(1124,686,1055,'2012-07-24 09:48:14',1,1),(1125,687,1056,'2012-07-24 09:49:29',1,1),(1126,688,1057,'2012-07-24 09:53:19',1,1),(1127,689,1058,'2012-07-24 09:56:03',1,1),(1128,690,1061,'2012-07-24 10:08:32',1,1),(1129,691,1062,'2012-07-24 10:19:11',1,1),(1130,692,1063,'2012-07-24 10:25:00',1,1),(1132,694,1069,'2012-07-24 10:46:56',1,1),(1133,695,1070,'2012-07-24 10:51:54',1,1),(1134,693,1064,'2012-07-24 10:53:41',0,1),(1135,693,1071,'2012-07-24 10:53:41',0,1),(1136,693,1072,'2012-07-24 10:53:41',1,1),(1140,699,1076,'2012-07-24 11:21:04',1,1),(1141,700,1077,'2012-07-24 11:22:44',1,1),(1142,698,1075,'2012-07-24 11:25:24',0,1),(1143,698,1078,'2012-07-24 11:25:24',1,1),(1144,697,1079,'2012-07-24 11:28:28',1,1),(1145,696,1080,'2012-07-25 13:08:43',1,1),(1146,701,1082,'2012-07-25 13:25:24',0,1),(1147,701,1083,'2012-07-25 13:25:24',0,1),(1148,701,1084,'2012-07-25 13:25:24',0,1),(1149,701,1085,'2012-07-25 13:25:24',0,1),(1150,701,1086,'2012-07-25 13:25:24',1,1),(1151,701,1087,'2012-07-25 13:25:24',0,1),(1152,702,1088,'2012-07-25 13:32:00',1,1),(1153,702,1089,'2012-07-25 13:32:00',0,1),(1154,702,1090,'2012-07-25 13:32:00',0,1),(1155,702,1091,'2012-07-25 13:32:00',0,1),(1156,702,1092,'2012-07-25 13:32:00',0,1),(1157,702,1093,'2012-07-25 13:32:00',0,1),(1158,702,1094,'2012-07-25 13:32:00',0,1),(1159,703,1095,'2012-07-25 15:06:32',1,1),(1160,704,1096,'2012-07-25 15:07:57',1,1),(1166,705,1097,'2012-08-21 02:10:36',1,1);
DROP TABLE IF EXISTS `productrange`;
/*!40101 SET @saved_cs_client     = @@character_set_client */;
/*!40101 SET character_set_client = utf8 */;
CREATE TABLE `productrange` (
  `idproductrange` int(10) unsigned NOT NULL AUTO_INCREMENT,
  `productid` int(10) unsigned NOT NULL,
  `rangetypeid` int(10) unsigned NOT NULL,
  `productreviewid` int(10) unsigned NOT NULL,
  `value` int(10) unsigned NOT NULL,
  `adddate` timestamp NOT NULL DEFAULT CURRENT_TIMESTAMP ON UPDATE CURRENT_TIMESTAMP,
  PRIMARY KEY (`idproductrange`),
  KEY `FK_productrange_productid` (`productid`),
  KEY `FK_productrange_rangetypeid` (`rangetypeid`),
  KEY `FK_productrange_productreviewid` (`productreviewid`),
  CONSTRAINT `FK_productrange_productid` FOREIGN KEY (`productid`) REFERENCES `product` (`idproduct`) ON DELETE CASCADE ON UPDATE NO ACTION,
  CONSTRAINT `FK_productrange_productreviewid` FOREIGN KEY (`productreviewid`) REFERENCES `productreview` (`idproductreview`) ON DELETE CASCADE ON UPDATE NO ACTION,
  CONSTRAINT `FK_productrange_rangetypeid` FOREIGN KEY (`rangetypeid`) REFERENCES `rangetype` (`idrangetype`) ON DELETE CASCADE ON UPDATE NO ACTION
) ENGINE=InnoDB DEFAULT CHARSET=utf8 ROW_FORMAT=DYNAMIC;
/*!40101 SET character_set_client = @saved_cs_client */;

DROP TABLE IF EXISTS `productreview`;
/*!40101 SET @saved_cs_client     = @@character_set_client */;
/*!40101 SET character_set_client = utf8 */;
CREATE TABLE `productreview` (
  `idproductreview` int(10) unsigned NOT NULL AUTO_INCREMENT,
  `productid` int(10) unsigned NOT NULL,
  `clientid` int(10) unsigned DEFAULT NULL,
  `review` text NOT NULL,
  `adddate` timestamp NOT NULL DEFAULT CURRENT_TIMESTAMP ON UPDATE CURRENT_TIMESTAMP,
  `nick` varchar(45) DEFAULT NULL,
  `viewid` int(10) unsigned DEFAULT NULL,
  `enable` int(10) DEFAULT '0',
  PRIMARY KEY (`idproductreview`),
  KEY `FK_productreview_productid` (`productid`),
  KEY `FK_productreview_clientid` (`clientid`),
  KEY `FK_productreview_viewid` (`viewid`),
  CONSTRAINT `FK_productreview_clientid` FOREIGN KEY (`clientid`) REFERENCES `client` (`idclient`) ON DELETE CASCADE ON UPDATE NO ACTION,
  CONSTRAINT `FK_productreview_productid` FOREIGN KEY (`productid`) REFERENCES `product` (`idproduct`) ON DELETE CASCADE ON UPDATE NO ACTION,
  CONSTRAINT `FK_productreview_viewid` FOREIGN KEY (`viewid`) REFERENCES `view` (`idview`) ON DELETE CASCADE ON UPDATE NO ACTION
) ENGINE=InnoDB DEFAULT CHARSET=utf8 ROW_FORMAT=DYNAMIC;
/*!40101 SET character_set_client = @saved_cs_client */;

DROP TABLE IF EXISTS `productstatus`;
/*!40101 SET @saved_cs_client     = @@character_set_client */;
/*!40101 SET character_set_client = utf8 */;
CREATE TABLE `productstatus` (
  `idproductstatus` int(10) unsigned NOT NULL AUTO_INCREMENT,
  `name` varchar(128) NOT NULL,
  `symbol` varchar(45) DEFAULT NULL,
  `adddate` timestamp NOT NULL DEFAULT CURRENT_TIMESTAMP ON UPDATE CURRENT_TIMESTAMP,
  PRIMARY KEY (`idproductstatus`),
  UNIQUE KEY `UNIQUE_productstatus_name` (`name`)
) ENGINE=InnoDB AUTO_INCREMENT=17 DEFAULT CHARSET=utf8 ROW_FORMAT=DYNAMIC;
/*!40101 SET character_set_client = @saved_cs_client */;

INSERT INTO `productstatus` (`idproductstatus`, `name`, `symbol`, `adddate`) VALUES (5,'Polecany','featured','2012-07-01 18:02:54'),(16,'Dostawa 0zł','free-delivery','2012-07-01 18:26:35');
DROP TABLE IF EXISTS `productstatuses`;
/*!40101 SET @saved_cs_client     = @@character_set_client */;
/*!40101 SET character_set_client = utf8 */;
CREATE TABLE `productstatuses` (
  `idproductstatuses` int(11) NOT NULL AUTO_INCREMENT,
  `productstatusid` int(10) unsigned NOT NULL,
  `productid` int(10) unsigned NOT NULL,
  PRIMARY KEY (`idproductstatuses`),
  KEY `FK_productstatuses_productstatusid` (`productstatusid`),
  KEY `FK_productstatuses_productid` (`productid`),
  CONSTRAINT `FK_productstatuses_productid` FOREIGN KEY (`productid`) REFERENCES `product` (`idproduct`) ON DELETE CASCADE ON UPDATE NO ACTION,
  CONSTRAINT `FK_productstatuses_productstatusid` FOREIGN KEY (`productstatusid`) REFERENCES `productstatus` (`idproductstatus`) ON DELETE CASCADE ON UPDATE NO ACTION
) ENGINE=InnoDB AUTO_INCREMENT=533 DEFAULT CHARSET=utf8;
/*!40101 SET character_set_client = @saved_cs_client */;

INSERT INTO `productstatuses` (`idproductstatuses`, `productstatusid`, `productid`) VALUES (325,5,694),(326,5,695),(352,5,703),(368,5,700),(369,5,699),(370,5,698),(371,5,697),(372,5,696),(373,16,693),(374,5,693),(376,5,691),(379,5,687),(380,5,686),(388,5,676),(400,5,685),(467,5,690),(472,5,702),(477,5,692),(481,5,689),(484,5,683),(486,5,682),(497,5,701),(498,5,684),(499,5,681),(500,5,680),(501,5,677),(502,16,675),(511,16,705),(512,5,705),(517,16,673),(518,5,673),(527,16,672),(528,5,672),(532,5,679);
DROP TABLE IF EXISTS `producttranslation`;
/*!40101 SET @saved_cs_client     = @@character_set_client */;
/*!40101 SET character_set_client = utf8 */;
CREATE TABLE `producttranslation` (
  `idproducttranslation` int(10) unsigned NOT NULL AUTO_INCREMENT,
  `productid` int(10) unsigned NOT NULL,
  `name` varchar(255) NOT NULL,
  `shortdescription` text,
  `description` text,
  `languageid` int(10) unsigned DEFAULT NULL,
  `seo` varchar(255) NOT NULL,
  `keyword_title` varchar(255) DEFAULT NULL,
  `keyword` text,
  `keyword_description` text,
  `longdescription` text,
  PRIMARY KEY (`idproducttranslation`),
  KEY `FK_producttranslation_productid` (`productid`),
  KEY `FK_producttranslation_languageid` (`languageid`),
  CONSTRAINT `FK_producttranslation_languageid` FOREIGN KEY (`languageid`) REFERENCES `language` (`idlanguage`) ON DELETE CASCADE ON UPDATE NO ACTION,
  CONSTRAINT `FK_producttranslation_productid` FOREIGN KEY (`productid`) REFERENCES `product` (`idproduct`) ON DELETE CASCADE ON UPDATE NO ACTION
) ENGINE=InnoDB AUTO_INCREMENT=1114 DEFAULT CHARSET=utf8 ROW_FORMAT=DYNAMIC;
/*!40101 SET character_set_client = @saved_cs_client */;

INSERT INTO `producttranslation` (`idproducttranslation`, `productid`, `name`, `shortdescription`, `description`, `languageid`, `seo`, `keyword_title`, `keyword`, `keyword_description`, `longdescription`) VALUES (881,674,'Czapka Etnies Stacks Starter','<p>\n	Nie tylko nowoczesny i piękny design ale przede wszystkim wygoda i perfekcyjne wykonanie. To wszystko sprawia, że czapka Stacks Starter jest prawdziwym must have dla fanów wszelkiego rodzaju sportów miejskich i skate.</p>','',1,'czapka-etnies-stacks-starter','','','',''),(926,694,'Algida Cornetto Chocolate Vanilia','<p>\n	<span style=\"color:rgb(0,0,0);font-family:\'lucida Grande\', Helvetica, Tahoma, Verdana, Arial, sans-serif;line-height:15px;text-align:justify;\">Rożek </span><strong style=\"margin:0px;padding:0px;border:0px;vertical-align:baseline;color:rgb(0,0,0);font-family:\'lucida Grande\', Helvetica, Tahoma, Verdana, Arial, sans-serif;line-height:15px;text-align:justify;\">Cornetto Algida</strong><span style=\"color:rgb(0,0,0);font-family:\'lucida Grande\', Helvetica, Tahoma, Verdana, Arial, sans-serif;line-height:15px;text-align:justify;\"> to rozpływające się w ustach </span><strong style=\"margin:0px;padding:0px;border:0px;vertical-align:baseline;color:rgb(0,0,0);font-family:\'lucida Grande\', Helvetica, Tahoma, Verdana, Arial, sans-serif;line-height:15px;text-align:justify;\">puszyste, waniliowe lody</strong><span style=\"color:rgb(0,0,0);font-family:\'lucida Grande\', Helvetica, Tahoma, Verdana, Arial, sans-serif;line-height:15px;text-align:justify;\"> z kuszącą polewą, skryte w chrupiącym wafelku. Smak wanilii i chrupiący waflek sprawią, że każdy kęs będzie dawką przyjemności. Zasmakuj przyjemności życia z rożkiem Cornetto Algida!</span></p>','',1,'algida-cornetto-chocolate-vanilia','','','',''),(927,695,'Domestos Acti - Blitz Original Koszyk','<p>\n	<strong style=\"margin:0px;padding:0px;border:0px;vertical-align:baseline;color:rgb(0,0,0);font-family:\'lucida Grande\', Helvetica, Tahoma, Verdana, Arial, sans-serif;line-height:15px;text-align:justify;\"><span style=\"margin:0px;padding:0px;border:0px;vertical-align:baseline;background-color:transparent;\">Domestos WC Acti-Blitz to linia kostek toaletowych</span></strong><span style=\"margin:0px;padding:0px;border:0px;vertical-align:baseline;color:rgb(0,0,0);font-family:\'lucida Grande\', Helvetica, Tahoma, Verdana, Arial, sans-serif;line-height:15px;text-align:justify;\">, które, co potwierdzono naukowo, jako jedyne dostępne obecnie na rynku<span style=\"margin:0px;padding:0px;border:0px;vertical-align:baseline;background-color:transparent;\"> </span><strong style=\"margin:0px;padding:0px;border:0px;vertical-align:baseline;background-color:transparent;\">zawierają  niezawodną formułę, aby pozbyć się bakterii w Twojej toalecie</strong>. Po każdym spłukaniu wody Domestos WC Acti-Blitz czyści toaletę, daje podmuch prawdziwej świeżości oraz skutecznie walczy z bakteriami pozostającymi w misce toalety. Używany w połączeniu z płynem czyszcząco-dezynfekującym Domestos 24H zapewnia komplesową dezynfekcję toalety.</span></p>','<p>\n	 </p>\n<p style=\"color:rgb(0,0,0);font-family:\'lucida Grande\', Helvetica, Tahoma, Verdana, Arial, sans-serif;line-height:15px;text-align:justify;\">\n	<strong style=\"margin:0px;padding:0px;border:0px;vertical-align:baseline;background-color:transparent;\">Kostki Domestos WC Acti-Blitz dostępne są w trzech wariantach zapachowych:</strong>                           </p>\n<ul style=\"margin:0px;padding:0px;border:0px;vertical-align:baseline;list-style:none;color:rgb(0,0,0);font-family:\'lucida Grande\', Helvetica, Tahoma, Verdana, Arial, sans-serif;line-height:15px;text-align:justify;\"><li style=\"margin:0px;padding:0px;border:0px;vertical-align:baseline;background-color:transparent;\">\n		<strong style=\"margin:0px;padding:0px;border:0px;vertical-align:baseline;background-color:transparent;\">Pine Fresh</strong> – leśnym</li>\n	<li style=\"margin:0px;padding:0px;border:0px;vertical-align:baseline;background-color:transparent;\">\n		<strong style=\"margin:0px;padding:0px;border:0px;vertical-align:baseline;background-color:transparent;\">Lemon Fresh</strong> – cytrynowym</li>\n	<li style=\"margin:0px;padding:0px;border:0px;vertical-align:baseline;background-color:transparent;\">\n		<strong style=\"margin:0px;padding:0px;border:0px;vertical-align:baseline;background-color:transparent;\">Original</strong> – prawdziwym zapachu czystości</li>\n</ul><p style=\"color:rgb(0,0,0);font-family:\'lucida Grande\', Helvetica, Tahoma, Verdana, Arial, sans-serif;line-height:15px;text-align:justify;\">\n	Produkt biobójczy – należy używać z zachowaniem szczególnych środków ostrożności. Przed użyciem należy przeczytać etykietę i ulotkę informacyjną.</p>',1,'domestos-acti-blitz-original-koszyk','','','',''),(952,703,'ELITE IV Silikon','<p>\n	Bardzo wysokie figi wyprodukowane w technologii bezszwowej. Nie odznaczają się pod ubraniem.</p>','<p>\n	ELITE IV Silikon -  bestseller na polskim rynku! Bardzo wysokie figi wyprodukowane w technologii bezszwowej. Nie odznaczają się pod ubraniem. Spłaszczą Twój brzuch, wymodelują linię talii, bioder i pośladków, abyś wyglądała wyjatkowo w każdej, nawet obcisłej kreacji! Dodatkowo dzięki paskowi silikonu umieszczonemu na wykończeniu fig - nie zsuwają się, podnosząc tym samym komfort noszenia!</p>',1,'elite-iv-silikon','','','',''),(970,700,'Adidas eau de toilette pour homme Team Force','<p>\n	Zapach dla tych, których pragną kobiety i szanują mężczyźni. Nuta głowy: cytrusy Nuta serca: zielona gruszka, jaśmin Nuta bazowa: zapachy drzewne, piżmo.</p>','<p>\n	Adidas eau de toilette pour homme to wody toaletowe dla mężczyzn pewnych siebie. Dodadzą Ci pozytywnej energii i sprawią, że wszystko będzie dla Ciebie możliwe! Szeroki wybór zapachów pozwoli Ci znaleźć ten najbardziej odpowiedni. Wody dostępne w 3 pojemnościach- 30 ml, 50 ml oraz 100 ml.</p>',1,'adidas-eau-de-toilette-pour-homme-team-force','','','',''),(971,699,'Dermika Rosarium new garden woda toaletowa','','',1,'dermika-rosarium-new-garden-woda-toaletowa','','','',''),(972,698,'Gosh Gosh Feeling zestaw zapachowy','<p>\n	Zapachy pobudzają nasze zmysły. Dzięki nim możemy zwrócić na siebie uwagę, przyciągnąć wzrok. Chcąc poczuć się atrakcyjnie, zmysłowo, szczęśliwie, zwycięsko zalecamy skorzystać z różnorodności linii zapachowych Gosh Feeling. Pełnię zapachu uzyskamy korzystając z pełnej linii kosmetyków. W takiej mgiełce zapachowej Gosh Feeling możesz ruszać na podbój świata! Do każdego nastroju i każdej sytuacji możemy wybrać odpowiednią linię zapachową z serii Gosh Feeling for women oraz Gosh Feeling for men.</p>','<p>\n	To właśnie zapachy pobudzają zmysły mężczyzn i sprawiają, że nie są w stanie się oprzeć żadnej kobiecie. Jeśli chcesz oczarować swojego mężczyznę, na randkę użyj wody toaletowej Gosh Feeling Sensual. Nałóż ja na skronie, kark, a pod wpływem ciepła Twojej skóry nuta różana zamieni się w kuszący afrodyzjak. W nucie podstawowej jest wanilia. Obudzi ona wspaniałe wspomniana z dzieciństwa i da poczucie bezpieczeństwa.</p>',1,'gosh-gosh-feeling-zestaw-zapachowy','','','',''),(973,697,'Ariel Color &amp; Style proszek do kolorowych tkanin','<p>\n	Ariel Color &amp; Style pomoże Ci właściwie zadbać o Twoje kolorowe ubrania. Kolory Twoich ubrań na dłużej pozostają żywe i intensywne. Ariel Color &amp; Style przeznaczony jest do prania tkanin kolorach i ciemnych w temperaturach od 30°C do 95°C. Rekomendujemy niskie temperatury, aby zachować jak najlepszy wygląd tkanin na dłużej.</p>\n<p>\n	 </p>','',1,'ariel-color-style-proszek-do-kolorowych-tkanin','','','',''),(974,696,'Cif Brilliance Orchidea','<p>\n	<strong style=\"margin:0px;padding:0px;border:0px;vertical-align:baseline;color:rgb(0,0,0);font-family:\'lucida Grande\', Helvetica, Tahoma, Verdana, Arial, sans-serif;line-height:15px;text-align:justify;\"><span style=\"margin:0px;padding:0px;border:0px;vertical-align:baseline;background-color:transparent;\">Cif to marka środków czyszczących, na której możesz polegać. </span></strong><span style=\"margin:0px;padding:0px;border:0px;vertical-align:baseline;color:rgb(0,0,0);font-family:\'lucida Grande\', Helvetica, Tahoma, Verdana, Arial, sans-serif;line-height:15px;text-align:justify;\">Mleczka i płyny Cif pomogą uporać się nawet z najbardziej opornym brudem w Twoim domu i poza nim, jednocześnie <strong style=\"margin:0px;padding:0px;border:0px;vertical-align:baseline;background-color:transparent;\">dbając o czyszczone powierzchnie</strong>. Dom z Cifem to piękny i zadbany dom.</span></p>','<p>\n	<strong style=\"margin:0px;padding:0px;border:0px;vertical-align:baseline;color:rgb(0,0,0);font-family:\'lucida Grande\', Helvetica, Tahoma, Verdana, Arial, sans-serif;line-height:15px;text-align:justify;\">Cif Brillance Orchidea</strong><span style=\"margin:0px;padding:0px;border:0px;vertical-align:baseline;color:rgb(0,0,0);font-family:\'lucida Grande\', Helvetica, Tahoma, Verdana, Arial, sans-serif;line-height:15px;text-align:justify;\"> to płyn do </span><strong style=\"margin:0px;padding:0px;border:0px;vertical-align:baseline;color:rgb(0,0,0);font-family:\'lucida Grande\', Helvetica, Tahoma, Verdana, Arial, sans-serif;line-height:15px;text-align:justify;\">mycia podłóg</strong><span style=\"margin:0px;padding:0px;border:0px;vertical-align:baseline;color:rgb(0,0,0);font-family:\'lucida Grande\', Helvetica, Tahoma, Verdana, Arial, sans-serif;line-height:15px;text-align:justify;\">oraz innych </span><strong style=\"margin:0px;padding:0px;border:0px;vertical-align:baseline;color:rgb(0,0,0);font-family:\'lucida Grande\', Helvetica, Tahoma, Verdana, Arial, sans-serif;line-height:15px;text-align:justify;\">gładkich powierzchni</strong><span style=\"margin:0px;padding:0px;border:0px;vertical-align:baseline;color:rgb(0,0,0);font-family:\'lucida Grande\', Helvetica, Tahoma, Verdana, Arial, sans-serif;line-height:15px;text-align:justify;\"> o pięknym zapachu orchidei. Już niewielka ilość płynu rozpuszczona w wodzie doskonale </span><strong style=\"margin:0px;padding:0px;border:0px;vertical-align:baseline;color:rgb(0,0,0);font-family:\'lucida Grande\', Helvetica, Tahoma, Verdana, Arial, sans-serif;line-height:15px;text-align:justify;\">wyczyści i odświeży</strong><span style=\"margin:0px;padding:0px;border:0px;vertical-align:baseline;color:rgb(0,0,0);font-family:\'lucida Grande\', Helvetica, Tahoma, Verdana, Arial, sans-serif;line-height:15px;text-align:justify;\"> podłogi, kafelki czy terakoty oraz nada im niepowtarzalny połysk i pozostawi przyjemny zapach. Cif Brillance sprawi, że powierzchnie w twoim domu <strong style=\"margin:0px;padding:0px;border:0px;vertical-align:baseline;background-color:transparent;\">będą </strong></span><strong style=\"margin:0px;padding:0px;border:0px;vertical-align:baseline;color:rgb(0,0,0);font-family:\'lucida Grande\', Helvetica, Tahoma, Verdana, Arial, sans-serif;line-height:15px;text-align:justify;\">piękne i czyste</strong><span style=\"margin:0px;padding:0px;border:0px;vertical-align:baseline;color:rgb(0,0,0);font-family:\'lucida Grande\', Helvetica, Tahoma, Verdana, Arial, sans-serif;line-height:15px;text-align:justify;\">.</span></p>',1,'cif-brilliance-orchidea','','','',''),(975,693,'BoboVita obiadek Makaron z kabaczkiem, kurczakiem i pomidorami po 9 miesiącu','<p>\n	<span style=\"color:rgb(0,0,0);font-family:\'lucida Grande\', Helvetica, Tahoma, Verdana, Arial, sans-serif;line-height:15px;text-align:justify;\">Obiadek przeznaczony dla dzieci po 9 miesiącu życia.</span></p>','<p>\n	 </p>\n<p style=\"color:rgb(0,0,0);font-family:\'lucida Grande\', Helvetica, Tahoma, Verdana, Arial, sans-serif;line-height:15px;text-align:justify;\">\n	- właściwe proporcje składników <br />\n	- idealna konsystencja do nauki żucia <br />\n	- bez konserwantów, sztucznych barwników i dodatków aromatycznych <br />\n	- nie zawiera mleka <br /><br /><strong style=\"margin:0px;padding:0px;border:0px;vertical-align:baseline;background-color:transparent;\">Skład:</strong> makaron (mąka z pszenicy durum, białko jaja kurzego), pomidory, woda, kabaczek, mięso z kurczaka, marchew, pasternak, sok z białych winogron, cebula, skrobia kukurydziana, skrobia z tapioki, olej rzepakowy, natka pieruszki.</p>\n<p style=\"color:rgb(0,0,0);font-family:\'lucida Grande\', Helvetica, Tahoma, Verdana, Arial, sans-serif;line-height:15px;text-align:justify;\">\n	Obiadek przeznaczony dla dzieci po 9 miesiącu życia.</p>',1,'bobovita-obiadek-makaron-z-kabaczkiem-kurczakiem-i-pomidorami-po-9-miesiacu','','','',''),(977,691,'BoboVita deser Banany z brzoskwinią i marchewką po 4 miesiącu','<p>\n	<span style=\"color:rgb(0,0,0);font-family:\'lucida Grande\', Helvetica, Tahoma, Verdana, Arial, sans-serif;line-height:15px;text-align:justify;\">BoboVita to najwyższa jakość stworzona z myślą o najmłodszych. Wykorzystywane do produkcji warzywa i owoce pochodzą z pól i sadów, gdzie rosną wyłącznie rośliny przeznaczone na posiłki dla niemowląt. Zapewnij swojemu dziecku najlepszy start w życie! Produkty BoboVita nie zawierają konserwantów.</span></p>','<p>\n	 </p>\n<p style=\"color:rgb(0,0,0);font-family:\'lucida Grande\', Helvetica, Tahoma, Verdana, Arial, sans-serif;line-height:15px;text-align:justify;\">\n	- idealnie gładka konsystencja <br />\n	- źródło błonnika <br />\n	- produkt bezglutenowy - nie zawiera mleka <br />\n	- bez konserwantów, sztucznych barwników i dodatków aromatycznych</p>\n<p style=\"color:rgb(0,0,0);font-family:\'lucida Grande\', Helvetica, Tahoma, Verdana, Arial, sans-serif;line-height:15px;text-align:justify;\">\n	<strong style=\"margin:0px;padding:0px;border:0px;vertical-align:baseline;background-color:transparent;\">Skład:</strong> sok z białych winogron, banany, brzoskwinie, marchew, woda, skrobia kukurydziana, zagęszczony sok cytrynowy, witamina C (kwas L-askorbinowy)</p>\n<p style=\"color:rgb(0,0,0);font-family:\'lucida Grande\', Helvetica, Tahoma, Verdana, Arial, sans-serif;line-height:15px;text-align:justify;\">\n	<strong style=\"margin:0px;padding:0px;border:0px;vertical-align:baseline;background-color:transparent;\">Czy wiesz, że..?</strong> Naturalnie słodki i łagodny smak marchewki łączy się idealnie ze smakiem owoców. Dlatego deserki owocowo-warzywne są tak delikatne i pyszne!</p>\n<p style=\"color:rgb(0,0,0);font-family:\'lucida Grande\', Helvetica, Tahoma, Verdana, Arial, sans-serif;line-height:15px;text-align:justify;\">\n	Deser dla dzieci po 4 miesiącu życia.</p>',1,'bobovita-deser-banany-z-brzoskwinia-i-marchewka-po-4-miesiacu','','','',''),(980,688,'100 sposobów na bezpieczeństwo Sieci','<p>\n	<b style=\"margin:0px;padding:0px;border:0px;vertical-align:baseline;color:rgb(0,0,0);font-family:\'lucida Grande\', Helvetica, Tahoma, Verdana, Arial, sans-serif;line-height:15px;text-align:justify;\">Zbiór porad dla wszystkich, którzy chcą zabezpieczyć swój komputer</b></p>\n<ul style=\"margin:0px;padding:0px;border:0px;vertical-align:baseline;list-style:none;color:rgb(0,0,0);font-family:\'lucida Grande\', Helvetica, Tahoma, Verdana, Arial, sans-serif;line-height:15px;text-align:justify;\"><li style=\"margin:0px;padding:0px;border:0px;vertical-align:baseline;background-color:transparent;\">\n		Zainstaluj systemy wykrywania włamań</li>\n	<li style=\"margin:0px;padding:0px;border:0px;vertical-align:baseline;background-color:transparent;\">\n		Zabezpiecz pocztę elektroniczną</li>\n	<li style=\"margin:0px;padding:0px;border:0px;vertical-align:baseline;background-color:transparent;\">\n		Ochroń swój system operacyjny</li>\n</ul>','<p>\n	 </p>\n<p style=\"color:rgb(0,0,0);font-family:\'lucida Grande\', Helvetica, Tahoma, Verdana, Arial, sans-serif;line-height:15px;text-align:justify;\">\n	Internet, mimo wielu zalet, niesie za sobą zagrożenie -- wielu ludzi wykorzystuje go do działalności niezgodnej z prawem. Każdego dnia krakerzy włamują się do niezabezpieczonych komputerów, zamieniając je w przekaźniki spamu lub wykorzystując jako narzędzia do ataków blokady usług, ukrywając za ich pomocą swoją tożsamość.</p>\n<p style=\"color:rgb(0,0,0);font-family:\'lucida Grande\', Helvetica, Tahoma, Verdana, Arial, sans-serif;line-height:15px;text-align:justify;\">\n	\"100 sposobów na bezpieczeństwo Sieci\" to zbiór porad, dzięki którym zabezpieczysz swój komputer przed atakami sieciowych napastników. Każdy z przykładów został przetestowany w praktyce przez specjalistów zajmujących się na co dzień ochroną danych i systemów. Dzięki nim ochronisz komputer przed najbardziej wyrafinowanymi i przebiegłymi atakami.</p>\n<ul style=\"margin:0px;padding:0px;border:0px;vertical-align:baseline;list-style:none;color:rgb(0,0,0);font-family:\'lucida Grande\', Helvetica, Tahoma, Verdana, Arial, sans-serif;line-height:15px;text-align:justify;\"><li style=\"margin:0px;padding:0px;border:0px;vertical-align:baseline;background-color:transparent;\">\n		Bezpieczeństwo systemu Windows -- poprawki, zabezpieczanie portów i dzienników zdarzeń</li>\n	<li style=\"margin:0px;padding:0px;border:0px;vertical-align:baseline;background-color:transparent;\">\n		Bezpieczeństwo systemu Unix -- zabezpieczanie usług i plików</li>\n	<li style=\"margin:0px;padding:0px;border:0px;vertical-align:baseline;background-color:transparent;\">\n		Zabezpieczanie Sieci -- korzystanie z zapór ogniowych, certyfikatów i szyfrowania</li>\n	<li style=\"margin:0px;padding:0px;border:0px;vertical-align:baseline;background-color:transparent;\">\n		Rejestrowanie zdarzeń i monitorowanie Sieci</li>\n	<li style=\"margin:0px;padding:0px;border:0px;vertical-align:baseline;background-color:transparent;\">\n		Metody wykrywania włamań i reagowanie na ataki</li>\n</ul><p style=\"color:rgb(0,0,0);font-family:\'lucida Grande\', Helvetica, Tahoma, Verdana, Arial, sans-serif;line-height:15px;text-align:justify;\">\n	\"100 sposób na bezpieczeństwo Sieci\" to książka przydatna każdemu użytkownikowi internetu. Dzięki niej, oszczędzając czas, zaimplementujesz sprawdzone i skuteczne mechanizmy zabezpieczeń.</p>',1,'100-sposobow-na-bezpieczenstwo-sieci','','','',''),(981,687,'100 sposobów na Linux Server. Wskazówki i narzędzia dotyczące integracji, monitorowania i rozwiązywania problemów','<p>\n	<span style=\"color:rgb(0,0,0);font-family:\'lucida Grande\', Helvetica, Tahoma, Verdana, Arial, sans-serif;line-height:15px;text-align:justify;\">Linux zdobywa coraz większą popularność. Wszędzie, gdzie mamy do czynienia z zarządzaniem sieciami komputerowymi, bezpieczeństwem danych czy potrzebą nieprzerwanej, stabilnej pracy systemu, bardzo często będziemy mieli do czynienia z serwerem linuksowym.</span></p>','<p>\n	 </p>\n<p style=\"color:rgb(0,0,0);font-family:\'lucida Grande\', Helvetica, Tahoma, Verdana, Arial, sans-serif;line-height:15px;text-align:justify;\">\n	Linux zdobywa coraz większą popularność. Wszędzie, gdzie mamy do czynienia z zarządzaniem sieciami komputerowymi, bezpieczeństwem danych czy potrzebą nieprzerwanej, stabilnej pracy systemu, bardzo często będziemy mieli do czynienia z serwerem linuksowym. System Linux nieustannie rzuca wyzwanie największym producentom oprogramowania i stanowi bardzo poważną alternatywę wobec konkurencyjnych rozwiązań.</p>\n<p style=\"color:rgb(0,0,0);font-family:\'lucida Grande\', Helvetica, Tahoma, Verdana, Arial, sans-serif;line-height:15px;text-align:justify;\">\n	Autorzy książki \"100 sposobów na Linux Server. Wskazówki i narzędzia dotyczące integracji, monitorowania i rozwiązywania problemów\" przedstawiają ogrom praktycznej wiedzy z zakresu administracji serwerem Linux. Obaj pracowali jako administratorzy systemów, zatem doskonale wiedzą, z jakimi problemami spotykają się na co dzień użytkownicy Linuksa. Dzięki poradom zawartym w książce nawet zaawansowani użytkownicy odkryją wiele nowych sposobów usprawniających ich pracę. W przejrzystej formie przedstawiono instrukcje opisujące krok po kroku rozwiązania, dzięki którym Twój system będzie wydajny, bezpieczny i użyteczny. Wszystko krótko i na temat!</p>\n<p style=\"color:rgb(0,0,0);font-family:\'lucida Grande\', Helvetica, Tahoma, Verdana, Arial, sans-serif;line-height:15px;text-align:justify;\">\n	W książce znajdziesz między innymi:</p>\n<ul style=\"margin:0px;padding:0px;border:0px;vertical-align:baseline;list-style:none;color:rgb(0,0,0);font-family:\'lucida Grande\', Helvetica, Tahoma, Verdana, Arial, sans-serif;line-height:15px;text-align:justify;\"><li style=\"margin:0px;padding:0px;border:0px;vertical-align:baseline;background-color:transparent;\">\n		Kontrolowanie procesu uwierzytelniania w Linuksie</li>\n	<li style=\"margin:0px;padding:0px;border:0px;vertical-align:baseline;background-color:transparent;\">\n		Administrowanie pamięcią masową w sieci z użyciem kwot dyskowych, klonowania, snapshotów i systemów RAID</li>\n	<li style=\"margin:0px;padding:0px;border:0px;vertical-align:baseline;background-color:transparent;\">\n		Instalacja i konfiguracja serwera Kerberos</li>\n	<li style=\"margin:0px;padding:0px;border:0px;vertical-align:baseline;background-color:transparent;\">\n		Podłączanie graficznego interfejsu użytkownika do zdalnych systemów</li>\n	<li style=\"margin:0px;padding:0px;border:0px;vertical-align:baseline;background-color:transparent;\">\n		Odzyskiwanie danych z uszkodzonych systemów plików</li>\n</ul>',1,'100-sposobow-na-linux-server-wskazowki-i-narzedzia-dotyczace-integracji-monitorowania-i-rozwiazywania-problemow','','','',''),(982,686,'ABC fotografii cyfrowej','<p>\n	<span style=\"color:rgb(0,0,0);font-family:\'lucida Grande\', Helvetica, Tahoma, Verdana, Arial, sans-serif;line-height:15px;text-align:justify;\">Fotografia cyfrowa to rewelacja. Możliwości pstrykania tysięcy zdjęć bez martwienia się o koszty obróbki filmów i zamawiania \"po jednym z udanych\" spowodowały, że liczba amatorów robienia zdjęć gwałtownie wzrosła.</span></p>','<p>\n	 </p>\n<p style=\"color:rgb(0,0,0);font-family:\'lucida Grande\', Helvetica, Tahoma, Verdana, Arial, sans-serif;line-height:15px;text-align:justify;\">\n	Fotografia cyfrowa to rewelacja. Możliwości pstrykania tysięcy zdjęć bez martwienia się o koszty obróbki filmów i zamawiania \"po jednym z udanych\" spowodowały, że liczba amatorów robienia zdjęć gwałtownie wzrosła. Niestety, równocześnie nie wzrósł poziom wiedzy o fotografowaniu. Dzieci z czerwonymi oczami, zdjęcia lasu z widoczną w rogu figurką babci, linia horyzontu przebiegająca po przekątnej, zdjęcia na których widać jedynie nogi uwiecznionej postaci -- oto tylko niektóre przykłady \"dzieł\" autorstwa tych, którym wydaje się, że odpowiednio drogi sprzęt sam zrobi zdjęcie, a jakikolwiek inny przycisk lub pokrętło poza spustem migawki to coś, czego lepiej nie ruszać, bo można zepsuć aparat. Na pewno nie chcesz, aby zaliczano Cię do tej grupy \"fotografów\".</p>\n<p style=\"color:rgb(0,0,0);font-family:\'lucida Grande\', Helvetica, Tahoma, Verdana, Arial, sans-serif;line-height:15px;text-align:justify;\">\n	Wiadomości zawarte w niniejszej książce to gwarancja tego, że nigdy nie będziesz wstydził się wykonanych przez siebie zdjęć. Poznasz tutaj rodzaje aparatów cyfrowych, dowiesz się, jak są skonstruowane i do czego służą poszczególne elementy regulacyjne. Nauczysz się korzystać z programów tematycznych i samodzielnie dobierać parametry ekspozycji. Poznasz zasady komponowania ujęć i fotografowania różnych obiektów. Dowiesz się, w jaki sposób obrabiać fotografie cyfrowe i jak je drukować.</p>\n<p>\n	<span style=\"color:rgb(0,0,0);font-family:\'lucida Grande\', Helvetica, Tahoma, Verdana, Arial, sans-serif;line-height:15px;text-align:justify;\">Poruszane w tekście zagadnienia to:</span></p>\n<ul style=\"margin:0px;padding:0px;border:0px;vertical-align:baseline;list-style:none;color:rgb(0,0,0);font-family:\'lucida Grande\', Helvetica, Tahoma, Verdana, Arial, sans-serif;line-height:15px;text-align:justify;\"><li style=\"margin:0px;padding:0px;border:0px;vertical-align:baseline;background-color:transparent;\">\n		Podstawowe wiadomości o aparatach cyfrowych.</li>\n	<li style=\"margin:0px;padding:0px;border:0px;vertical-align:baseline;background-color:transparent;\">\n		Wykorzystywanie możliwości sprzętu.</li>\n	<li style=\"margin:0px;padding:0px;border:0px;vertical-align:baseline;background-color:transparent;\">\n		Reguły kompozycji zdjęć.</li>\n	<li style=\"margin:0px;padding:0px;border:0px;vertical-align:baseline;background-color:transparent;\">\n		Ekspozycja -- światło naturalne i lampa błyskowa.</li>\n	<li style=\"margin:0px;padding:0px;border:0px;vertical-align:baseline;background-color:transparent;\">\n		Fotografowanie natury, ludzi i architektury.</li>\n	<li style=\"margin:0px;padding:0px;border:0px;vertical-align:baseline;background-color:transparent;\">\n		Prostowanie i kadrowanie zdjęć cyfrowych.</li>\n	<li style=\"margin:0px;padding:0px;border:0px;vertical-align:baseline;background-color:transparent;\">\n		Korekcja kolorystyki i błędnego naświetlenia.</li>\n	<li style=\"margin:0px;padding:0px;border:0px;vertical-align:baseline;background-color:transparent;\">\n		Retuszowanie portretów.</li>\n	<li style=\"margin:0px;padding:0px;border:0px;vertical-align:baseline;background-color:transparent;\">\n		Drukowanie zdjęć.</li>\n</ul><p>\n	<span style=\"color:rgb(0,0,0);font-family:\'lucida Grande\', Helvetica, Tahoma, Verdana, Arial, sans-serif;line-height:15px;text-align:justify;\">Chcesz fotografować z głową? Tutaj znajdziesz wszystkie informacje, które są do tego niezbędne</span></p>',1,'abc-fotografii-cyfrowej','','','',''),(989,676,'Czapka Etnies Chevy','<p>\n	Klasyczna pozycja dla skaterów. Wyrazisty wzór podkreśla charakter użytkownika. W tej czapce zostaniesz zapamiętany na długo.</p>','',1,'czapka-etnies-chevy','','','',''),(1001,685,'ActionScript. Przewodnik encyklopedyczny','<p>\r\n	<span style=\"color:rgb(0,0,0);font-family:\'lucida Grande\', Helvetica, Tahoma, Verdana, Arial, sans-serif;line-height:15px;text-align:justify;\">Flash jest już standardem dla sieciowych multimediów, dostępnych dla ponad 250 milionów użytkowników na całym świecie. Książka \"ActionScript.</span></p>','<p>\r\n	<span style=\"color:rgb(0,0,0);font-family:\'lucida Grande\', Helvetica, Tahoma, Verdana, Arial, sans-serif;line-height:15px;text-align:justify;\">Flash jest już standardem dla sieciowych multimediów, dostępnych dla ponad 250 milionów użytkowników na całym świecie. Książka \"ActionScript. Przewodnik encyklopedyczny\" to pełna dokumentacja języka ActionScript -- zorientowanego obiektowo języka programowania, będącego podstawowym narzędziem tworzenia zaawansowanych witryn internetowych dla programistów Flasha. Jest kierowana zarówno do projektantów i grafików, którzy dopiero uczą się programowania, jak i do programistów JavaScript, którzy chcą przenieść swoje umiejętności na język ActionScript (oba te języki opierają się na tym samym standardzie ECMAScript).</span></p>\r\n<p style=\"color:rgb(0,0,0);font-family:\'lucida Grande\', Helvetica, Tahoma, Verdana, Arial, sans-serif;line-height:15px;text-align:justify;\">\r\n	Colin Moock nieraz już dowiódł umiejętności przekazywania swojej szerokiej wiedzy w praktyczny i przystępny sposób. W pełni zasłużył sobie na uznanie, jakim darzą go użytkownicy Flasha.</p>\r\n<p style=\"color:rgb(0,0,0);font-family:\'lucida Grande\', Helvetica, Tahoma, Verdana, Arial, sans-serif;line-height:15px;text-align:justify;\">\r\n	W pierwszej części książki opisano podstawowe zagadnienia programistyczne (zmienne, typy danych, operatory, wyrażenia, funkcje, zdarzenia, tablice i obiekty), poświęcając dużo uwagi ich wykorzystaniu, szczególnie w obróbce klipów filmowych. Druga część jest poświęcona typowym zastosowaniom ActionScriptu, takim jak przetwarzanie formularzy sieciowych. Trzecia część, stanowiąca leksykon języka, zawiera opis zmiennych globalnych, właściwości, metod, detektorów zdarzeń i obiektów wraz z przykładami ich użycia.</p>\r\n<p style=\"color:rgb(0,0,0);font-family:\'lucida Grande\', Helvetica, Tahoma, Verdana, Arial, sans-serif;line-height:15px;text-align:justify;\">\r\n	Korzystając z tej książki szybko opanujesz język ActionScript. Prócz teorii znajdziesz tu praktyczne wskazówki i przykłady prezentujące tworzenie pól tekstowych, przycisków menu, quizów, witryn opartych o dokumenty XML, gier, w których obowiązują zasady praw fizyki, środowisk dla wielu użytkowników działających w czasie rzeczywistym i wielu innych. Skrupulatne opisy poruszają wiele nieudokumentowanych lub niezbadanych dotychczas tematów.</p>\r\n<p style=\"color:rgb(0,0,0);font-family:\'lucida Grande\', Helvetica, Tahoma, Verdana, Arial, sans-serif;line-height:15px;text-align:justify;\">\r\n	\"Najlepsza książka o języku ActionScript, jaką widziałem. Trudno znaleźć gdzie indziej więcej informacji na temat tego języka\". -- Slavik Lozben, główny inżynier Flasha w firmie Macromedia</p>\r\n<p style=\"color:rgb(0,0,0);font-family:\'lucida Grande\', Helvetica, Tahoma, Verdana, Arial, sans-serif;line-height:15px;text-align:justify;\">\r\n	\"Colin Moock napisał najbardziej miarodajną z wszystkich publikacji na temat tworzenia skryptów we Flashu. Nigdzie indziej nie sposób znaleźć opisu języka ActionScript tak wyczerpującego, praktycznego i dokładnego -- Jeremy Clark, kierownik produkcji programu Macromedia Flash</p>',1,'actionscript-przewodnik-encyklopedyczny','','','',''),(1059,690,'BoboVita Dwupak zupa - Rosół z kurczakiem po 9 miesiącu','<p>\r\n	<span style=\"color:rgb(0,0,0);font-family:\'lucida Grande\', Helvetica, Tahoma, Verdana, Arial, sans-serif;line-height:15px;text-align:justify;\">Białe mięsa - np. kurczaka i indyka, są bardzo delikatne w smaku, a mięso czerwone jest naturalnie intensywniejsze. Dlatego BoboVita proponuje zupy z dodatkiem różnorodnych mięs.</span></p>','<p>\r\n	 </p>\r\n<p style=\"color:rgb(0,0,0);font-family:\'lucida Grande\', Helvetica, Tahoma, Verdana, Arial, sans-serif;line-height:15px;text-align:justify;\">\r\n	<strong style=\"margin:0px;padding:0px;border:0px;vertical-align:baseline;background-color:transparent;\">Warto, by obiad składał się z dwóch dań: zupy i drugiego dania. Dlatego BoboVita obok pysznych obiadków proponuje także bogaty wybór zup Na pierwsze danie, które możesz stopniowo wprowadzać jako doskonały początek obiadu Twojego dziecka. Ich smak i konsystencja przypomina ulubione zupy domowe, a powstały ze sprawdzonych i starannie wybranych warzyw, mięsa oraz ziemniaków lub zbóż.</strong></p>\r\n<p style=\"color:rgb(0,0,0);font-family:\'lucida Grande\', Helvetica, Tahoma, Verdana, Arial, sans-serif;line-height:15px;text-align:justify;\">\r\n	- właściwe proporcje składników <br />\r\n	- idealna konsystencja do nauki żucia <br />\r\n	- bez konserwantów, sztucznych barwników i dodatków aromatycznych <br />\r\n	- nie zawiera mleka</p>\r\n<p style=\"color:rgb(0,0,0);font-family:\'lucida Grande\', Helvetica, Tahoma, Verdana, Arial, sans-serif;line-height:15px;text-align:justify;\">\r\n	<strong style=\"margin:0px;padding:0px;border:0px;vertical-align:baseline;background-color:transparent;\">Skład:</strong> woda, mięso z kurczaka, marchew, makaron (pszenica, białko jaja kurzego), seler, pietruszka, skrobia kukurydziana, por, cebula, olej rzepakowy, natka pietruszki, czarny pieprz.</p>\r\n<p style=\"color:rgb(0,0,0);font-family:\'lucida Grande\', Helvetica, Tahoma, Verdana, Arial, sans-serif;line-height:15px;text-align:justify;\">\r\n	<strong style=\"margin:0px;padding:0px;border:0px;vertical-align:baseline;background-color:transparent;\">Czy wiesz, że...?</strong> Białe mięsa - np. kurczaka i indyka, są bardzo delikatne w smaku, a mięso czerwone jest naturalnie intensywniejsze. Dlatego BoboVita proponuje zupy z dodatkiem różnorodnych mięs.</p>\r\n<p style=\"color:rgb(0,0,0);font-family:\'lucida Grande\', Helvetica, Tahoma, Verdana, Arial, sans-serif;line-height:15px;text-align:justify;\">\r\n	Zupka przeznaczona dla dzieci po 9 miesiącu życia.</p>',1,'bobovita-dwupak-zupa-rosol-z-kurczakiem-po-9-miesiacu','','','',''),(1064,702,'Emerica Westgate','<p>\r\n	Wulkanizowana guma daje maksimum przyczepności i dużą odporność na ścieranie. To są buty prawdziwie przeznaczone do zadań specjalnych!</p>','',1,'emerica-westgate','','','',''),(1067,692,'Bebiko 2R po 6 miesiącu','<p>\r\n	Białe mięsa - np. kurczaka i indyka, są bardzo delikatne w smaku, a mięso czerwone jest naturalnie intensywniejsze. Dlatego BoboVita proponuje zupy z dodatkiem różnorodnych mięs.</p>','',1,'bebiko-2r-po-6-miesiacu','','','',''),(1069,689,'.NET CLR. Księga eksperta','<p>\r\n	 </p>\r\n<ul style=\"padding:0px;margin:0px;border:0px;vertical-align:baseline;list-style:none;color:rgb(0,0,0);font-family:\'lucida Grande\', Helvetica, Tahoma, Verdana, Arial, sans-serif;line-height:15px;text-align:justify;\"><li style=\"margin:0px;padding:0px;border:0px;vertical-align:baseline;background-color:transparent;\">\r\n		Poznaj działanie Common Language Runtime -- podstawowego składnika platformy .NET</li>\r\n	<li style=\"margin:0px;padding:0px;border:0px;vertical-align:baseline;background-color:transparent;\">\r\n		Wykorzystując CLR pisz aplikacje .NET szybciej i wdrażaj je łatwiej</li>\r\n	<li style=\"margin:0px;padding:0px;border:0px;vertical-align:baseline;background-color:transparent;\">\r\n		Poznaj i wykorzystaj wewnętrzne mechanizmy działania platformy .NET</li>\r\n</ul>','<p>\r\n	 </p>\r\n<ul style=\"margin:0px;padding:0px;border:0px;vertical-align:baseline;list-style:none;color:rgb(0,0,0);font-family:\'lucida Grande\', Helvetica, Tahoma, Verdana, Arial, sans-serif;line-height:15px;text-align:justify;\"><li style=\"margin:0px;padding:0px;border:0px;vertical-align:baseline;background-color:transparent;\">\r\n		Poznaj działanie Common Language Runtime -- podstawowego składnika platformy .NET</li>\r\n	<li style=\"margin:0px;padding:0px;border:0px;vertical-align:baseline;background-color:transparent;\">\r\n		Wykorzystując CLR pisz aplikacje .NET szybciej i wdrażaj je łatwiej</li>\r\n	<li style=\"margin:0px;padding:0px;border:0px;vertical-align:baseline;background-color:transparent;\">\r\n		Poznaj i wykorzystaj wewnętrzne mechanizmy działania platformy .NET</li>\r\n	<li style=\"margin:0px;padding:0px;border:0px;vertical-align:baseline;background-color:transparent;\">\r\n		Skorzystaj z zaawansowanych technik wykrywania i usuwania usterek w aplikacjach</li>\r\n</ul><p>\r\n	<span style=\"color:rgb(0,0,0);font-family:\'lucida Grande\', Helvetica, Tahoma, Verdana, Arial, sans-serif;line-height:15px;text-align:justify;\">\".NET CLR. Księga eksperta\" to całościowe opracowanie poświęcone głównemu składnikowi platformy .NET Microsoftu, jakim jest Common Language Runtime. CLR pozwala na korzystanie z dowolnych języków programowania zgodnych z .NET udostępniając im wspólne usługi. Niezależnie od tego, czy uruchamiasz kod napisany w VB, C#, zarządzanym C++, JScripcie czy też w dowolnym innym obsługiwanym przez platformę .NET języku -- wykorzystywane są funkcje i usługi CLR.</span></p>\r\n<p style=\"color:rgb(0,0,0);font-family:\'lucida Grande\', Helvetica, Tahoma, Verdana, Arial, sans-serif;line-height:15px;text-align:justify;\">\r\n	Tematy poruszone w książce obejmują m.in.:</p>\r\n<ul style=\"margin:0px;padding:0px;border:0px;vertical-align:baseline;list-style:none;color:rgb(0,0,0);font-family:\'lucida Grande\', Helvetica, Tahoma, Verdana, Arial, sans-serif;line-height:15px;text-align:justify;\"><li style=\"margin:0px;padding:0px;border:0px;vertical-align:baseline;background-color:transparent;\">\r\n		Typy .NET i Common Type System (CTS)</li>\r\n	<li style=\"margin:0px;padding:0px;border:0px;vertical-align:baseline;background-color:transparent;\">\r\n		Strukturę i układ metadanych podzespołu .NET</li>\r\n	<li style=\"margin:0px;padding:0px;border:0px;vertical-align:baseline;background-color:transparent;\">\r\n		Współpracę COM i COM+ z komponentami .NET</li>\r\n	<li style=\"margin:0px;padding:0px;border:0px;vertical-align:baseline;background-color:transparent;\">\r\n		Integrację z bibliotekami Win32 DLL poprzez P/Invoke</li>\r\n	<li style=\"margin:0px;padding:0px;border:0px;vertical-align:baseline;background-color:transparent;\">\r\n		Zarządzanie pamięcią i zasobami w CLR</li>\r\n	<li style=\"margin:0px;padding:0px;border:0px;vertical-align:baseline;background-color:transparent;\">\r\n		Zarządzanie i użycie wątków w środowisku .NET</li>\r\n	<li style=\"margin:0px;padding:0px;border:0px;vertical-align:baseline;background-color:transparent;\">\r\n		Tworzenie wydajnych aplikacji do obsługi sieci równorzędnych</li>\r\n	<li style=\"margin:0px;padding:0px;border:0px;vertical-align:baseline;background-color:transparent;\">\r\n		Tworzenie rozproszonych aplikacji</li>\r\n	<li style=\"margin:0px;padding:0px;border:0px;vertical-align:baseline;background-color:transparent;\">\r\n		Interakcje aplikacji poprzez zdarzenia i delegaty</li>\r\n	<li style=\"margin:0px;padding:0px;border:0px;vertical-align:baseline;background-color:transparent;\">\r\n		Obsługę błędów w .NET przy użyciu wyjątków</li>\r\n	<li style=\"margin:0px;padding:0px;border:0px;vertical-align:baseline;background-color:transparent;\">\r\n		Tworzenie i obsługę bezpiecznych aplikacji dzięki zabezpieczeniom .NET</li>\r\n	<li style=\"margin:0px;padding:0px;border:0px;vertical-align:baseline;background-color:transparent;\">\r\n		Dynamiczne uzyskiwanie informacji o typach poprzez refleksję</li>\r\n	<li style=\"margin:0px;padding:0px;border:0px;vertical-align:baseline;background-color:transparent;\">\r\n		Użycie narzędzi do globalizacji i lokalizacji</li>\r\n	<li style=\"margin:0px;padding:0px;border:0px;vertical-align:baseline;background-color:transparent;\">\r\n		Usuwanie błędów aplikacji .NET</li>\r\n	<li style=\"margin:0px;padding:0px;border:0px;vertical-align:baseline;background-color:transparent;\">\r\n		Profilowanie aplikacji .NET</li>\r\n	<li style=\"margin:0px;padding:0px;border:0px;vertical-align:baseline;background-color:transparent;\">\r\n		Omówienie składni C# i najważniejszych kwestii związanych z tym językiem</li>\r\n	<li style=\"margin:0px;padding:0px;border:0px;vertical-align:baseline;background-color:transparent;\">\r\n		Przegląd bibliotek struktury .NET</li>\r\n	<li style=\"margin:0px;padding:0px;border:0px;vertical-align:baseline;background-color:transparent;\">\r\n		Tworzenie własnego hosta CLR</li>\r\n	<li style=\"margin:0px;padding:0px;border:0px;vertical-align:baseline;background-color:transparent;\">\r\n		Porównanie CLR i JVM</li>\r\n</ul><p>\r\n	<span style=\"color:rgb(0,0,0);font-family:\'lucida Grande\', Helvetica, Tahoma, Verdana, Arial, sans-serif;line-height:15px;text-align:justify;\">Jeżeli chcesz zajmować się pisaniem aplikacji opartych na .NET, \".NET CLR. Księga eksperta\" stanowić będzie cenne uzupełnienie Twojej wiedzy i pozwoli na lepsze zrozumienie zasad, na których oparta jest ta platforma.</span></p>',1,'-net-clr-ksiega-eksperta','','','',''),(1071,678,'Figi korekcyjne IGA','<p>\r\n	Figi korygujące, mocna dzianina poliamidowa tworzy z przodu i z tyłu pas zbierający obfitości brzucha oraz bioder. Dół slipów wykonany jest z bawełny, co zapewnia komfort podczas codziennego użytkowania.</p>','',1,'figi-korekcyjne-iga','','','',''),(1074,683,'Majtki wyszczuplające ELITE FORTE','<p>\r\n	To wysokie szorty bezszwowe, które dzięki idealnemu dopasowywaniu się do ciała, stają się niewidoczne pod ubraniami. Dzięki dodatkowym wzmocnieniom dzianiny wspaniale wymodelująTwój brzuch, uda i pośladki! </p>','<p>\r\n	Dzięki paskowi silikonu umieszczonemu na górze wykończenia szortów - nie zsuwają się, podnosząc tym samym komfort noszenia! Wydłużone nogawki zapobiegają wszelkim otarciom między udami podczas chodzenia. Zewnętrzna satynowa powłoka nadaje wyrobom poślizg ułatwiający układanie się odzieży.</p>\r\n<p>\r\n	 </p>',1,'majtki-wyszczuplajace-elite-forte','','','',''),(1076,682,'Półgorset wyszczuplający LAURA','<p>\r\n	LAURA - to unikalny półgorset wyszczuplająco - modelujący. Spłaszcza brzuch, wygładza sylwetkę, ściąga i opina. Zastosowanie metalowych fiszbin sprawia, że talia jest idealnie zarysowana. Miseczka typu push-up podnosi biust i nadaje mu ponętnych kształtów. Istnieje możliwość odpinania ramiączek . Niezaprzeczalnym atutem jest kryty (nie odznaczający się) zamek błyskawiczny z przodu.</p>\r\n<p>\r\n	 </p>','',1,'polgorset-wyszczuplajacy-laura','','','',''),(1082,701,'Etnies Salem','<p>\r\n	Wulkanizowana guma daje maksimum przyczepności i dużą odporność na ścieranie. To są buty prawdziwie przeznaczone do zadań specjalnych!</p>','',1,'etnies-salem','','','',''),(1083,684,'Stringi wyszczuplające ELITE V','','',1,'stringi-wyszczuplajace-elite-v','','','',''),(1084,681,'Majtki wyszczuplające XEN','<p>\r\n	IRA –  wyszczuplający pas do pończoch . Wykonany z mocnej lecz przepuszczającej powietrze dzianiny.  Idealnie modeluje linię bioder i brzuch (dodatkowo wzmocniony przód).  Dostępny w trzech kolorach oraz w dużych rozmiarach.</p>\r\n<p>\r\n	 </p>','',1,'majtki-wyszczuplajace-xen','','','',''),(1085,680,'Pas do pończoch IRA','<p>\r\n	IRA –  wyszczuplający pas do pończoch . Wykonany z mocnej lecz przepuszczającej powietrze dzianiny.  Idealnie modeluje linię bioder i brzuch (dodatkowo wzmocniony przód).  Dostępny w trzech kolorach oraz w dużych rozmiarach.</p>\r\n<p>\r\n	 </p>','',1,'pas-do-ponczoch-ira','','','',''),(1086,677,'Buty Etnies Jameson 2 ECO','<p>\r\n	Klasyczne buty dla ludzi w średnim wieku. Stonowana kolorystyka i porządne wykonanie będą procentowały przez kilka sezonów. Warto zainwestować w takie buty.</p>','',1,'buty-etnies-jameson-2-eco','','','',''),(1087,675,'Koszulka Etnies Afro-Disiac','<p>\r\n	Czy ubranie może stać się afrodyzjakiem? Taka koszulka z pewnością może rozpalić zmysły. Załóż na siebie świetnie wykonaną, bawełnianą koszulkę z afrykańskimi wzorami a zobaczysz co potrafi zrobić z wyobraźnią Twoich koleżanek!</p>','',1,'koszulka-etnies-afro-disiac','','','',''),(1095,705,'ISIS','','',1,'isis','','','',''),(1099,704,'Elite II','<p>\r\n	Dzięki bezszwowej technologii figi dokładnie przylegają do ciała - co daje efekt \"drugiej skóry\". Nie odznaczają się pod odzieżą - zapewniając dyskrecję i komfort noszenia.</p>','<p>\r\n	 </p>\r\n<p style=\"padding:5px;margin:0px;line-height:1.3;font-family:Arial, Arial, Helvetica, sans-serif;font-size:11px;text-align:left;background-color:rgb(242,242,242);\">\r\n	<b><font color=\"#a5a5a5\">ELITE II – bezszwowe figi korygujące, modelują brzuch i pośladki.</font></b></p>\r\n<p style=\"padding:5px;margin:0px;line-height:1.3;color:rgb(85,85,85);font-family:Arial, Arial, Helvetica, sans-serif;font-size:11px;text-align:left;background-color:rgb(242,242,242);\">\r\n	Dzięki bezszwowej technologii figi dokładnie przylegają do ciała - co daje efekt \"drugiej skóry\". Nie odznaczają się pod odzieżą - zapewniając dyskrecję i komfort noszenia.</p>\r\n<p style=\"padding:5px;margin:0px;line-height:1.3;color:rgb(85,85,85);font-family:Arial, Arial, Helvetica, sans-serif;font-size:11px;text-align:left;background-color:rgb(242,242,242);\">\r\n	Figi wykonane są z oddychającej kilkuwastwowej dzianiny.  Jej splot zapewnia odprowadzenie wilgoci na zewnątrz, utrzymując skórę suchą. Wykończenie bawełniane dzianiny od wewnątrz daje przyjemny, delikatny chwyt. Zewnętrzna satynowa powłoka nadaje wyrobom poślizg ułatwiający układanie się odzieży.</p>',1,'elite-ii','','','',''),(1102,673,'Koszulka Supra Flytop 3','<p>\r\n	Ekstrawagancka koszulka z nowoczesnym designem. Supra to Marka znana z ubrań cenionych przez znane gwiazdy hip-hop. W zasadzie trudno szukać podobnego modelu na rynku. Ta koszulka z pewnością pozwoli się wyróżnić</p>','',1,'koszulka-supra-flytop-3','','','','<p>\r\n	Koszulka powinna być prana w temperaturze do 40 st. C.</p>'),(1107,672,'Buty Etnies Sheckler 6 Fusion','<p>\r\n	Nowoczesne buty, hit sezonu 2012. Podwyższona odporność na ścieranie zapewni wytrzymałość na kilka sezonów. Wykonanie butów cechowane jest dużą dokładnością - warto zwrócić uwage na okute otworki na sznurowadła.</p>','',1,'buty-etnies-sheckler-6-fusion','','','',''),(1111,679,'Koszulka Body Perfect','<p>\r\n	Nie masz czasu iść na siłownię? Znowu nie mieścisz się w swoją marynarkę? Od dziś to już nie problem! Mamy dla Ciebie świetne rozwiązanie! Firma Mitex stworzyła nową linię bielizny kształtujaco-wyszczuplajacej dla mężczyzn. </p>','<p>\r\n	Nikt nie musi wiedzieć, że masz kilka centymetrów w pasie za dużo. Bielizna BODY PERFECT sprawi, ze w jednej chwili pozbędziesz się „oponki” i ukształtujesz sylwetkę o jakiej zawsze marzyłeś! BODY PERFECT to innowacja na polskim rynku bielizny korygującej!!! Koszulka mocno wyszczuplająca dla mężczyzn, wykonana z cienkiej, a zarazem bardzo mocnej dzianiny. Doskonale modeluje sylwetkę. Spód podszyty bawełną zapewnia komfort noszenia. Dzieki niej pozbędziesz się kilku centymetrów w talii i w okolicach brzucha.</p>\r\n<div>\r\n	 </div>',1,'koszulka-body-perfect','','','','');
DROP TABLE IF EXISTS `rangetype`;
/*!40101 SET @saved_cs_client     = @@character_set_client */;
/*!40101 SET character_set_client = utf8 */;
CREATE TABLE `rangetype` (
  `idrangetype` int(10) unsigned NOT NULL AUTO_INCREMENT,
  `adddate` timestamp NOT NULL DEFAULT CURRENT_TIMESTAMP ON UPDATE CURRENT_TIMESTAMP,
  PRIMARY KEY (`idrangetype`)
) ENGINE=InnoDB AUTO_INCREMENT=8 DEFAULT CHARSET=utf8 ROW_FORMAT=DYNAMIC;
/*!40101 SET character_set_client = @saved_cs_client */;

INSERT INTO `rangetype` (`idrangetype`, `adddate`) VALUES (5,'2012-07-26 14:20:30'),(6,'2012-07-26 14:20:36'),(7,'2012-07-26 14:20:43');
DROP TABLE IF EXISTS `rangetypecategory`;
/*!40101 SET @saved_cs_client     = @@character_set_client */;
/*!40101 SET character_set_client = utf8 */;
CREATE TABLE `rangetypecategory` (
  `idrangetypecategory` int(10) unsigned NOT NULL AUTO_INCREMENT,
  `categoryid` int(10) unsigned NOT NULL,
  `rangetypeid` int(10) unsigned NOT NULL,
  `adddate` timestamp NOT NULL DEFAULT CURRENT_TIMESTAMP ON UPDATE CURRENT_TIMESTAMP,
  PRIMARY KEY (`idrangetypecategory`),
  UNIQUE KEY `UNIQUE_rangetypecategory_categoryid_rangetypeid` (`categoryid`,`rangetypeid`),
  KEY `FK_rangetypecategory_rangetypeid` (`rangetypeid`),
  CONSTRAINT `FK_rangetypecategory_categoryid` FOREIGN KEY (`categoryid`) REFERENCES `category` (`idcategory`) ON DELETE CASCADE ON UPDATE NO ACTION,
  CONSTRAINT `FK_rangetypecategory_rangetypeid` FOREIGN KEY (`rangetypeid`) REFERENCES `rangetype` (`idrangetype`) ON DELETE CASCADE ON UPDATE NO ACTION
) ENGINE=InnoDB AUTO_INCREMENT=49 DEFAULT CHARSET=utf8 ROW_FORMAT=DYNAMIC;
/*!40101 SET character_set_client = @saved_cs_client */;

INSERT INTO `rangetypecategory` (`idrangetypecategory`, `categoryid`, `rangetypeid`, `adddate`) VALUES (40,756,5,'2012-07-26 14:20:30'),(41,755,5,'2012-07-26 14:20:30'),(42,754,5,'2012-07-26 14:20:30'),(43,756,6,'2012-07-26 14:20:36'),(44,755,6,'2012-07-26 14:20:36'),(45,754,6,'2012-07-26 14:20:36'),(46,756,7,'2012-07-26 14:20:43'),(47,754,7,'2012-07-26 14:20:43'),(48,755,7,'2012-07-26 14:20:43');
DROP TABLE IF EXISTS `rangetypetranslation`;
/*!40101 SET @saved_cs_client     = @@character_set_client */;
/*!40101 SET character_set_client = utf8 */;
CREATE TABLE `rangetypetranslation` (
  `idrangetypetranslation` int(10) unsigned NOT NULL AUTO_INCREMENT,
  `name` varchar(45) NOT NULL,
  `languageid` int(10) unsigned DEFAULT NULL,
  `rangetypeid` int(10) unsigned NOT NULL,
  PRIMARY KEY (`idrangetypetranslation`),
  UNIQUE KEY `UNIQUE_rangetypetranslation_name_languageid` (`name`,`languageid`),
  KEY `FK_rangetypetranslation_languageid` (`languageid`),
  KEY `FK_rangetypetranslation_rangetypeid` (`rangetypeid`),
  CONSTRAINT `FK_rangetypetranslation_languageid` FOREIGN KEY (`languageid`) REFERENCES `language` (`idlanguage`) ON DELETE CASCADE ON UPDATE NO ACTION,
  CONSTRAINT `FK_rangetypetranslation_rangetypeid` FOREIGN KEY (`rangetypeid`) REFERENCES `rangetype` (`idrangetype`) ON DELETE CASCADE ON UPDATE NO ACTION
) ENGINE=InnoDB AUTO_INCREMENT=12 DEFAULT CHARSET=utf8 ROW_FORMAT=DYNAMIC;
/*!40101 SET character_set_client = @saved_cs_client */;

INSERT INTO `rangetypetranslation` (`idrangetypetranslation`, `name`, `languageid`, `rangetypeid`) VALUES (9,'Jakość wykonania',1,5),(10,'Wygoda',1,6),(11,'Trwałość',1,7);
DROP TABLE IF EXISTS `recipientclientgrouplist`;
/*!40101 SET @saved_cs_client     = @@character_set_client */;
/*!40101 SET character_set_client = utf8 */;
CREATE TABLE `recipientclientgrouplist` (
  `idrecipientclientgrouplist` int(10) unsigned NOT NULL AUTO_INCREMENT,
  `clientgroupid` int(10) unsigned NOT NULL,
  `recipientlistid` int(10) unsigned NOT NULL,
  `adddate` timestamp NOT NULL DEFAULT CURRENT_TIMESTAMP ON UPDATE CURRENT_TIMESTAMP,
  PRIMARY KEY (`idrecipientclientgrouplist`),
  KEY `FK_recipientclientgrouplist_clientgroupid` (`clientgroupid`),
  KEY `FK_recipientclientgrouplist_recipientlistid` (`recipientlistid`),
  CONSTRAINT `FK_recipientclientgrouplist_clientgroupid` FOREIGN KEY (`clientgroupid`) REFERENCES `clientgroup` (`idclientgroup`) ON DELETE CASCADE ON UPDATE NO ACTION,
  CONSTRAINT `FK_recipientclientgrouplist_recipientlistid` FOREIGN KEY (`recipientlistid`) REFERENCES `recipientlist` (`idrecipientlist`) ON DELETE CASCADE ON UPDATE NO ACTION
) ENGINE=InnoDB DEFAULT CHARSET=utf8;
/*!40101 SET character_set_client = @saved_cs_client */;

DROP TABLE IF EXISTS `recipientclientlist`;
/*!40101 SET @saved_cs_client     = @@character_set_client */;
/*!40101 SET character_set_client = utf8 */;
CREATE TABLE `recipientclientlist` (
  `idrecipientclientlist` int(10) unsigned NOT NULL AUTO_INCREMENT,
  `recipientlistid` int(10) unsigned NOT NULL,
  `clientid` int(10) unsigned NOT NULL,
  `adddate` timestamp NOT NULL DEFAULT CURRENT_TIMESTAMP ON UPDATE CURRENT_TIMESTAMP,
  PRIMARY KEY (`idrecipientclientlist`),
  KEY `FK_recepientclientlist_recepientlistid` (`recipientlistid`),
  KEY `FK_recipientclientlist_clientid` (`clientid`),
  CONSTRAINT `FK_recipientclientlist_clientid` FOREIGN KEY (`clientid`) REFERENCES `client` (`idclient`) ON DELETE CASCADE ON UPDATE NO ACTION,
  CONSTRAINT `FK_recipientclientlist_recipientlistid` FOREIGN KEY (`recipientlistid`) REFERENCES `recipientlist` (`idrecipientlist`) ON DELETE CASCADE ON UPDATE NO ACTION
) ENGINE=InnoDB DEFAULT CHARSET=utf8;
/*!40101 SET character_set_client = @saved_cs_client */;

DROP TABLE IF EXISTS `recipientlist`;
/*!40101 SET @saved_cs_client     = @@character_set_client */;
/*!40101 SET character_set_client = utf8 */;
CREATE TABLE `recipientlist` (
  `idrecipientlist` int(10) unsigned NOT NULL AUTO_INCREMENT,
  `name` varchar(45) NOT NULL,
  `adddate` timestamp NOT NULL DEFAULT CURRENT_TIMESTAMP ON UPDATE CURRENT_TIMESTAMP,
  PRIMARY KEY (`idrecipientlist`),
  UNIQUE KEY `UNIQUE_recipientlist_name` (`name`)
) ENGINE=InnoDB DEFAULT CHARSET=utf8 ROW_FORMAT=DYNAMIC;
/*!40101 SET character_set_client = @saved_cs_client */;

DROP TABLE IF EXISTS `recipientnewsletterlist`;
/*!40101 SET @saved_cs_client     = @@character_set_client */;
/*!40101 SET character_set_client = utf8 */;
CREATE TABLE `recipientnewsletterlist` (
  `idrecipientnewsletterlist` int(10) unsigned NOT NULL AUTO_INCREMENT,
  `clientnewsletterid` int(10) unsigned NOT NULL,
  `recipientlistid` int(10) unsigned NOT NULL,
  `adddate` timestamp NOT NULL DEFAULT CURRENT_TIMESTAMP ON UPDATE CURRENT_TIMESTAMP,
  PRIMARY KEY (`idrecipientnewsletterlist`),
  KEY `FK_recipientnewsletterlist_clientnewsletterid` (`clientnewsletterid`),
  KEY `FK_recipientnewsletterlist_recipientlistid` (`recipientlistid`),
  CONSTRAINT `FK_recipientnewsletterlist_clientnewsletterid` FOREIGN KEY (`clientnewsletterid`) REFERENCES `clientnewsletter` (`idclientnewsletter`) ON DELETE CASCADE ON UPDATE NO ACTION,
  CONSTRAINT `FK_recipientnewsletterlist_recipientlistid` FOREIGN KEY (`recipientlistid`) REFERENCES `recipientlist` (`idrecipientlist`) ON DELETE CASCADE ON UPDATE NO ACTION
) ENGINE=InnoDB DEFAULT CHARSET=utf8;
/*!40101 SET character_set_client = @saved_cs_client */;

DROP TABLE IF EXISTS `right`;
/*!40101 SET @saved_cs_client     = @@character_set_client */;
/*!40101 SET character_set_client = utf8 */;
CREATE TABLE `right` (
  `idright` int(10) unsigned NOT NULL AUTO_INCREMENT,
  `controllerid` int(10) unsigned NOT NULL,
  `groupid` int(10) unsigned NOT NULL,
  `permission` int(10) unsigned NOT NULL,
  `storeid` int(10) unsigned DEFAULT NULL,
  `adddate` timestamp NOT NULL DEFAULT CURRENT_TIMESTAMP ON UPDATE CURRENT_TIMESTAMP,
  PRIMARY KEY (`idright`),
  UNIQUE KEY `UNIQUE_right_controllerid_groupid_storeid` (`controllerid`,`groupid`,`storeid`),
  KEY `FK_right_groupid` (`groupid`),
  KEY `FK_right_storeid` (`storeid`),
  CONSTRAINT `FK_right_controllerid` FOREIGN KEY (`controllerid`) REFERENCES `controller` (`idcontroller`) ON DELETE CASCADE ON UPDATE NO ACTION,
  CONSTRAINT `FK_right_groupid` FOREIGN KEY (`groupid`) REFERENCES `group` (`idgroup`) ON DELETE CASCADE ON UPDATE NO ACTION,
  CONSTRAINT `FK_right_storeid` FOREIGN KEY (`storeid`) REFERENCES `store` (`idstore`) ON DELETE CASCADE ON UPDATE NO ACTION
) ENGINE=InnoDB AUTO_INCREMENT=2280 DEFAULT CHARSET=utf8;
/*!40101 SET character_set_client = @saved_cs_client */;

INSERT INTO `right` (`idright`, `controllerid`, `groupid`, `permission`, `storeid`, `adddate`) VALUES (1,1,1,127,NULL,'2010-09-23 11:07:13'),(3,4,1,127,NULL,'2010-09-23 11:07:13'),(4,5,1,127,NULL,'2010-09-23 11:07:13'),(7,6,1,127,NULL,'2010-09-23 11:07:13'),(16,9,1,127,NULL,'2010-09-23 11:07:13'),(28,3,1,127,NULL,'2010-09-23 11:07:13'),(29,29,1,127,NULL,'2010-09-23 11:07:13'),(69,31,1,127,NULL,'2010-09-23 11:07:13'),(70,30,1,127,NULL,'2010-09-23 11:07:13'),(81,35,1,127,NULL,'2010-09-23 11:07:13'),(82,36,1,127,NULL,'2010-09-23 11:07:13'),(83,37,1,127,NULL,'2010-09-23 11:07:13'),(86,38,1,127,NULL,'2010-09-23 11:07:13'),(87,39,1,127,NULL,'2010-09-23 11:07:13'),(93,42,1,127,NULL,'2010-09-23 11:07:13'),(94,43,1,127,NULL,'2010-09-23 11:07:13'),(98,46,1,127,NULL,'2010-09-23 11:07:13'),(99,45,1,127,NULL,'2010-09-23 11:07:13'),(100,47,1,127,NULL,'2010-09-23 11:07:13'),(101,48,1,127,NULL,'2010-09-23 11:07:13'),(102,49,1,127,NULL,'2010-09-23 11:07:13'),(103,50,1,127,NULL,'2010-09-23 11:07:13'),(107,54,1,127,NULL,'2010-09-23 11:07:13'),(111,55,1,127,NULL,'2010-09-23 11:07:13'),(113,57,1,127,NULL,'2010-09-23 11:07:13'),(114,58,1,127,NULL,'2010-09-23 11:07:13'),(115,59,1,127,NULL,'2010-09-23 11:07:13'),(116,60,1,127,NULL,'2010-09-23 11:07:13'),(117,61,1,127,NULL,'2010-09-23 11:07:13'),(118,62,1,127,NULL,'2010-09-23 11:07:13'),(120,64,1,127,NULL,'2010-09-23 11:07:13'),(121,65,1,127,NULL,'2010-09-23 11:07:13'),(122,66,1,127,NULL,'2010-09-23 11:07:13'),(123,67,1,127,NULL,'2010-09-23 11:07:13'),(125,69,1,127,NULL,'2010-09-23 11:07:13'),(128,71,1,127,NULL,'2010-09-23 11:07:13'),(129,72,1,127,NULL,'2010-09-23 11:07:13'),(130,73,1,127,NULL,'2010-09-23 11:07:13'),(133,76,1,127,NULL,'2010-09-23 11:07:13'),(250,81,1,127,NULL,'2010-09-23 11:07:13'),(255,86,1,127,NULL,'2010-09-23 11:07:13'),(258,89,1,127,NULL,'2010-09-23 11:07:13'),(260,91,1,127,NULL,'2010-09-23 11:07:13'),(261,92,1,127,NULL,'2010-09-23 11:07:13'),(332,93,1,127,NULL,'2010-09-23 11:07:13'),(342,103,1,127,NULL,'2010-09-23 11:07:13'),(343,104,1,127,NULL,'2010-09-23 11:07:13'),(344,105,1,127,NULL,'2010-09-23 11:07:13'),(346,107,1,127,NULL,'2010-09-23 11:07:13'),(347,108,1,127,NULL,'2010-09-23 11:07:13'),(349,2,1,127,NULL,'2010-09-23 11:07:13'),(1142,112,1,127,NULL,'2010-09-23 11:07:13'),(1158,858,1,127,NULL,'2010-09-23 11:07:13'),(1278,859,1,127,NULL,'2010-09-23 11:07:13'),(1279,860,1,127,NULL,'2010-09-23 11:07:13'),(1280,862,1,127,NULL,'2010-09-23 11:07:13'),(1328,870,1,127,NULL,'2010-09-23 11:07:13'),(1333,880,1,127,NULL,'2010-09-23 11:07:13'),(1350,881,1,127,NULL,'2010-09-23 11:07:13'),(1932,890,1,127,NULL,'2010-09-23 11:07:13'),(1948,76,1,127,1,'2010-10-28 20:55:01'),(1949,35,1,127,1,'2010-10-28 20:55:01'),(1951,91,1,127,1,'2010-10-28 20:55:01'),(1952,5,1,127,1,'2010-10-28 20:55:01'),(1955,3,1,127,1,'2010-10-28 20:55:01'),(1956,29,1,127,1,'2010-10-28 20:55:01'),(1958,71,1,127,1,'2010-10-28 20:55:01'),(1960,61,1,127,1,'2010-10-28 20:55:01'),(1962,57,1,127,1,'2010-10-28 20:55:01'),(1963,862,1,127,1,'2010-10-28 20:55:01'),(1967,48,1,127,1,'2010-10-28 20:55:01'),(1969,870,1,127,1,'2010-10-28 20:55:01'),(1970,37,1,127,1,'2010-10-28 20:55:01'),(1971,31,1,127,1,'2010-10-28 20:55:01'),(1973,858,1,127,1,'2010-10-28 20:55:01'),(1975,60,1,127,1,'2010-10-28 20:55:01'),(1977,45,1,127,1,'2010-10-28 20:55:01'),(1979,9,1,127,1,'2010-10-28 20:55:01'),(1980,62,1,127,1,'2010-10-28 20:55:01'),(1981,81,1,127,1,'2010-10-28 20:55:01'),(1985,42,1,127,1,'2010-10-28 20:55:01'),(1986,105,1,127,1,'2010-10-28 20:55:01'),(1989,2,1,127,1,'2010-10-28 20:55:01'),(1990,67,1,127,1,'2010-10-28 20:55:01'),(1991,89,1,127,1,'2010-10-28 20:55:01'),(1992,6,1,127,1,'2010-10-28 20:55:01'),(1993,72,1,127,1,'2010-10-28 20:55:01'),(1995,46,1,127,1,'2010-10-28 20:55:01'),(1996,38,1,127,1,'2010-10-28 20:55:01'),(1997,93,1,127,1,'2010-10-28 20:55:01'),(1999,107,1,127,1,'2010-10-28 20:55:01'),(2000,30,1,127,1,'2010-10-28 20:55:01'),(2005,69,1,127,1,'2010-10-28 20:55:01'),(2006,36,1,127,1,'2010-10-28 20:55:01'),(2007,4,1,127,1,'2010-10-28 20:55:01'),(2009,59,1,127,1,'2010-10-28 20:55:01'),(2010,58,1,127,1,'2010-10-28 20:55:01'),(2011,55,1,127,1,'2010-10-28 20:55:01'),(2012,47,1,127,1,'2010-10-28 20:55:01'),(2016,54,1,127,1,'2010-10-28 20:55:01'),(2017,86,1,127,1,'2010-10-28 20:55:01'),(2018,112,1,127,1,'2010-10-28 20:55:01'),(2021,92,1,127,1,'2010-10-28 20:55:01'),(2022,50,1,127,1,'2010-10-28 20:55:01'),(2023,860,1,127,1,'2010-10-28 20:55:01'),(2025,890,1,127,1,'2010-10-28 20:55:01'),(2027,65,1,127,1,'2010-10-28 20:55:01'),(2028,66,1,127,1,'2010-10-28 20:55:01'),(2029,64,1,127,1,'2010-10-28 20:55:01'),(2030,103,1,127,1,'2010-10-28 20:55:01'),(2031,108,1,127,1,'2010-10-28 20:55:01'),(2032,880,1,127,1,'2010-10-28 20:55:01'),(2033,881,1,127,1,'2010-10-28 20:55:01'),(2036,43,1,127,1,'2010-10-28 20:55:01'),(2041,73,1,127,1,'2010-10-28 20:55:01'),(2043,49,1,127,1,'2010-10-28 20:55:01'),(2045,1,1,127,1,'2010-10-28 20:55:01'),(2046,39,1,127,1,'2010-10-28 20:55:01'),(2047,104,1,127,1,'2010-10-28 20:55:01'),(2048,859,1,127,1,'2010-10-28 20:55:01'),(2183,908,1,127,NULL,'2012-04-14 22:53:40'),(2184,909,1,127,NULL,'2012-05-28 20:28:56'),(2185,910,1,127,NULL,'2012-06-10 19:49:48'),(2186,911,1,127,NULL,'2012-06-26 20:14:10'),(2187,912,1,127,NULL,'2012-06-26 20:14:11'),(2196,928,1,127,NULL,'2012-07-06 15:13:50'),(2197,929,1,127,NULL,'2012-07-06 15:13:50'),(2198,930,1,127,NULL,'2012-07-06 15:13:55'),(2199,933,1,127,NULL,'2012-07-29 19:16:01'),(2269,934,1,127,NULL,'2012-08-21 00:11:19'),(2270,935,1,127,NULL,'2012-08-25 22:18:35'),(2271,936,1,127,NULL,'2012-08-26 10:56:50'),(2272,937,1,127,NULL,'2012-08-26 10:56:50'),(2273,938,1,127,NULL,'2012-08-26 10:56:50'),(2274,939,1,127,NULL,'2012-09-09 11:36:09'),(2275,940,1,127,NULL,'2012-09-25 12:55:12'),(2276,941,1,127,NULL,'2012-10-10 22:29:26'),(2277,942,1,127,NULL,'2012-10-26 17:20:06'),(2278,943,1,127,NULL,'2012-12-09 10:50:57'),(2279,944,1,127,NULL,'2013-01-11 09:39:47');
DROP TABLE IF EXISTS `rule`;
/*!40101 SET @saved_cs_client     = @@character_set_client */;
/*!40101 SET character_set_client = utf8 */;
CREATE TABLE `rule` (
  `idrule` int(10) unsigned NOT NULL AUTO_INCREMENT,
  `name` varchar(45) NOT NULL,
  `tablereferer` varchar(45) DEFAULT NULL,
  `primarykeyreferer` varchar(45) DEFAULT NULL,
  `columnreferer` varchar(45) DEFAULT NULL,
  `rulekindofid` int(10) unsigned NOT NULL,
  `field` varchar(45) DEFAULT NULL,
  PRIMARY KEY (`idrule`)
) ENGINE=InnoDB AUTO_INCREMENT=15 DEFAULT CHARSET=utf8 ROW_FORMAT=DYNAMIC;
/*!40101 SET character_set_client = @saved_cs_client */;

INSERT INTO `rule` (`idrule`, `name`, `tablereferer`, `primarykeyreferer`, `columnreferer`, `rulekindofid`, `field`) VALUES (1,'TXT_CATEGORIES','category','idcategory','idcategory',1,NULL),(2,'TXT_PRODUCERS','producer','idproducer','idproducer',1,NULL),(3,'TXT_PRODUCTS','product','idproduct','idproduct',1,NULL),(4,'TXT_ATTRIBUTES','attributeproductvalue','idattributeproductvalue','idattributeproductvalue',1,NULL),(5,'TXT_DELIVERERS','deliverer','iddeliverer','iddeliverer',1,NULL),(6,'TXT_PRODUCT_NEWS','productnew','productid','idproductnew',1,NULL),(7,'TXT_PRODUCT_PRICE_FROM','product','idproduct','sellprice',1,NULL),(8,'TXT_PRODUCT_PRICE_TO','product','idproduct','sellprice',1,NULL),(9,'TXT_DELIVERERS','dispatchmethod','iddispatchmethod','iddispatchmethod',2,NULL),(10,'TXT_PAYMENTMETHOD','paymentmethod','idpaymentmethod','idpaymentmethod',2,NULL),(11,'TXT_FINAL_CART_PRICE_FROM',NULL,NULL,NULL,2,'globalpricefrom'),(12,'TXT_FINAL_CART_PRICE_TO',NULL,NULL,NULL,2,'globalpriceto'),(13,'TXT_FINAL_CART_PRICE_WITH_WITH_DELIVERY_FROM',NULL,NULL,NULL,2,'globalpricewithdispatchmethodfrom'),(14,'TXT_FINAL_CART_PRICE_WITH_WITH_DELIVERY_TO',NULL,NULL,NULL,2,'globalpricewithdispatchmethodto');
DROP TABLE IF EXISTS `rulekindof`;
/*!40101 SET @saved_cs_client     = @@character_set_client */;
/*!40101 SET character_set_client = utf8 */;
CREATE TABLE `rulekindof` (
  `idrulekindof` int(10) unsigned NOT NULL AUTO_INCREMENT,
  `name` varchar(45) NOT NULL,
  PRIMARY KEY (`idrulekindof`)
) ENGINE=InnoDB AUTO_INCREMENT=3 DEFAULT CHARSET=utf8;
/*!40101 SET character_set_client = @saved_cs_client */;

INSERT INTO `rulekindof` (`idrulekindof`, `name`) VALUES (1,'TXT_RULES_CATALOG'),(2,'TXT_RULES_CART');
DROP TABLE IF EXISTS `rulescart`;
/*!40101 SET @saved_cs_client     = @@character_set_client */;
/*!40101 SET character_set_client = utf8 */;
CREATE TABLE `rulescart` (
  `idrulescart` int(10) unsigned NOT NULL AUTO_INCREMENT,
  `distinction` tinyint(3) unsigned DEFAULT '0',
  `adddate` timestamp NOT NULL DEFAULT CURRENT_TIMESTAMP ON UPDATE CURRENT_TIMESTAMP,
  `suffixtypeid` int(10) unsigned DEFAULT NULL,
  `discount` decimal(16,4) NOT NULL DEFAULT '0.0000',
  `freeshipping` int(11) NOT NULL DEFAULT '0',
  `datefrom` date DEFAULT NULL,
  `dateto` date DEFAULT NULL,
  `discountforall` tinyint(3) unsigned NOT NULL DEFAULT '0',
  PRIMARY KEY (`idrulescart`),
  KEY `FK_rulescart_suffixtypeid` (`suffixtypeid`),
  CONSTRAINT `FK_rulescart_suffixtypeid` FOREIGN KEY (`suffixtypeid`) REFERENCES `suffixtype` (`idsuffixtype`)
) ENGINE=InnoDB AUTO_INCREMENT=5 DEFAULT CHARSET=utf8;
/*!40101 SET character_set_client = @saved_cs_client */;

INSERT INTO `rulescart` (`idrulescart`, `distinction`, `adddate`, `suffixtypeid`, `discount`, `freeshipping`, `datefrom`, `dateto`, `discountforall`) VALUES (4,0,'2012-07-26 00:03:37',1,95.0000,0,NULL,NULL,1);
DROP TABLE IF EXISTS `rulescartclientgroup`;
/*!40101 SET @saved_cs_client     = @@character_set_client */;
/*!40101 SET character_set_client = utf8 */;
CREATE TABLE `rulescartclientgroup` (
  `idrulescartclientgroup` int(10) unsigned NOT NULL AUTO_INCREMENT,
  `rulescartid` int(10) unsigned NOT NULL,
  `clientgroupid` int(10) unsigned NOT NULL,
  `suffixtypeid` int(10) unsigned NOT NULL,
  `discount` decimal(10,2) NOT NULL,
  `freeshipping` int(11) NOT NULL DEFAULT '0',
  `adddate` timestamp NOT NULL DEFAULT CURRENT_TIMESTAMP ON UPDATE CURRENT_TIMESTAMP,
  PRIMARY KEY (`idrulescartclientgroup`),
  KEY `FK_rulescartclientgroup_rulescartid` (`rulescartid`),
  KEY `FK_rulescartclientgroup_clientgroupid` (`clientgroupid`),
  KEY `FK_rulescartclientgroup_suffixtypeid` (`suffixtypeid`),
  CONSTRAINT `FK_rulescartclientgroup_clientgroupid` FOREIGN KEY (`clientgroupid`) REFERENCES `clientgroup` (`idclientgroup`) ON DELETE CASCADE ON UPDATE NO ACTION,
  CONSTRAINT `FK_rulescartclientgroup_rulescartid` FOREIGN KEY (`rulescartid`) REFERENCES `rulescart` (`idrulescart`) ON DELETE CASCADE ON UPDATE NO ACTION,
  CONSTRAINT `FK_rulescartclientgroup_suffixtypeid` FOREIGN KEY (`suffixtypeid`) REFERENCES `suffixtype` (`idsuffixtype`) ON DELETE CASCADE ON UPDATE NO ACTION
) ENGINE=InnoDB AUTO_INCREMENT=70 DEFAULT CHARSET=utf8;
/*!40101 SET character_set_client = @saved_cs_client */;

INSERT INTO `rulescartclientgroup` (`idrulescartclientgroup`, `rulescartid`, `clientgroupid`, `suffixtypeid`, `discount`, `freeshipping`, `adddate`) VALUES (67,4,10,1,95.00,0,'2012-07-26 00:03:37'),(68,4,116,1,95.00,0,'2012-07-26 00:03:37'),(69,4,117,1,95.00,0,'2012-07-26 00:03:37');
DROP TABLE IF EXISTS `rulescartrule`;
/*!40101 SET @saved_cs_client     = @@character_set_client */;
/*!40101 SET character_set_client = utf8 */;
CREATE TABLE `rulescartrule` (
  `idrulescartrule` int(10) unsigned NOT NULL AUTO_INCREMENT,
  `ruleid` int(10) unsigned NOT NULL,
  `rulescartid` int(10) unsigned NOT NULL,
  `pkid` int(10) unsigned DEFAULT NULL,
  `pricefrom` decimal(10,2) DEFAULT NULL,
  `priceto` decimal(10,2) DEFAULT NULL,
  PRIMARY KEY (`idrulescartrule`),
  KEY `FK_rulescartrule_ruleid` (`ruleid`),
  KEY `FK_rulescartrule_rulescartid` (`rulescartid`),
  CONSTRAINT `FK_rulescartrule_ruleid` FOREIGN KEY (`ruleid`) REFERENCES `rule` (`idrule`) ON DELETE CASCADE ON UPDATE NO ACTION,
  CONSTRAINT `FK_rulescartrule_rulescartid` FOREIGN KEY (`rulescartid`) REFERENCES `rulescart` (`idrulescart`) ON DELETE CASCADE ON UPDATE NO ACTION
) ENGINE=InnoDB AUTO_INCREMENT=106 DEFAULT CHARSET=utf8;
/*!40101 SET character_set_client = @saved_cs_client */;

INSERT INTO `rulescartrule` (`idrulescartrule`, `ruleid`, `rulescartid`, `pkid`, `pricefrom`, `priceto`) VALUES (104,9,4,15,NULL,NULL),(105,10,4,4,NULL,NULL);
DROP TABLE IF EXISTS `rulescarttranslation`;
/*!40101 SET @saved_cs_client     = @@character_set_client */;
/*!40101 SET character_set_client = utf8 */;
CREATE TABLE `rulescarttranslation` (
  `idrulescarttranslation` int(10) unsigned NOT NULL AUTO_INCREMENT,
  `name` varchar(45) NOT NULL,
  `description` text,
  `languageid` int(10) unsigned DEFAULT NULL,
  `rulescartid` int(10) unsigned NOT NULL,
  PRIMARY KEY (`idrulescarttranslation`),
  UNIQUE KEY `UNIQUE_rulescarttranslation_name_languageid` (`name`,`languageid`),
  KEY `FK_rulescarttranslation_languageid` (`languageid`),
  KEY `FK_rulescarttranslation_rulescartid` (`rulescartid`),
  CONSTRAINT `FK_rulescarttranslation_languageid` FOREIGN KEY (`languageid`) REFERENCES `language` (`idlanguage`) ON DELETE CASCADE ON UPDATE NO ACTION,
  CONSTRAINT `FK_rulescarttranslation_rulescartid` FOREIGN KEY (`rulescartid`) REFERENCES `rulescart` (`idrulescart`) ON DELETE CASCADE ON UPDATE NO ACTION
) ENGINE=InnoDB AUTO_INCREMENT=25 DEFAULT CHARSET=utf8 ROW_FORMAT=DYNAMIC;
/*!40101 SET character_set_client = @saved_cs_client */;

INSERT INTO `rulescarttranslation` (`idrulescarttranslation`, `name`, `description`, `languageid`, `rulescartid`) VALUES (24,'5% rabatu przy płatności przelewem','',1,4);
DROP TABLE IF EXISTS `rulescartview`;
/*!40101 SET @saved_cs_client     = @@character_set_client */;
/*!40101 SET character_set_client = utf8 */;
CREATE TABLE `rulescartview` (
  `idrulescartview` int(10) unsigned NOT NULL AUTO_INCREMENT,
  `rulescartid` int(10) unsigned NOT NULL,
  `viewid` int(10) unsigned NOT NULL,
  PRIMARY KEY (`idrulescartview`),
  KEY `FK_rulescartview_rulescartid` (`rulescartid`),
  KEY `FK_rulescartview_viewid` (`viewid`),
  CONSTRAINT `FK_rulescartview_rulescartid` FOREIGN KEY (`rulescartid`) REFERENCES `rulescart` (`idrulescart`) ON DELETE CASCADE ON UPDATE NO ACTION,
  CONSTRAINT `FK_rulescartview_viewid` FOREIGN KEY (`viewid`) REFERENCES `view` (`idview`) ON DELETE CASCADE ON UPDATE NO ACTION
) ENGINE=InnoDB AUTO_INCREMENT=33 DEFAULT CHARSET=utf8;
/*!40101 SET character_set_client = @saved_cs_client */;

INSERT INTO `rulescartview` (`idrulescartview`, `rulescartid`, `viewid`) VALUES (32,4,3);
DROP TABLE IF EXISTS `sessionhandler`;
/*!40101 SET @saved_cs_client     = @@character_set_client */;
/*!40101 SET character_set_client = utf8 */;
CREATE TABLE `sessionhandler` (
  `idsessionhandler` int(10) unsigned NOT NULL AUTO_INCREMENT,
  `adddate` timestamp NOT NULL DEFAULT CURRENT_TIMESTAMP ON UPDATE CURRENT_TIMESTAMP,
  `sessioncontent` longtext,
  `sessionid` varchar(32) NOT NULL,
  `expiredate` timestamp NOT NULL DEFAULT '0000-00-00 00:00:00',
  `clientid` int(10) unsigned NOT NULL,
  `viewid` int(10) unsigned DEFAULT NULL,
  `ismobile` int(11) DEFAULT '0',
  `isbot` int(11) DEFAULT '0',
  `ipaddress` char(15) DEFAULT '000.000.000.000',
  `globalprice` decimal(15,2) DEFAULT '0.00',
  `cartcurrency` char(3) DEFAULT NULL,
  `browser` varchar(64) DEFAULT NULL,
  `platform` varchar(45) DEFAULT NULL,
  `url` varchar(255) DEFAULT NULL,
  `cart` longtext,
  PRIMARY KEY (`idsessionhandler`),
  UNIQUE KEY `UNIQUE_sessionhandler_sessionid` (`sessionid`),
  KEY `FK_sessionhandler_viewid` (`viewid`),
  CONSTRAINT `FK_sessionhandler_viewid` FOREIGN KEY (`viewid`) REFERENCES `view` (`idview`) ON DELETE CASCADE ON UPDATE NO ACTION
) ENGINE=InnoDB AUTO_INCREMENT=4394 DEFAULT CHARSET=utf8 ROW_FORMAT=DYNAMIC;
/*!40101 SET character_set_client = @saved_cs_client */;

INSERT INTO `sessionhandler` (`idsessionhandler`, `adddate`, `sessioncontent`, `sessionid`, `expiredate`, `clientid`, `viewid`, `ismobile`, `isbot`, `ipaddress`, `globalprice`, `cartcurrency`, `browser`, `platform`, `url`, `cart`) VALUES (4393,'2013-03-05 21:30:36','CurrentState|a:26:{s:8:\"ShopName\";a:1:{i:0;s:18:\"Przykładowy sklep\";}s:14:\"ShopCurrencyId\";a:1:{i:0;s:2:\"28\";}s:10:\"ForceLogin\";a:1:{i:0;s:1:\"0\";}s:11:\"BrowserData\";a:1:{i:0;a:4:{s:7:\"browser\";s:0:\"\";s:8:\"platform\";s:0:\"\";s:8:\"ismobile\";b:0;s:5:\"isbot\";b:0;}}s:18:\"EncryptionKeyValue\";a:1:{i:0;s:8:\"TLiW2008\";}s:14:\"MainsideViewId\";a:1:{i:0;s:1:\"3\";}s:8:\"Language\";a:1:{i:0;s:5:\"pl_PL\";}s:10:\"LanguageId\";a:1:{i:0;s:1:\"1\";}s:10:\"CurrencyId\";a:1:{i:0;s:2:\"28\";}s:14:\"CurrencySymbol\";a:1:{i:0;s:3:\"PLN\";}s:4:\"Csrf\";a:1:{i:0;a:24:{i:0;s:40:\"23eb1280b6b981079d87bbaae90673569260d62f\";i:1;s:40:\"a9b99b459cdab34d81b4a6c24e8ea003dd246862\";i:2;s:40:\"e3dfee915fab2e7479abf2acfb980e02018a1d1a\";i:3;s:40:\"7238739aba71a6406178d3c4709163dcff2643e6\";i:4;s:40:\"4b9836d5899189ed74e1bf65b19bc225a9968752\";i:5;s:40:\"6032506bacfff0670b0c8e6a19bad9a380c158c9\";i:6;s:40:\"169d50e90b81112f1780c5dda7812c667139e56b\";i:7;s:40:\"9c48efa057154a63aef0740211c3657ab1dd174e\";i:8;s:40:\"bbd5af6bbc5d85a99e47882b5e835206da91b7b0\";i:9;s:40:\"c452336587eba5037d1370084f67284c6e78d3de\";i:10;s:40:\"79c6ea9ceba5010694a35b18290d490fd2033d93\";i:11;s:40:\"46298be4029593c86bb19fdf92a7cf8f3791b529\";i:12;s:40:\"9e8b941ca97040828ed2e4374f827176bc14d302\";i:13;s:40:\"46455f2751815ecb7feb10118d8fb4d294ce924f\";i:14;s:40:\"cd8baa8d8b6a0b4699395d754f79a0035af869d7\";i:15;s:40:\"bb294d29bfba2a1aaf2bea562e3088941d455812\";i:16;s:40:\"5f90f0c1d187b9893deae1ed5231335986c4417d\";i:17;s:40:\"c25769303fca75093319efa8921d85a250e3cbb2\";i:18;s:40:\"5d589399bfadd83d034fc073a8da07d0827f539a\";i:19;s:40:\"d536ca1096168d4ebc1ae3ae7241e27370f08706\";i:20;s:40:\"83588c7ff65cedf55ac3283c82d2a39141cb49f4\";i:21;s:40:\"85c08669887753aa3cfefd6a07917399225b94cf\";i:22;s:40:\"a8f89c18b7365bc169365bd468472f6882d069c9\";i:23;s:40:\"83a8e1adba19962eabb007979360237a4513d9d8\";}}s:10:\"LoginError\";a:1:{i:0;N;}s:6:\"Userid\";a:1:{i:0;s:1:\"1\";}s:13:\"UserFirstname\";a:1:{i:0;s:0:\"\";}s:11:\"UserSurname\";a:1:{i:0;s:0:\"\";}s:9:\"UserEmail\";a:1:{i:0;s:17:\"admin@gekosale.pl\";}s:11:\"UserGroupid\";a:1:{i:0;s:1:\"1\";}s:9:\"StoreData\";a:1:{i:0;a:0:{}}s:12:\"UserIsGlobal\";a:1:{i:0;s:1:\"1\";}s:7:\"StoreId\";a:1:{i:0;s:1:\"1\";}s:6:\"ViewId\";a:1:{i:0;s:1:\"3\";}s:10:\"AppVersion\";a:1:{i:0;s:5:\"2.0.0\";}s:7:\"ShopUrl\";a:1:{i:0;s:8:\"geko2.pl\";}s:14:\"GlobalSettings\";a:1:{i:0;a:2:{s:9:\"interface\";a:4:{s:22:\"datagrid_rows_per_page\";s:2:\"20\";s:26:\"datagrid_show_context_menu\";s:1:\"0\";s:25:\"datagrid_click_row_action\";s:4:\"edit\";s:7:\"wysiwyg\";s:3:\"cke\";}s:20:\"gallerysettings_data\";a:1:{s:6:\"colour\";s:6:\"ffffff\";}}}s:8:\"MenuData\";a:1:{i:0;a:10:{i:0;a:4:{s:4:\"name\";s:6:\"Pulpit\";s:4:\"link\";s:8:\"mainside\";s:4:\"icon\";s:9:\"icon-home\";s:10:\"sort_order\";i:1;}i:1;a:5:{s:4:\"name\";s:7:\"Katalog\";s:4:\"link\";s:0:\"\";s:4:\"icon\";s:17:\"icon-folder-close\";s:10:\"sort_order\";i:2;s:8:\"elements\";a:9:{i:0;a:4:{s:4:\"name\";s:8:\"Produkty\";s:4:\"link\";s:7:\"product\";s:10:\"sort_order\";i:10;s:10:\"controller\";s:7:\"product\";}i:1;a:4:{s:4:\"name\";s:9:\"Kategorie\";s:4:\"link\";s:8:\"category\";s:10:\"sort_order\";i:20;s:10:\"controller\";s:8:\"category\";}i:2;a:4:{s:4:\"name\";s:17:\"Warianty produktu\";s:4:\"link\";s:14:\"attributegroup\";s:10:\"sort_order\";i:30;s:10:\"controller\";s:14:\"attributegroup\";}i:3;a:4:{s:4:\"name\";s:15:\"Status produktu\";s:4:\"link\";s:13:\"productstatus\";s:10:\"sort_order\";i:50;s:10:\"controller\";s:13:\"productstatus\";}i:4;a:4:{s:4:\"name\";s:10:\"Producenci\";s:4:\"link\";s:8:\"producer\";s:10:\"sort_order\";i:60;s:10:\"controller\";s:8:\"producer\";}i:5;a:4:{s:4:\"name\";s:8:\"Dostawcy\";s:4:\"link\";s:9:\"deliverer\";s:10:\"sort_order\";i:70;s:10:\"controller\";s:9:\"deliverer\";}i:6;a:4:{s:4:\"name\";s:15:\"Jednostka miary\";s:4:\"link\";s:11:\"unitmeasure\";s:10:\"sort_order\";i:80;s:10:\"controller\";s:11:\"unitmeasure\";}i:7;a:4:{s:4:\"name\";s:13:\"Dostępność\";s:4:\"link\";s:11:\"availablity\";s:10:\"sort_order\";i:80;s:10:\"controller\";s:11:\"availablity\";}i:8;a:5:{s:4:\"name\";s:6:\"Opinie\";s:4:\"link\";s:9:\"rangetype\";s:10:\"sort_order\";i:90;s:10:\"controller\";s:9:\"rangetype\";s:10:\"subelement\";a:2:{i:0;a:4:{s:4:\"name\";s:10:\"Typ opinii\";s:4:\"link\";s:9:\"rangetype\";s:10:\"sort_order\";i:10;s:10:\"controller\";s:9:\"rangetype\";}i:1;a:4:{s:4:\"name\";s:21:\"Opinie dla produktów\";s:4:\"link\";s:12:\"productrange\";s:10:\"sort_order\";i:20;s:10:\"controller\";s:12:\"productrange\";}}}}}i:2;a:5:{s:4:\"name\";s:8:\"Promocja\";s:4:\"link\";s:0:\"\";s:4:\"icon\";s:9:\"icon-tags\";s:10:\"sort_order\";i:3;s:8:\"elements\";a:6:{i:0;a:4:{s:4:\"name\";s:9:\"Akcesoria\";s:4:\"link\";s:6:\"upsell\";s:10:\"sort_order\";i:1;s:10:\"controller\";s:6:\"upsell\";}i:1;a:4:{s:4:\"name\";s:19:\"Sprzedaż krzyżowa\";s:4:\"link\";s:9:\"crosssell\";s:10:\"sort_order\";i:2;s:10:\"controller\";s:9:\"crosssell\";}i:2;a:4:{s:4:\"name\";s:16:\"Podobne produkty\";s:4:\"link\";s:14:\"similarproduct\";s:10:\"sort_order\";i:3;s:10:\"controller\";s:14:\"similarproduct\";}i:3;a:4:{s:4:\"name\";s:18:\"Nowości w Sklepie\";s:4:\"link\";s:11:\"productnews\";s:10:\"sort_order\";i:5;s:10:\"controller\";s:11:\"productnews\";}i:4;a:4:{s:4:\"name\";s:18:\"Promocje w Sklepie\";s:4:\"link\";s:16:\"productpromotion\";s:10:\"sort_order\";i:6;s:10:\"controller\";s:16:\"productpromotion\";}i:5;a:4:{s:4:\"name\";s:20:\"Lista reguł koszyka\";s:4:\"link\";s:9:\"rulescart\";s:10:\"sort_order\";i:7;s:10:\"controller\";s:9:\"rulescart\";}}}i:3;a:5:{s:4:\"name\";s:9:\"Sprzedaż\";s:4:\"link\";s:0:\"\";s:4:\"icon\";s:18:\"icon-shopping-cart\";s:10:\"sort_order\";i:4;s:8:\"elements\";a:4:{i:0;a:4:{s:4:\"name\";s:16:\"Lista zamówień\";s:4:\"link\";s:5:\"order\";s:10:\"sort_order\";i:1;s:10:\"controller\";s:5:\"order\";}i:1;a:4:{s:4:\"name\";s:18:\"Statusy zamówień\";s:4:\"link\";s:11:\"orderstatus\";s:10:\"sort_order\";i:2;s:10:\"controller\";s:11:\"orderstatus\";}i:2;a:4:{s:4:\"name\";s:26:\"Grupy statusów zamówień\";s:4:\"link\";s:17:\"orderstatusgroups\";s:10:\"sort_order\";i:3;s:10:\"controller\";s:17:\"orderstatusgroups\";}i:3;a:4:{s:4:\"name\";s:7:\"Faktury\";s:4:\"link\";s:7:\"invoice\";s:10:\"sort_order\";i:4;s:10:\"controller\";s:7:\"invoice\";}}}i:4;a:5:{s:4:\"name\";s:7:\"Raporty\";s:4:\"link\";s:0:\"\";s:4:\"icon\";s:11:\"icon-signal\";s:10:\"sort_order\";i:5;s:8:\"elements\";a:7:{i:0;a:4:{s:4:\"name\";s:20:\"Statystyki klientów\";s:4:\"link\";s:12:\"statsclients\";s:10:\"sort_order\";i:1;s:10:\"controller\";s:12:\"statsclients\";}i:1;a:4:{s:4:\"name\";s:21:\"Statystyki produktów\";s:4:\"link\";s:13:\"statsproducts\";s:10:\"sort_order\";i:2;s:10:\"controller\";s:13:\"statsproducts\";}i:2;a:4:{s:4:\"name\";s:21:\"Statystyki sprzedaży\";s:4:\"link\";s:10:\"statssales\";s:10:\"sort_order\";i:3;s:10:\"controller\";s:10:\"statssales\";}i:3;a:4:{s:4:\"name\";s:13:\"Szukane frazy\";s:4:\"link\";s:10:\"mostsearch\";s:10:\"sort_order\";i:6;s:10:\"controller\";s:10:\"mostsearch\";}i:4;a:4:{s:4:\"name\";s:23:\"Najczęściej oglądano\";s:4:\"link\";s:10:\"mostviewed\";s:10:\"sort_order\";i:7;s:10:\"controller\";s:10:\"mostviewed\";}i:5;a:4:{s:4:\"name\";s:17:\"Kupiono również\";s:4:\"link\";s:7:\"buyalso\";s:10:\"sort_order\";i:8;s:10:\"controller\";s:7:\"buyalso\";}i:6;a:4:{s:4:\"name\";s:14:\"Klienci online\";s:4:\"link\";s:3:\"spy\";s:10:\"sort_order\";i:9;s:10:\"controller\";s:3:\"spy\";}}}i:5;a:5:{s:4:\"name\";s:3:\"CRM\";s:4:\"link\";s:5:\"range\";s:4:\"icon\";s:9:\"icon-user\";s:10:\"sort_order\";i:6;s:8:\"elements\";a:2:{i:0;a:4:{s:4:\"name\";s:7:\"Klienci\";s:4:\"link\";s:6:\"client\";s:10:\"sort_order\";i:1;s:10:\"controller\";s:6:\"client\";}i:1;a:4:{s:4:\"name\";s:15:\"Grupy klientów\";s:4:\"link\";s:11:\"clientgroup\";s:10:\"sort_order\";i:3;s:10:\"controller\";s:11:\"clientgroup\";}}}i:6;a:5:{s:4:\"name\";s:3:\"CMS\";s:4:\"link\";s:0:\"\";s:4:\"icon\";s:11:\"icon-pencil\";s:10:\"sort_order\";i:7;s:8:\"elements\";a:4:{i:0;a:4:{s:4:\"name\";s:12:\"Aktualności\";s:4:\"link\";s:4:\"news\";s:10:\"sort_order\";i:1;s:10:\"controller\";s:4:\"news\";}i:1;a:4:{s:4:\"name\";s:19:\"Strony informacyjne\";s:4:\"link\";s:15:\"contentcategory\";s:10:\"sort_order\";i:3;s:10:\"controller\";s:15:\"contentcategory\";}i:2;a:4:{s:4:\"name\";s:5:\"Pliki\";s:4:\"link\";s:5:\"files\";s:10:\"sort_order\";i:5;s:10:\"controller\";s:5:\"files\";}i:3;a:5:{s:4:\"name\";s:10:\"Newsletter\";s:4:\"link\";s:10:\"newsletter\";s:10:\"sort_order\";i:9;s:10:\"controller\";s:10:\"newsletter\";s:10:\"subelement\";a:3:{i:0;a:4:{s:4:\"name\";s:23:\"Zapisani do newslettera\";s:4:\"link\";s:16:\"clientnewsletter\";s:10:\"sort_order\";i:2;s:10:\"controller\";s:16:\"clientnewsletter\";}i:1;a:4:{s:4:\"name\";s:16:\"Listy odbiorców\";s:4:\"link\";s:13:\"recipientlist\";s:10:\"sort_order\";i:1;s:10:\"controller\";s:13:\"recipientlist\";}i:2;a:4:{s:4:\"name\";s:20:\"Szablony wiadomości\";s:4:\"link\";s:10:\"newsletter\";s:10:\"sort_order\";i:2;s:10:\"controller\";s:10:\"newsletter\";}}}}}i:7;a:5:{s:4:\"name\";s:16:\"Szablony stylów\";s:4:\"link\";s:14:\"templateeditor\";s:4:\"icon\";s:12:\"icon-picture\";s:10:\"sort_order\";i:8;s:8:\"elements\";a:3:{i:0;a:4:{s:4:\"name\";s:21:\"Biblioteka szablonów\";s:4:\"link\";s:14:\"templateeditor\";s:10:\"sort_order\";i:1;s:10:\"controller\";s:14:\"templateeditor\";}i:1;a:4:{s:4:\"name\";s:5:\"Boksy\";s:4:\"link\";s:9:\"layoutbox\";s:10:\"sort_order\";i:2;s:10:\"controller\";s:9:\"layoutbox\";}i:2;a:4:{s:4:\"name\";s:19:\"Układ stron sklepu\";s:4:\"link\";s:13:\"subpagelayout\";s:10:\"sort_order\";i:3;s:10:\"controller\";s:13:\"subpagelayout\";}}}i:8;a:5:{s:4:\"name\";s:10:\"Integracja\";s:4:\"link\";s:0:\"\";s:4:\"icon\";s:10:\"icon-share\";s:10:\"sort_order\";i:9;s:8:\"elements\";a:2:{i:0;a:4:{s:4:\"name\";s:19:\"Lista porównywarek\";s:4:\"link\";s:11:\"integration\";s:10:\"sort_order\";i:1;s:10:\"controller\";s:11:\"integration\";}i:1;a:4:{s:4:\"name\";s:10:\"Mapy stron\";s:4:\"link\";s:8:\"sitemaps\";s:10:\"sort_order\";i:5;s:10:\"controller\";s:8:\"sitemaps\";}}}i:9;a:5:{s:4:\"name\";s:12:\"Konfiguracja\";s:4:\"link\";s:0:\"\";s:4:\"icon\";s:11:\"icon-wrench\";s:10:\"sort_order\";i:10;s:8:\"elements\";a:12:{i:0;a:4:{s:4:\"name\";s:21:\"Globalna konfiguracja\";s:4:\"link\";s:14:\"globalsettings\";s:10:\"sort_order\";i:1;s:10:\"controller\";s:14:\"globalsettings\";}i:1;a:4:{s:4:\"name\";s:5:\"Firmy\";s:4:\"link\";s:5:\"store\";s:10:\"sort_order\";i:2;s:10:\"controller\";s:5:\"store\";}i:2;a:4:{s:4:\"name\";s:6:\"Sklepy\";s:4:\"link\";s:4:\"view\";s:10:\"sort_order\";i:3;s:10:\"controller\";s:4:\"view\";}i:3;a:4:{s:4:\"name\";s:18:\"Moduł płatności\";s:4:\"link\";s:13:\"paymentmethod\";s:10:\"sort_order\";i:4;s:10:\"controller\";s:13:\"paymentmethod\";}i:4;a:4:{s:4:\"name\";s:15:\"Moduł wysyłki\";s:4:\"link\";s:14:\"dispatchmethod\";s:10:\"sort_order\";i:5;s:10:\"controller\";s:14:\"dispatchmethod\";}i:5;a:4:{s:4:\"name\";s:12:\"Użytkownicy\";s:4:\"link\";s:5:\"users\";s:10:\"sort_order\";i:6;s:10:\"controller\";s:5:\"users\";}i:6;a:4:{s:4:\"name\";s:20:\"Grupy użytkowników\";s:4:\"link\";s:6:\"groups\";s:10:\"sort_order\";i:7;s:10:\"controller\";s:6:\"groups\";}i:7;a:4:{s:4:\"name\";s:6:\"Język\";s:4:\"link\";s:8:\"language\";s:10:\"sort_order\";i:8;s:10:\"controller\";s:8:\"language\";}i:8;a:4:{s:4:\"name\";s:6:\"Waluty\";s:4:\"link\";s:14:\"currencieslist\";s:10:\"sort_order\";i:9;s:10:\"controller\";s:14:\"currencieslist\";}i:9;a:4:{s:4:\"name\";s:7:\"Kontakt\";s:4:\"link\";s:7:\"contact\";s:10:\"sort_order\";i:11;s:10:\"controller\";s:7:\"contact\";}i:10;a:4:{s:4:\"name\";s:11:\"Podatek VAT\";s:4:\"link\";s:3:\"vat\";s:10:\"sort_order\";i:12;s:10:\"controller\";s:3:\"vat\";}i:11;a:5:{s:4:\"name\";s:12:\"Zaawansowane\";s:4:\"link\";s:11:\"translation\";s:10:\"sort_order\";i:9;s:10:\"controller\";s:11:\"translation\";s:10:\"subelement\";a:2:{i:0;a:4:{s:4:\"name\";s:12:\"Tłumaczenia\";s:4:\"link\";s:11:\"translation\";s:10:\"sort_order\";i:10;s:10:\"controller\";s:11:\"translation\";}i:1;a:4:{s:4:\"name\";s:23:\"Ustawienia adresów URL\";s:4:\"link\";s:13:\"controllerseo\";s:10:\"sort_order\";i:13;s:10:\"controller\";s:13:\"controllerseo\";}}}}}}}s:7:\"ViewIds\";a:1:{i:0;N;}}','t4chkmhcl6ad9ooq197km1tr70','2013-03-05 21:54:36',0,3,0,0,'127.0.0.1',0.00,'PLN',NULL,NULL,'http://geko2.pl/admin/order','null');
DROP TABLE IF EXISTS `similarproduct`;
/*!40101 SET @saved_cs_client     = @@character_set_client */;
/*!40101 SET character_set_client = utf8 */;
CREATE TABLE `similarproduct` (
  `idsimilarproduct` int(10) unsigned NOT NULL AUTO_INCREMENT,
  `productid` int(10) unsigned NOT NULL,
  `relatedproductid` int(10) unsigned NOT NULL,
  `adddate` timestamp NOT NULL DEFAULT CURRENT_TIMESTAMP ON UPDATE CURRENT_TIMESTAMP,
  `hierarchy` int(11) NOT NULL DEFAULT '0',
  PRIMARY KEY (`idsimilarproduct`),
  UNIQUE KEY `UNIQUE_similarproduct_productid_relatedproductid` (`productid`,`relatedproductid`),
  KEY `FK_similarproduct_relatedproductid` (`relatedproductid`),
  CONSTRAINT `FK_similarproduct_productid` FOREIGN KEY (`productid`) REFERENCES `product` (`idproduct`) ON DELETE CASCADE ON UPDATE NO ACTION,
  CONSTRAINT `FK_similarproduct_relatedproductid` FOREIGN KEY (`relatedproductid`) REFERENCES `product` (`idproduct`) ON DELETE CASCADE ON UPDATE NO ACTION
) ENGINE=InnoDB AUTO_INCREMENT=1062 DEFAULT CHARSET=utf8 ROW_FORMAT=DYNAMIC;
/*!40101 SET character_set_client = @saved_cs_client */;

INSERT INTO `similarproduct` (`idsimilarproduct`, `productid`, `relatedproductid`, `adddate`, `hierarchy`) VALUES (119,703,704,'2012-07-25 15:11:31',0),(120,703,705,'2012-07-25 15:11:31',0),(263,700,702,'2012-07-26 15:08:33',0),(264,700,699,'2012-07-26 15:08:33',0),(265,700,698,'2012-07-26 15:08:33',0),(266,700,672,'2012-07-26 15:08:33',0),(267,700,673,'2012-07-26 15:08:33',0),(273,699,700,'2012-07-26 15:08:56',0),(274,699,702,'2012-07-26 15:08:56',0),(277,698,700,'2012-07-26 15:09:16',0),(279,697,696,'2012-07-26 15:11:01',0),(281,696,695,'2012-07-26 15:11:30',0),(282,696,697,'2012-07-26 15:11:30',0),(283,696,700,'2012-07-26 15:11:30',0),(284,696,699,'2012-07-26 15:11:30',0),(285,695,696,'2012-07-26 15:11:30',0),(287,700,696,'2012-07-26 15:11:30',0),(288,699,696,'2012-07-26 15:11:30',0),(289,693,690,'2012-07-26 15:12:19',0),(290,693,692,'2012-07-26 15:12:19',0),(291,693,691,'2012-07-26 15:12:19',0),(301,691,690,'2012-07-26 15:13:12',0),(302,691,693,'2012-07-26 15:13:12',0),(303,691,692,'2012-07-26 15:13:12',0),(317,688,685,'2012-07-26 15:14:49',0),(318,688,686,'2012-07-26 15:14:49',0),(321,687,685,'2012-07-26 15:15:17',0),(322,687,686,'2012-07-26 15:15:17',0),(325,686,685,'2012-07-26 15:15:51',0),(326,686,687,'2012-07-26 15:15:51',0),(327,686,688,'2012-07-26 15:15:51',0),(328,686,689,'2012-07-26 15:15:51',0),(363,676,674,'2012-07-27 15:15:44',0),(364,676,673,'2012-07-27 15:15:44',0),(365,676,672,'2012-07-27 15:15:44',0),(366,676,702,'2012-07-27 15:15:44',0),(367,676,701,'2012-07-27 15:15:44',0),(368,674,676,'2012-07-27 15:15:44',0),(443,685,686,'2012-08-06 23:55:38',0),(444,685,687,'2012-08-06 23:55:38',0),(445,685,688,'2012-08-06 23:55:38',0),(446,685,689,'2012-08-06 23:55:38',0),(731,690,691,'2012-08-30 01:32:56',0),(732,690,692,'2012-08-30 01:32:56',0),(733,690,693,'2012-08-30 01:32:56',0),(782,702,672,'2012-08-31 13:15:16',0),(783,702,676,'2012-08-31 13:15:16',0),(784,702,677,'2012-08-31 13:15:16',0),(785,702,699,'2012-08-31 13:15:16',0),(786,702,700,'2012-08-31 13:15:16',0),(787,702,701,'2012-08-31 13:15:16',0),(814,692,690,'2012-08-31 15:04:49',0),(815,692,691,'2012-08-31 15:04:49',0),(816,692,693,'2012-08-31 15:04:49',0),(828,689,685,'2012-08-31 15:05:35',0),(829,689,686,'2012-08-31 15:05:35',0),(836,678,681,'2012-09-02 13:46:58',0),(837,678,682,'2012-09-02 13:46:58',0),(838,678,683,'2012-09-02 13:46:58',0),(852,683,678,'2012-09-02 13:47:53',0),(853,683,680,'2012-09-02 13:47:53',0),(854,683,681,'2012-09-02 13:47:53',0),(855,683,682,'2012-09-02 13:47:53',0),(856,683,705,'2012-09-02 13:47:53',0),(862,682,678,'2012-09-02 13:48:44',0),(863,682,683,'2012-09-02 13:48:44',0),(864,682,705,'2012-09-02 13:48:44',0),(905,701,672,'2012-09-11 15:17:38',0),(906,701,673,'2012-09-11 15:17:38',0),(907,701,675,'2012-09-11 15:17:38',0),(908,701,676,'2012-09-11 15:17:38',0),(909,701,677,'2012-09-11 15:17:38',0),(910,701,702,'2012-09-11 15:17:38',0),(917,681,678,'2012-09-11 15:20:56',0),(918,681,680,'2012-09-11 15:20:56',0),(919,681,683,'2012-09-11 15:20:56',0),(923,680,681,'2012-09-11 15:21:24',0),(924,680,683,'2012-09-11 15:21:24',0),(927,677,701,'2012-09-11 15:21:55',0),(928,677,702,'2012-09-11 15:21:55',0),(931,675,701,'2012-09-11 15:22:19',0),(961,705,682,'2012-10-10 23:22:45',0),(962,705,683,'2012-10-10 23:22:45',0),(963,705,703,'2012-10-10 23:22:45',0),(964,705,704,'2012-10-10 23:22:45',0),(981,704,703,'2012-10-10 23:24:30',0),(982,704,705,'2012-10-10 23:24:30',0),(997,673,676,'2012-10-10 23:39:58',0),(998,673,700,'2012-10-10 23:39:58',0),(999,673,701,'2012-10-10 23:39:58',0),(1058,672,676,'2012-12-09 17:32:08',1),(1059,672,700,'2012-12-09 17:32:08',2),(1060,672,701,'2012-12-09 17:32:08',5),(1061,672,702,'2012-12-09 17:32:08',4);
DROP TABLE IF EXISTS `sitemaps`;
/*!40101 SET @saved_cs_client     = @@character_set_client */;
/*!40101 SET character_set_client = utf8 */;
CREATE TABLE `sitemaps` (
  `idsitemaps` int(10) unsigned NOT NULL AUTO_INCREMENT,
  `name` varchar(255) NOT NULL,
  `publishforcategories` int(10) unsigned NOT NULL DEFAULT '1',
  `priorityforcategories` char(3) DEFAULT NULL,
  `publishforproducts` int(10) unsigned NOT NULL DEFAULT '1',
  `priorityforproducts` char(3) DEFAULT NULL,
  `publishforproducers` int(10) unsigned NOT NULL DEFAULT '1',
  `priorityforproducers` char(3) DEFAULT NULL,
  `publishfornews` int(10) unsigned NOT NULL DEFAULT '1',
  `priorityfornews` char(3) DEFAULT NULL,
  `publishforpages` int(10) unsigned NOT NULL DEFAULT '1',
  `priorityforpages` char(3) DEFAULT NULL,
  `adddate` timestamp NOT NULL DEFAULT CURRENT_TIMESTAMP ON UPDATE CURRENT_TIMESTAMP,
  `lastupdate` datetime DEFAULT NULL,
  `pingserver` varchar(255) NOT NULL,
  PRIMARY KEY (`idsitemaps`)
) ENGINE=InnoDB AUTO_INCREMENT=4 DEFAULT CHARSET=utf8 ROW_FORMAT=DYNAMIC;
/*!40101 SET character_set_client = @saved_cs_client */;

INSERT INTO `sitemaps` (`idsitemaps`, `name`, `publishforcategories`, `priorityforcategories`, `publishforproducts`, `priorityforproducts`, `publishforproducers`, `priorityforproducers`, `publishfornews`, `priorityfornews`, `publishforpages`, `priorityforpages`, `adddate`, `lastupdate`, `pingserver`) VALUES (1,'Bing',1,'0.5',1,'0.8',1,'0.5',1,'0.5',1,'0.5','2012-07-26 11:11:15','2012-07-26 11:11:15','http://www.bing.com/webmaster/ping.aspx?siteMap={SITEMAP_URL}'),(2,'Google',1,'0.5',1,'0',1,'0.5',1,'0.5',1,'0.5','2010-04-13 09:10:47','2010-07-13 12:21:26','http://www.google.com/webmasters/sitemaps/ping?sitemap={SITEMAP_URL}'),(3,'Yahoo',1,'0.5',1,'0',1,'0.5',1,'0.5',1,'0.5','2010-04-13 09:12:53','2010-07-13 12:21:41','http://search.yahooapis.com/SiteExplorerService/V1/updateNotification?appid=YahooDemo&url={SITEMAP_URL}');
DROP TABLE IF EXISTS `store`;
/*!40101 SET @saved_cs_client     = @@character_set_client */;
/*!40101 SET character_set_client = utf8 */;
CREATE TABLE `store` (
  `idstore` int(10) unsigned NOT NULL AUTO_INCREMENT,
  `countryid` int(10) unsigned DEFAULT NULL,
  `defaultphotoid` int(10) unsigned DEFAULT '1',
  `bankname` varchar(500) DEFAULT NULL,
  `banknr` varchar(50) DEFAULT NULL,
  `krs` varchar(45) DEFAULT NULL,
  `nip` varchar(45) DEFAULT NULL,
  `companyname` varchar(255) DEFAULT NULL,
  `shortcompanyname` varchar(255) DEFAULT NULL,
  `postcode` varchar(45) DEFAULT NULL,
  `placename` varchar(45) DEFAULT NULL,
  `street` varchar(45) DEFAULT NULL,
  `streetno` varchar(45) DEFAULT NULL,
  `placeno` varchar(45) DEFAULT NULL,
  `province` varchar(45) DEFAULT NULL,
  `invoiceshopslogan` varchar(100) NOT NULL,
  `isinvoiceshopslogan` tinyint(3) unsigned NOT NULL,
  `isinvoiceshopname` tinyint(3) unsigned NOT NULL,
  `invoicephotoid` int(10) unsigned DEFAULT NULL,
  PRIMARY KEY (`idstore`),
  KEY `countryid` (`countryid`),
  KEY `FK_store_defaultphotoid` (`defaultphotoid`),
  CONSTRAINT `FK_store_countryid` FOREIGN KEY (`countryid`) REFERENCES `country` (`idcountry`),
  CONSTRAINT `FK_store_defaultphotoid` FOREIGN KEY (`defaultphotoid`) REFERENCES `file` (`idfile`) ON DELETE SET NULL ON UPDATE NO ACTION
) ENGINE=InnoDB AUTO_INCREMENT=2 DEFAULT CHARSET=utf8;
/*!40101 SET character_set_client = @saved_cs_client */;

INSERT INTO `store` (`idstore`, `countryid`, `defaultphotoid`, `bankname`, `banknr`, `krs`, `nip`, `companyname`, `shortcompanyname`, `postcode`, `placename`, `street`, `streetno`, `placeno`, `province`, `invoiceshopslogan`, `isinvoiceshopslogan`, `isinvoiceshopname`, `invoicephotoid`) VALUES (1,261,NULL,'','PL61249063421792618301528334','000000000','0000000000','Przykładowy sklep Sp. z o.o.','Przykładowy sklep','00-001','Warszawa','Sklepowa 21','','','łódzkie','Dziękujemy za zakupy',1,0,NULL);
DROP TABLE IF EXISTS `subpage`;
/*!40101 SET @saved_cs_client     = @@character_set_client */;
/*!40101 SET character_set_client = utf8 */;
CREATE TABLE `subpage` (
  `idsubpage` int(10) unsigned NOT NULL AUTO_INCREMENT,
  `name` varchar(64) NOT NULL,
  `description` varchar(255) NOT NULL,
  `translation` varchar(128) NOT NULL,
  PRIMARY KEY (`idsubpage`),
  KEY `name` (`name`)
) ENGINE=InnoDB AUTO_INCREMENT=44 DEFAULT CHARSET=utf8;
/*!40101 SET character_set_client = @saved_cs_client */;

INSERT INTO `subpage` (`idsubpage`, `name`, `description`, `translation`) VALUES (1,'Mainside','Strona główna','TXT_MAINSIDE'),(2,'Product','Karta produktu','TXT_PRODUCT'),(5,'Staticcms','Podstrona statyczna','TXT_STATIC_CMS'),(6,'Contact','Kontakt','TXT_CONTACT'),(7,'News','Aktualności','TXT_NEWS'),(9,'ProductInCategory','Lista produktów w kategorii','TXT_PRODUCT_IN_CATEGORY'),(11,'Tags','Tagi','TXT_TAGS'),(13,'Wishlist','Lista życzeń','TXT_WISHLIST'),(14,'Cart','Koszyk','TXT_CART'),(16,'Registration','Formularz rejestracji','TXT_REGISTRATION_CART'),(17,'Payment','Płatność','TXT_PAYMENT'),(19,'Clientlogin','Formularz logowania','TXT_CLIENT_LOGIN'),(20,'Forgotpassword','Przypomnij hasło','TXT_FORGOT_PASSWORD'),(21,'ClientSettings','Ustawienia konta klienta','TXT_CLIENT_SETTINGS'),(22,'ClientOrder','Zamówienia klienta','TXT_CLIENT_ORDER'),(23,'ClientAddress','Adres klienta','TXT_CLIENT_ADDRESS'),(24,'ProductPromotionList','Lista promocji w sklepie','TXT_PRODUCT_PROMOTION_LIST'),(25,'ProductNewsList','Lista nowości w sklepie','TXT_PRODUCT_NEWS_LIST'),(26,'ProductTagsList','Lista otagowanych produktów','TXT_PRODUCT_TAGS_LIST'),(27,'ProductSearchList','Wyszukiwarka','TXT_PRODUCT_SEARCH_LIST'),(35,'Newsletter','Newsletter','TXT_NEWSLETTER'),(38,'Sitemap','Mapa strony','TXT_SITEMAP'),(40,'Producerlist','Lista produktów producenta','TXT_PRODUCER_LIST'),(41,'Checkout','Proces zamówienia','TXT_CHECKOUT'),(42,'Finalization','Podsumowanie zamówienia','TXT_FINALIZATION'),(43,'Conditions','Regulamin','TXT_CONDITIONS');
DROP TABLE IF EXISTS `subpagelayout`;
/*!40101 SET @saved_cs_client     = @@character_set_client */;
/*!40101 SET character_set_client = utf8 */;
CREATE TABLE `subpagelayout` (
  `idsubpagelayout` int(10) unsigned NOT NULL AUTO_INCREMENT,
  `subpageid` int(10) unsigned NOT NULL,
  `pageschemeid` int(11) unsigned DEFAULT NULL,
  PRIMARY KEY (`idsubpagelayout`),
  KEY `subpageid` (`subpageid`),
  KEY `FK_subpagelayout_pageschemeid` (`pageschemeid`),
  CONSTRAINT `FK_subpagelayout_pageschemeid` FOREIGN KEY (`pageschemeid`) REFERENCES `pagescheme` (`idpagescheme`) ON DELETE CASCADE ON UPDATE NO ACTION,
  CONSTRAINT `subpagelayout_ibfk_2` FOREIGN KEY (`subpageid`) REFERENCES `subpage` (`idsubpage`) ON DELETE CASCADE ON UPDATE CASCADE
) ENGINE=InnoDB AUTO_INCREMENT=296 DEFAULT CHARSET=utf8;
/*!40101 SET character_set_client = @saved_cs_client */;

INSERT INTO `subpagelayout` (`idsubpagelayout`, `subpageid`, `pageschemeid`) VALUES (1,1,19),(2,2,19),(5,5,19),(6,6,19),(7,7,19),(9,9,19),(12,11,19),(14,13,19),(15,14,19),(19,16,19),(20,17,19),(22,19,19),(23,20,19),(24,21,19),(25,22,19),(26,23,19),(27,24,19),(28,25,19),(29,26,19),(30,27,19),(39,35,19),(42,38,19),(45,40,19),(140,41,19),(141,42,19),(192,43,19);
DROP TABLE IF EXISTS `subpagelayoutcolumn`;
/*!40101 SET @saved_cs_client     = @@character_set_client */;
/*!40101 SET character_set_client = utf8 */;
CREATE TABLE `subpagelayoutcolumn` (
  `idsubpagelayoutcolumn` int(10) unsigned NOT NULL AUTO_INCREMENT,
  `subpagelayoutid` int(10) unsigned NOT NULL,
  `order` int(10) unsigned NOT NULL,
  `width` int(10) unsigned NOT NULL,
  `adddate` timestamp NOT NULL DEFAULT CURRENT_TIMESTAMP ON UPDATE CURRENT_TIMESTAMP,
  `viewid` int(10) unsigned DEFAULT NULL,
  PRIMARY KEY (`idsubpagelayoutcolumn`),
  KEY `subpagelayoutid` (`subpagelayoutid`),
  CONSTRAINT `subpagelayoutcolumn_ibfk_1` FOREIGN KEY (`subpagelayoutid`) REFERENCES `subpagelayout` (`idsubpagelayout`) ON DELETE CASCADE ON UPDATE NO ACTION
) ENGINE=InnoDB AUTO_INCREMENT=608 DEFAULT CHARSET=utf8 COMMENT='InnoDB free: 0 kB; (`adddate`) REFER `gekosale_alpha/user`(`';
/*!40101 SET character_set_client = @saved_cs_client */;

INSERT INTO `subpagelayoutcolumn` (`idsubpagelayoutcolumn`, `subpagelayoutid`, `order`, `width`, `adddate`, `viewid`) VALUES (4,2,1,908,'2012-06-24 20:33:59',NULL),(22,5,1,170,'2012-07-20 14:25:59',NULL),(29,6,1,170,'2012-07-20 13:58:16',NULL),(32,7,1,170,'2012-07-20 14:25:23',NULL),(34,12,1,180,'2010-11-13 15:00:04',NULL),(36,9,1,180,'2010-11-13 15:00:04',NULL),(39,14,1,180,'2010-11-13 15:00:04',NULL),(42,15,1,908,'2013-03-04 01:41:30',NULL),(48,9,2,0,'2010-06-25 10:24:13',NULL),(51,19,1,0,'2012-05-22 16:52:49',NULL),(54,20,1,908,'2013-03-04 01:44:12',NULL),(61,22,1,0,'2012-05-22 16:52:31',NULL),(64,23,1,0,'2012-05-22 16:56:41',NULL),(66,7,2,0,'2010-06-25 10:24:13',NULL),(68,24,1,180,'2010-11-13 15:00:04',NULL),(69,24,2,0,'2010-06-25 10:24:13',NULL),(71,25,1,180,'2010-11-13 15:00:04',NULL),(72,25,2,0,'2010-06-25 10:24:13',NULL),(74,26,1,180,'2010-11-13 15:00:04',NULL),(75,26,2,0,'2010-06-25 10:24:13',NULL),(77,27,1,180,'2010-11-13 15:00:04',NULL),(78,27,2,0,'2010-06-25 10:24:13',NULL),(80,28,1,180,'2010-11-13 15:00:04',NULL),(81,28,2,0,'2010-06-25 10:24:13',NULL),(83,29,1,180,'2010-11-13 15:00:04',NULL),(84,29,2,0,'2010-06-25 10:24:13',NULL),(87,30,1,180,'2012-07-02 00:30:12',NULL),(103,39,1,180,'2010-11-13 15:00:04',NULL),(104,39,2,0,'2010-06-25 10:24:13',NULL),(121,42,1,0,'2012-07-14 15:55:39',NULL),(122,14,2,0,'2011-02-02 23:39:45',NULL),(126,45,1,180,'2011-07-11 18:49:12',NULL),(127,45,2,0,'2011-07-11 18:49:12',NULL),(128,1,1,908,'2013-03-04 01:41:23',NULL),(129,1,2,908,'2013-03-04 01:41:23',NULL),(289,2,2,908,'2013-03-04 01:56:32',NULL),(291,19,2,180,'2012-06-26 21:51:30',NULL),(292,5,2,0,'2012-06-27 22:14:07',NULL),(295,140,1,908,'2013-03-04 01:42:03',NULL),(297,6,2,0,'2012-07-01 00:12:15',NULL),(299,141,1,908,'2013-03-04 01:43:16',NULL),(301,30,2,0,'2012-07-02 00:30:12',NULL),(350,22,2,180,'2012-07-14 13:26:46',NULL),(351,2,3,908,'2013-03-04 01:56:32',NULL),(401,192,1,170,'2012-07-20 14:25:42',NULL),(402,192,2,0,'2012-07-19 22:53:26',NULL);
DROP TABLE IF EXISTS `subpagelayoutcolumnbox`;
/*!40101 SET @saved_cs_client     = @@character_set_client */;
/*!40101 SET character_set_client = utf8 */;
CREATE TABLE `subpagelayoutcolumnbox` (
  `idsubpagelayoutcolumnbox` int(10) unsigned NOT NULL AUTO_INCREMENT,
  `subpagelayoutcolumnid` int(10) unsigned NOT NULL,
  `layoutboxid` int(10) unsigned NOT NULL,
  `order` int(10) unsigned NOT NULL,
  `colspan` int(10) unsigned NOT NULL,
  `collapsed` int(10) unsigned DEFAULT NULL,
  PRIMARY KEY (`idsubpagelayoutcolumnbox`),
  KEY `subpagelayoutcolumnid` (`subpagelayoutcolumnid`),
  KEY `layoutboxid` (`layoutboxid`),
  CONSTRAINT `subpagelayoutcolumnbox_ibfk_1` FOREIGN KEY (`subpagelayoutcolumnid`) REFERENCES `subpagelayoutcolumn` (`idsubpagelayoutcolumn`) ON DELETE CASCADE ON UPDATE NO ACTION,
  CONSTRAINT `subpagelayoutcolumnbox_ibfk_2` FOREIGN KEY (`layoutboxid`) REFERENCES `layoutbox` (`idlayoutbox`) ON DELETE CASCADE ON UPDATE NO ACTION
) ENGINE=InnoDB AUTO_INCREMENT=3811 DEFAULT CHARSET=utf8;
/*!40101 SET character_set_client = @saved_cs_client */;

INSERT INTO `subpagelayoutcolumnbox` (`idsubpagelayoutcolumnbox`, `subpagelayoutcolumnid`, `layoutboxid`, `order`, `colspan`, `collapsed`) VALUES (1265,83,38,0,1,0),(1664,39,38,0,1,0),(2126,77,38,0,1,0),(2128,78,63,0,1,0),(2129,80,38,0,1,0),(2131,81,62,0,1,0),(2537,103,38,0,1,0),(2538,104,81,0,1,0),(2729,64,55,0,1,0),(2850,68,115,0,1,0),(2852,69,56,0,1,0),(2853,71,115,0,1,0),(2854,72,58,0,1,0),(2898,74,115,0,1,0),(2899,75,57,0,1,0),(2919,87,38,0,1,0),(2920,87,103,1,1,0),(2921,301,65,0,1,0),(2987,121,99,0,1,0),(3105,401,223,0,1,0),(3106,401,35,1,1,0),(3107,402,222,0,1,0),(3269,126,105,0,1,0),(3270,127,106,0,1,0),(3289,61,54,0,1,0),(3290,61,51,1,1,0),(3293,51,54,0,1,0),(3294,51,51,1,1,0),(3767,36,38,0,1,0),(3768,36,103,1,1,0),(3769,48,50,0,1,0),(3782,29,223,0,1,0),(3783,297,29,0,1,0),(3784,22,223,0,1,0),(3785,292,82,0,1,0),(3786,32,223,0,1,0),(3787,66,30,0,1,0),(3793,128,83,0,1,0),(3794,129,277,0,1,0),(3795,129,36,1,1,0),(3796,129,44,2,1,0),(3801,42,46,0,1,0),(3802,295,120,0,1,0),(3803,299,121,0,1,0),(3804,54,52,0,1,0),(3805,4,49,0,1,0),(3806,289,118,0,1,0),(3807,351,88,0,1,0),(3808,351,87,1,1,0),(3809,351,89,2,1,0),(3810,351,86,3,1,0);
DROP TABLE IF EXISTS `suffixtype`;
/*!40101 SET @saved_cs_client     = @@character_set_client */;
/*!40101 SET character_set_client = utf8 */;
CREATE TABLE `suffixtype` (
  `idsuffixtype` int(10) unsigned NOT NULL AUTO_INCREMENT,
  `name` varchar(255) NOT NULL,
  `symbol` char(1) NOT NULL,
  `adddate` timestamp NOT NULL DEFAULT CURRENT_TIMESTAMP ON UPDATE CURRENT_TIMESTAMP,
  PRIMARY KEY (`idsuffixtype`),
  KEY `UNIQUE_suffixtype_symbol` (`symbol`)
) ENGINE=InnoDB AUTO_INCREMENT=5 DEFAULT CHARSET=utf8 ROW_FORMAT=DYNAMIC;
/*!40101 SET character_set_client = @saved_cs_client */;

INSERT INTO `suffixtype` (`idsuffixtype`, `name`, `symbol`, `adddate`) VALUES (1,'TXT_PERCENT','%','2010-09-23 11:07:18'),(2,'TXT_PLUS','+','2010-09-23 11:07:18'),(3,'TXT_SUBTRACT','-','2010-09-23 11:07:18'),(4,'TXT_EQUAL','=','2010-09-23 11:07:18');
DROP TABLE IF EXISTS `translation`;
/*!40101 SET @saved_cs_client     = @@character_set_client */;
/*!40101 SET character_set_client = utf8 */;
CREATE TABLE `translation` (
  `idtranslation` int(10) unsigned NOT NULL AUTO_INCREMENT,
  `name` varchar(255) NOT NULL,
  `adddate` timestamp NOT NULL DEFAULT CURRENT_TIMESTAMP ON UPDATE CURRENT_TIMESTAMP,
  PRIMARY KEY (`idtranslation`),
  KEY `UNIQUE_name_languageid` (`name`)
) ENGINE=InnoDB AUTO_INCREMENT=5811 DEFAULT CHARSET=utf8;
/*!40101 SET character_set_client = @saved_cs_client */;

INSERT INTO `translation` (`idtranslation`, `name`, `adddate`) VALUES (1,'TXT_LOGOUT','2010-11-21 16:56:33'),(2,'TXT_CLIENTS','2012-05-05 20:55:01'),(3,'TXT_CATALOG','2012-05-05 20:55:22'),(4,'TXT_ORDERS','2010-09-23 11:07:22'),(5,'TXT_USERS','2010-09-23 11:07:22'),(6,'TXT_CONFIGURATION','2010-09-23 11:07:22'),(7,'TXT_CMS','2010-09-23 11:07:22'),(12,'TXT_EMAIL','2010-09-23 11:07:22'),(13,'TXT_FIRSTNAME_SURNAME','2010-09-23 11:07:22'),(14,'TXT_SURNAME','2010-09-23 11:07:22'),(16,'TXT_FIRSTNAME','2010-09-23 11:07:22'),(18,'TXT_NEWS','2011-09-14 10:31:20'),(20,'TXT_STATIC_CONTENT','2010-09-23 11:07:22'),(22,'TXT_TOPIC','2010-09-23 11:07:22'),(23,'TXT_AUTHOR','2010-09-23 11:07:22'),(24,'TXT_PUBLISH_DATE','2010-09-23 11:07:22'),(25,'TXT_END_OF_PUBLISH_DATE','2010-09-23 11:07:22'),(26,'TXT_PUBLISHED','2010-09-23 11:07:22'),(28,'TXT_NOT_PUBLISHED','2010-09-23 11:07:22'),(29,'TXT_ADD','2010-09-23 11:07:22'),(30,'TXT_SELECT_ALL','2010-09-23 11:07:22'),(32,'TXT_DELETE','2010-09-23 11:07:22'),(34,'TXT_CONTENT','2010-09-23 11:07:22'),(36,'TXT_NEWS_ADD','2010-09-23 11:07:22'),(38,'TXT_EDIT','2010-09-23 11:07:22'),(39,'TXT_USER_ADD','2010-09-23 11:07:22'),(40,'TXT_USER_DATA','2010-09-23 11:07:22'),(41,'TXT_USER_EDIT','2010-09-23 11:07:22'),(42,'TXT_NEWS_EDIT','2010-09-23 11:07:22'),(46,'TXT_GROUP_NAME','2010-09-23 11:07:22'),(47,'TXT_GROUP_EDIT','2010-09-23 11:07:22'),(48,'TXT_GROUP_ADD','2010-09-23 11:07:22'),(49,'TXT_DESCRIPTION','2010-09-23 11:07:22'),(50,'TXT_ID','2010-09-23 11:07:22'),(51,'TXT_USERS_LIST','2010-09-23 11:07:22'),(52,'TXT_GROUP','2010-09-23 11:07:22'),(53,'TXT_MONDAY','2010-09-23 11:07:22'),(54,'TXT_TUESDAY','2010-09-23 11:07:22'),(55,'TXT_WEDNESDAY','2010-09-23 11:07:22'),(56,'TXT_THURSDAY','2010-09-23 11:07:22'),(57,'TXT_FRIDAY','2010-09-23 11:07:22'),(58,'TXT_SATURDAY','2010-09-23 11:07:22'),(59,'TXT_SUNDAY','2010-09-23 11:07:22'),(60,'TXT_DATE','2010-09-23 11:07:22'),(61,'TXT_TIME','2010-09-23 11:07:22'),(62,'TXT_USER_LOGIN','2010-09-23 11:07:22'),(63,'TXT_HOME_PAGE','2010-09-23 11:07:22'),(65,'TXT_GROUP_PERMISSION','2010-09-23 11:07:22'),(73,'TXT_CONTROLLER','2010-09-23 11:07:22'),(78,'TXT_OPTIONS','2010-09-23 11:07:22'),(79,'TXT_LIST_CONTROLLER','2010-09-23 11:07:22'),(81,'TXT_CLIENT_EDIT','2010-09-23 11:07:22'),(82,'TXT_NAME','2010-09-23 11:07:22'),(83,'TXT_CLIENT_LIST','2010-09-23 11:07:22'),(84,'TXT_CLIENT_ADD','2010-09-23 11:07:22'),(85,'TXT_STREET','2010-09-23 11:07:22'),(86,'TXT_NR','2010-09-23 11:07:22'),(87,'TXT_POSTCODE','2010-09-23 11:07:22'),(88,'TXT_PLACE','2010-09-23 11:07:22'),(89,'TXT_COMPANYNAME','2010-09-23 11:07:22'),(90,'TXT_REGON','2010-09-23 11:07:22'),(91,'TXT_NIP','2010-09-23 11:07:22'),(92,'TXT_PHONE','2010-09-23 11:07:22'),(94,'TXT_NEWSLETTER','2010-09-23 11:07:22'),(95,'TXT_VAT','2010-09-23 11:07:22'),(96,'TXT_LOGIN','2010-09-23 11:07:22'),(97,'TXT_PASSWORD','2010-09-23 11:07:22'),(98,'TXT_FORGOT_PASSWORD','2010-09-23 11:07:22'),(99,'TXT_GROUPS_CLIENT','2010-09-23 11:07:22'),(100,'TXT_GROUPS_USERS','2010-09-23 11:07:22'),(102,'TXT_GROUPS','2010-09-23 11:07:22'),(103,'TXT_CLIENT_LIST','2010-09-23 11:07:22'),(104,'TXT_CLIENT','2010-09-23 11:07:22'),(106,'TXT_DISCOUNT','2010-09-23 11:07:22'),(107,'TXT_DISPATCHMETHOD','2010-09-23 11:07:22'),(108,'TXT_PAYMENTMETHOD','2010-09-23 11:07:22'),(109,'ERR_CLIENT_UPDATE','2010-09-23 11:07:22'),(110,'ERR_NO_CONTENT','2010-09-23 11:07:22'),(111,'ERR_INVALID_EMAIL','2010-09-23 11:07:22'),(112,'ERR_CLIENT_ADD','2010-09-23 11:07:22'),(113,'ERR_CLIENTGROUP_UPDATE','2010-09-23 11:07:22'),(114,'ERR_INSERT_FILE','2010-09-23 11:07:22'),(115,'ERR_FILETYPE','2010-09-23 11:07:22'),(116,'ERR_FILE_NOT_EXIST','2010-09-23 11:07:22'),(117,'ERR_CLIENTGROUP_ADD','2010-09-23 11:07:22'),(118,'ERR_CLIENTGROUP_EDIT','2010-09-23 11:07:22'),(119,'ERR_DISPATCHMETHOD_ADD','2010-09-23 11:07:22'),(120,'ERR_PERMISSION_UPDATE','2010-09-23 11:07:22'),(121,'ERR_GROUP_EDIT','2010-09-23 11:07:22'),(122,'ERR_GROUP_ADD','2010-09-23 11:07:22'),(123,'ERR_PAYMENTMETHOD_ADD','2010-09-23 11:07:22'),(124,'ERR_USER_NO_EXIST','2010-09-23 11:07:22'),(125,'ERR_LOGINUSER_UPDATE','2010-09-23 11:07:22'),(126,'ERR_PASSWORDUSER_UPDATE','2010-09-23 11:07:22'),(127,'ERR_USERDATA_UPDATE','2010-09-23 11:07:22'),(128,'ERR_USER_ADD','2010-09-23 11:07:22'),(129,'ERR_USER_TO_GROUP','2010-09-23 11:07:22'),(130,'ERR_LOGINTIME','2010-09-23 11:07:22'),(131,'ERR_SAVE_FILE','2010-09-23 11:07:22'),(132,'ERR_SEND_FILE','2010-09-23 11:07:22'),(136,'TXT_DISPATCHMETHOD_VIEW','2010-09-23 11:07:22'),(137,'TXT_PAYMENTMETHOD_VIEW','2010-09-23 11:07:22'),(138,'TXT_DISPATCHMETHOD_LIST','2010-09-23 11:07:22'),(141,'TXT_PAYMENTMETHOD_LIST','2010-09-23 11:07:22'),(142,'ERR_GROUP_NO_EXIST','2010-09-23 11:07:22'),(143,'ERR_CLIENT_NO_EXIST','2010-09-23 11:07:22'),(145,'ERR_DISPATCHMETHOD_NO_EXIST','2010-09-23 11:07:22'),(161,'TXT_STATUS','2010-09-23 11:07:22'),(162,'TXT_TYPE','2010-09-23 11:07:22'),(165,'TXT_CHOOSE_SELECT','2010-09-23 11:07:22'),(170,'TXT_PRICE','2010-09-23 11:07:22'),(171,'TXT_PRODUCTS','2010-09-23 11:07:22'),(173,'TXT_CATEGORY','2010-09-23 11:07:22'),(174,'TXT_CATEGORY_ADD','2010-09-23 11:07:22'),(175,'TXT_PRODUCT','2010-09-23 11:07:22'),(176,'TXT_PRODUCT_ADD','2010-09-23 11:07:22'),(177,'TXT_SELLPRICE','2010-09-23 11:07:22'),(178,'TXT_BUYPRICE','2010-09-23 11:07:22'),(181,'TXT_SHORTDESCRIPTION','2010-09-23 11:07:22'),(182,'TXT_SEO','2010-09-23 11:07:22'),(183,'TXT_BARCODE','2010-09-23 11:07:22'),(184,'TXT_EAN','2010-09-23 11:07:22'),(185,'TXT_DELIVELERCODE','2010-09-23 11:07:22'),(188,'TXT_DELIVER','2010-09-23 11:07:22'),(189,'TXT_STATUS','2010-09-23 11:07:22'),(190,'ERR_CATEGORY_DELETE','2010-09-23 11:07:22'),(192,'TXT_DISTINCTION','2010-09-23 11:07:22'),(193,'ERR_PRODUCT_DELETE','2010-09-23 11:07:22'),(194,'ERR_CLIENTGROUP_DELETE','2010-09-23 11:07:22'),(195,'ERR_CLIENT_DELETE','2010-09-23 11:07:22'),(196,'ERR_GROUPS_DELETE','2010-09-23 11:07:22'),(197,'ERR_PAYMENTMETHOD_DELETE','2010-09-23 11:07:22'),(198,'ERR_DISPATCHMETHOD_DELETE','2010-09-23 11:07:22'),(199,'TXT_PRODUCT_ATTRIBUTES','2010-09-23 11:07:22'),(200,'TXT_PLACENO','2010-09-23 11:07:22'),(201,'TXT_STREETNO','2010-09-23 11:07:22'),(202,'TXT_PRODUCER','2010-09-23 11:07:22'),(203,'TXT_DELIVERER','2010-09-23 11:07:22'),(204,'TXT_DELIVERER_LIST','2010-09-23 11:07:22'),(205,'TXT_PRODUCER_LIST','2010-09-23 11:07:22'),(206,'TXT_CLIENTADRESSTYPE','2010-09-23 11:07:22'),(207,'TXT_WWW','2010-09-23 11:07:22'),(208,'ERR_BAD_LOGIN_OR_PASSWORD','2010-09-23 11:07:22'),(209,'TXT_ORDERSTATUS','2010-09-23 11:07:22'),(210,'TXT_VALUE','2010-09-23 11:07:22'),(211,'TXT_DELETE_CONFIRM','2010-09-23 11:07:22'),(212,'TXT_ATTRIBUTE_PRODUCT_GROUP_NAME','2010-09-23 11:07:22'),(214,'TXT_ATTRIBUTE_PRODUCT_VALUES','2010-09-23 11:07:22'),(215,'TXT_ATTRIBUTE_PRODUCTS_ADD','2010-09-23 11:07:22'),(216,'TXT_FILE','2010-09-23 11:07:22'),(217,'TXT_ATTRIBUTE_PRODUCT_GROUP','2010-09-23 11:07:22'),(218,'TXT_PAYMENTMETHOD_ADD','2010-09-23 11:07:22'),(219,'TXT_DISPATCHMETHOD_ADD','2010-09-23 11:07:22'),(220,'TXT_DISPATCHMETHOD_EDIT','2010-09-23 11:07:22'),(221,'TXT_PAYMENTMETHOD_EDIT','2010-09-23 11:07:22'),(222,'TXT_DELETE_SELECTED','2010-09-23 11:07:22'),(223,'TXT_VAT_LIST','2010-09-23 11:07:22'),(224,'TXT_VAT_ADD','2010-09-23 11:07:22'),(225,'TXT_PRODUCER','2010-09-23 11:07:22'),(226,'TXT_ATTRIBUTE_PRODUCTS','2010-09-23 11:07:22'),(227,'TXT_ORDERSTATUS_LIST','2010-09-23 11:07:22'),(228,'TXT_ORDERSTATUS_ADD','2010-09-23 11:07:22'),(229,'TXT_DESELECT_ALL','2010-09-23 11:07:22'),(230,'TXT_STOCK','2010-09-23 11:07:22'),(231,'TXT_PRODUCTCOMBINATION','2010-09-23 11:07:22'),(232,'TXT_PRODUCTCOMBINATION_LIST','2010-09-23 11:07:22'),(233,'TXT_PRODUCTCOMBINATION_ADD','2010-09-23 11:07:22'),(234,'TXT_PRODUCTCOMBINATION_EDIT','2010-09-23 11:07:22'),(235,'TXT_PRODUCT_EDIT','2010-09-23 11:07:22'),(236,'TXT_PRODUCER_EDIT','2010-09-23 11:07:22'),(237,'TXT_CATEGORY_EDIT','2010-09-23 11:07:22'),(238,'TXT_DELIVERER_EDIT','2010-09-23 11:07:22'),(239,'TXT_DELIVERER_ADD','2010-09-23 11:07:22'),(240,'TXT_ORDERSTATUS_EDIT','2010-09-23 11:07:22'),(241,'TXT_VAT_EDIT','2010-09-23 11:07:22'),(242,'TXT_CLIENTGROUP_EDIT','2010-09-23 11:07:22'),(243,'TXT_CLIENTGROUP_ADD','2010-09-23 11:07:22'),(244,'TXT_GROUPS_EDIT','2010-09-23 11:07:22'),(245,'TXT_GROUPS_ADD','2010-09-23 11:07:22'),(248,'TXT_INDYVIDUALADRESS','2010-09-23 11:07:22'),(249,'TXT_COMPANYADRESS','2010-09-23 11:07:22'),(250,'TXT_MAILINGADRESS','2010-09-23 11:07:22'),(251,'TXT_NUMBEROFITEM','2010-09-23 11:07:22'),(258,'TXT_CONTROLLER_NOT_EXISTS','2010-09-23 11:07:22'),(259,'TXT_PHOTO','2010-09-23 11:07:22'),(260,'TXT_DISTINCTION','2010-09-23 11:07:22'),(261,'TXT_PARENTCATEGORY','2010-09-23 11:07:22'),(262,'TXT_VIEW','2010-09-23 11:07:22'),(263,'TXT_ADDITIONAL_OPTION','2010-09-23 11:07:22'),(264,'TXT_ADD_FORM','2010-09-23 11:07:22'),(265,'TXT_EDIT_FORM','2010-09-23 11:07:22'),(268,'TXT_LASTLOGGED','2010-09-23 11:07:22'),(269,'TXT_GROUPS_LIST','2010-09-23 11:07:22'),(270,'TXT_TABLE_PERMISSION','2010-09-23 11:07:22'),(272,'TXT_CLIENTGROUPS','2010-09-23 11:07:22'),(273,'TXT_PRODUCER_ADD','2010-09-23 11:07:22'),(274,'TXT_SUFFIXTYPE','2010-09-23 11:07:22'),(275,'TXT_SELECT_PRODUCTS','2010-09-23 11:07:22'),(276,'TXT_ATTRIBUTESPRODUCT','2010-09-23 11:07:22'),(277,'TXT_PRODUCT_DUPLICATE','2010-09-23 11:07:22'),(278,'TXT_COMBINATIONSET','2010-09-23 11:07:22'),(279,'TXT_ATTRIBUTE','2010-09-23 11:07:22'),(282,'TXT_DETAILS','2010-09-23 11:07:22'),(284,'TXT_ADD_TO_CART','2010-09-23 11:07:22'),(285,'TXT_OPINION','2010-09-23 11:07:22'),(286,'TXT_LANGUAGE','2010-09-23 11:07:22'),(287,'TXT_LANGUAGE_LIST','2010-09-23 11:07:22'),(288,'TXT_LANGUAGE_EDIT','2010-09-23 11:07:22'),(289,'TXT_LANGUAGE_ADD','2010-09-23 11:07:22'),(290,'TXT_TRANSLATION','2010-09-23 11:07:22'),(291,'TXT_TRANSLATION_ADD','2010-09-23 11:07:22'),(293,'TXT_TRANSLATION_LIST','2010-09-23 11:07:22'),(295,'TXT_TRANSLATION_EDIT','2010-09-23 11:07:22'),(296,'TXT_URL','2010-09-23 11:07:22'),(297,'TXT_SESSION','2010-09-23 11:07:22'),(298,'TXT_HISTORYLOGS','2010-09-23 11:07:22'),(299,'TXT_USERHISTORYLOGS','2010-09-23 11:07:22'),(301,'TXT_MAIN_PHOTO','2010-09-23 11:07:22'),(302,'TXT_SPECIFICATIONS','2010-09-23 11:07:22'),(303,'TXT_OPINIONS','2010-09-23 11:07:22'),(304,'TXT_COMBINATION','2010-09-23 11:07:22'),(306,'TXT_SHOW_ALL','2010-09-23 11:07:22'),(307,'TXT_CATEGORIES','2010-09-23 11:07:22'),(308,'TXT_RESULTS_PER_PAGE','2010-09-23 11:07:22'),(309,'TXT_GO_TO_PAGE','2010-09-23 11:07:22'),(310,'TXT_NEXT','2010-09-23 11:07:22'),(311,'TXT_PREVIOUS','2010-09-23 11:07:22'),(313,'TXT_LAST_USERS','2010-09-23 11:07:22'),(314,'TXT_POLISH','2010-09-23 11:07:22'),(315,'TXT_ENGLISH','2010-09-23 11:07:22'),(317,'TXT_LAST_ADD_PRODUCTS','2010-09-23 11:07:22'),(318,'TXT_CART','2010-09-23 11:07:22'),(319,'TXT_PRODUCTS_ON_CART','2010-09-23 11:07:22'),(320,'TXT_DELETE_FROM_CART','2010-09-23 11:07:22'),(322,'TXT_PREVIEW','2010-09-23 11:07:22'),(323,'TXT_SEARCH','2010-09-23 11:07:22'),(324,'TXT_FROM_ALL_CATEGORY','2010-09-23 11:07:22'),(325,'TXT_FROM_CATEGORY','2010-09-23 11:07:22'),(327,'TXT_SEARCH_PRODUCT','2010-09-23 11:07:22'),(328,'TXT_YOU_ARE_HERE','2010-09-23 11:07:22'),(329,'TXT_MOST_SHEARCH','2010-09-23 11:07:22'),(330,'TXT_TAGS','2010-09-23 11:07:22'),(332,'TXT_RELATION_PRODUCT','2010-09-23 11:07:22'),(333,'TXT_SIMILAR_PRODUCT','2010-09-23 11:07:22'),(334,'TXT_PRODUCT_LIST','2010-09-23 11:07:22'),(337,'TXT_MAINSIDE','2010-09-23 11:07:22'),(338,'TXT_DISPLAY_PRODUCTS','2010-09-23 11:07:22'),(339,'TXT_PRODUCT_COUNT','2010-09-23 11:07:22'),(340,'TXT_ADDDATE','2010-09-23 11:07:22'),(342,'TXT_ADDUSER','2010-09-23 11:07:22'),(343,'TXT_EDITDATE','2010-09-23 11:07:22'),(344,'TXT_EDITUSER','2010-09-23 11:07:22'),(345,'TXT_CHANGE_STATUS','2010-09-23 11:07:22'),(346,'TXT_VALUE_COUNT','2010-09-23 11:07:22'),(347,'TXT_DISPLAY_PRODUCTS_FOR_PRODUCER','2010-09-23 11:07:22'),(348,'TXT_WEBSITE','2010-09-23 11:07:22'),(349,'TXT_DISPLAY_VAT_PRODUCTS','2010-09-23 11:07:22'),(350,'TXT_CLIENT_COUNT','2010-09-23 11:07:22'),(351,'TXT_DISPLAY_GROUP_CLIENTS','2010-09-23 11:07:22'),(352,'TXT_USER_COUNT','2010-09-23 11:07:22'),(353,'TXT_DISPLAY_GROUP_USERS','2010-09-23 11:07:22'),(354,'TXT_ADDRESS','2010-09-23 11:07:22'),(355,'F','2010-09-23 11:07:22'),(356,'M','2010-09-23 11:07:22'),(357,'TXT_CONTACT','2010-09-23 11:07:22'),(358,'TXT_SUPPORT_MENU','2010-09-23 11:07:22'),(359,'TXT_ADDITIONAL_INFORMATION','2010-09-23 11:07:22'),(361,'TXT_REGULATIONS','2010-09-23 11:07:22'),(362,'TXT_DELIVERY','2010-09-23 11:07:22'),(363,'TXT_NEXT_PRODUCT','2010-09-23 11:07:22'),(364,'TXT_PREVIOUS_PRODUCT','2010-09-23 11:07:22'),(365,'TXT_ORDER_INTERESTING_PRODUCT','2010-09-23 11:07:22'),(366,'ERR_EMPTY_FIRSTNAME','2010-09-23 11:07:22'),(367,'ERR_EMPTY_SURNAME','2010-09-23 11:07:22'),(368,'ERR_EMPTY_EMAIL','2010-09-23 11:07:22'),(369,'ERR_WRONG_EMAIL','2010-09-23 11:07:22'),(370,'ERR_EMPTY_PHONE','2010-09-23 11:07:22'),(372,'ERR_EMPTY_GROUP','2010-09-23 11:07:22'),(373,'ERR_EMPTY_DISCOUNT','2010-09-23 11:07:22'),(374,'ERR_EMPTY_STREETNO','2010-09-23 11:07:22'),(375,'ERR_EMPTY_STREET','2010-09-23 11:07:22'),(376,'ERR_EMPTY_PLACENO','2010-09-23 11:07:22'),(377,'ERR_EMPTY_COMPANYNAME','2010-09-23 11:07:22'),(378,'ERR_EMPTY_PLACE','2010-09-23 11:07:22'),(379,'ERR_EMPTY_POSTCODE','2010-09-23 11:07:22'),(380,'ERR_EMPTY_CLIENTADRESSTYPE','2010-09-23 11:07:22'),(381,'ERR_EMPTY_ATTRIBUTE_PRODUCT_GROUP','2010-09-23 11:07:22'),(382,'ERR_EMPTY_NAME','2010-09-23 11:07:22'),(383,'ERR_EMPTY_TRANSLATION','2010-09-23 11:07:22'),(384,'ERR_EMPTY_SELLPRICE','2010-09-23 11:07:22'),(386,'ERR_EMPTY_VALUE','2010-09-23 11:07:22'),(387,'ERR_EMPTY_TYPE','2010-09-23 11:07:22'),(388,'ERR_EMPTY_PRIORITY','2010-09-23 11:07:22'),(389,'ERR_EMPTY_TOPIC','2010-09-23 11:07:22'),(390,'TXT_PASSWORD_CHANGE','2010-09-23 11:07:22'),(391,'TXT_PASSWORD_OLD','2010-09-23 11:07:22'),(392,'TXT_PASSWORD_NEW','2010-09-23 11:07:22'),(393,'TXT_PASSWORD_REPEAT','2010-09-23 11:07:22'),(394,'TXT_FINALIZATION','2010-09-23 11:07:22'),(395,'TXT_PAYMENT','2010-09-23 11:07:22'),(396,'TXT_BACK','2010-09-23 11:07:22'),(397,'TXT_CUSTOMER','2010-09-23 11:07:22'),(398,'TXT_CLIENT_DATA','2010-09-23 11:07:22'),(399,'TXT_CHANGE_ADRESS','2010-09-23 11:07:22'),(400,'TXT_CHANGE_DELIVERY_ADRESS','2010-09-23 11:07:22'),(401,'TXT_ATTENTION','2010-09-23 11:07:22'),(402,'TXT_DELIVERY_TYPE','2010-09-23 11:07:22'),(403,'TXT_DELIVERY_TIME','2010-09-23 11:07:22'),(404,'TXT_TOTAL_COST','2010-09-23 11:07:22'),(405,'TXT_COST','2010-09-23 11:07:22'),(406,'TXT_CURRENCY','2010-09-23 11:07:22'),(407,'TXT_BACK_TO_SHOPPING','2010-09-23 11:07:22'),(408,'TXT_ORDER_STAGE','2010-09-23 11:07:22'),(409,'TXT_PRODUCT_NAME','2011-09-08 10:41:11'),(410,'TXT_PRODUCT_PRICE','2010-09-23 11:07:22'),(411,'TXT_PRODUCT_QUANTITY','2010-09-23 11:07:22'),(412,'TXT_PRODUCT_SUBTOTAL','2010-09-23 11:07:22'),(413,'TXT_COMFIRM_DATA','2010-09-23 11:07:22'),(414,'TXT_SEND_FORM','2010-09-23 11:07:22'),(415,'TXT_SUM_PRICE','2010-09-23 11:07:22'),(416,'TXT_PAYMENT_TYPE','2010-09-23 11:07:22'),(417,'TXT_CONFIMR','2010-09-23 11:07:22'),(418,'TXT_REGISTRATION','2010-09-23 11:07:22'),(419,'TXT_LOGIN_PROCESS','2010-09-23 11:07:22'),(420,'TXT_PLACENR','2010-09-23 11:07:22'),(421,'TXT_STREETNR','2010-09-23 11:07:22'),(422,'TXT_ACCEPT','2010-09-23 11:07:22'),(423,'TXT_PRIVACY_POLICIES','2010-09-23 11:07:22'),(424,'TXT_THE_RULES','2010-09-23 11:07:22'),(425,'TXT_REGISTER','2010-09-23 11:07:22'),(426,'TXT_SEND','2010-09-23 11:07:22'),(427,'TXT_REQUIRED','2010-09-23 11:07:22'),(428,'TXT_FIELDS_REQUIRED','2010-09-23 11:07:22'),(429,'TXT_FIELDS','2010-09-23 11:07:22'),(430,'TXT_YOU_HAVE_ANY_QUESTIONS','2010-09-23 11:07:22'),(431,'TXT_EMAIL_SHOP','2010-09-23 11:07:22'),(434,'TXT_DELIVER_DATA','2010-09-23 11:07:22'),(435,'TXT_UNABLE_TO_DELETE_RECORD','2010-09-23 11:07:22'),(436,'TXT_UNABLE_TO_DELETE_RECORD_DESC','2010-09-23 11:07:22'),(437,'ERR_FOUND_USERS_IN_GROUP_THAT_IS_DUE_TO_BE_DELETED','2010-09-23 11:07:22'),(438,'TXT_MORE_INTERESTING_PRODUCTS','2010-09-23 11:07:22'),(439,'TXT_YOU_CAN_PRE_PAY_FOR_PACKAGE','2010-09-23 11:07:22'),(440,'TXT_YOU_CAN_PAY_FOR_INTERNET_TRANSFER','2010-09-23 11:07:22'),(441,'TXT_YOU_CAN_PAY_FOR_PACKAGE_WITH_CREDIT_CARD','2010-09-23 11:07:22'),(442,'TXT_YOU_CAN_PAY_CASH_ON_DELIVERY','2010-09-23 11:07:22'),(443,'TXT_MENU','2010-09-23 11:07:22'),(444,'TXT_PRODUCTSTATUS','2010-09-23 11:07:22'),(445,'TXT_PRODUCTSTATUS_LIST','2010-09-23 11:07:22'),(446,'TXT_ACCOUNT','2010-09-23 11:07:22'),(447,'TXT_LOGIN_TO_YOUR_ACCOUNT','2010-09-23 11:07:22'),(448,'TXT_CLICK_HERE','2010-09-23 11:07:22'),(449,'TXT_CROSSSELL','2010-09-23 11:07:22'),(450,'TXT_UPSELL','2010-09-23 11:07:22'),(451,'TXT_SIMILARPRODUCT','2010-09-23 11:07:22'),(452,'TXT_CROSS_SELL_LIST','2010-09-23 11:07:22'),(453,'TXT_UP_SELL_LIST','2010-09-23 11:07:22'),(454,'TXT_SIMILAR_PRODUCT_LIST','2010-09-23 11:07:22'),(455,'TXT_EDIT_SETTINGS','2010-09-23 11:07:22'),(456,'TXT_KIND_OF_CURRENCY','2010-09-23 11:07:22'),(457,'TXT_NAME_OF_COUNTRY','2010-09-23 11:07:22'),(459,'TXT_SHOPNAME','2010-09-23 11:07:22'),(460,'TXT_GLOBALSETTINGS_LIST','2010-09-23 11:07:22'),(461,'TXT_GLOBALSETTINGS','2010-09-23 11:07:22'),(462,'TXT_EDIT_GLOBALSETTINGS','2010-09-23 11:07:22'),(463,'TXT_SELECT_BASE_PRODUCT','2010-09-23 11:07:22'),(464,'TXT_SELECT_CROSS_PRODUCTS','2010-09-23 11:07:22'),(465,'TXT_BASE_PRODUCT','2010-09-23 11:07:22'),(466,'TXT_GLOBAL_CONFIGURATION','2010-09-23 11:07:22'),(467,'TXT_CHANGE_PASSWORD','2010-09-23 11:07:22'),(468,'TXT_CLIENT_PANEL','2010-09-23 11:07:22'),(469,'TXT_SETTINGS','2010-09-23 11:07:22'),(470,'TXT_YOUR_ACCOUNT','2010-09-23 11:07:22'),(471,'TXT_CORRECT','2010-09-23 11:07:22'),(472,'TXT_ERROR','2010-09-23 11:07:22'),(473,'TXT_CHANGE','2010-09-23 11:07:22'),(474,'TXT_ERROR_CHANGE','2010-09-23 11:07:22'),(475,'TXT_ERROR_CHANGE_SETTINGS','2010-09-23 11:07:22'),(476,'TXT_CHANGE_EMAIL','2010-09-23 11:07:22'),(477,'TXT_CHANGE_DATA','2010-09-23 11:07:22'),(478,'TXT_CONFIRM','2010-09-23 11:07:22'),(479,'TXT_EMAIL_OLD','2010-09-23 11:07:22'),(480,'TXT_CONFIMR_EMAIL_NEW','2010-09-23 11:07:22'),(481,'TXT_CHANGE_ADDRESS','2010-09-23 11:07:22'),(482,'TXT_AND','2010-09-23 11:07:22'),(483,'TXT_CHECK_DATA','2010-09-23 11:07:22'),(485,'TXT_WAITING','2010-09-23 11:07:22'),(486,'TXT_QUANTITY','2010-09-23 11:07:22'),(487,'TXT_PRINT','2010-09-23 11:07:22'),(488,'TXT_HISTORY_ORDERS','2010-09-23 11:07:22'),(489,'TXT_ORDERS_NR','2010-09-23 11:07:22'),(490,'TXT_ORDERS_DAY','2010-09-23 11:07:22'),(491,'TXT_ORDERS_SUBMITTED','2010-09-23 11:07:22'),(492,'TXT_ALL_ORDERS_PRICE','2010-09-23 11:07:22'),(493,'TXT_DELIVERY_ORDERS_PRICE','2010-09-23 11:07:22'),(494,'TXT_METHOD_OF_PEYMENT','2010-09-23 11:07:22'),(495,'TXT_METHOD_OF_DELIVERY','2010-09-23 11:07:22'),(496,'TXT_SEND_YOUR_QUERY','2010-09-23 11:07:22'),(497,'TXT_HELP','2010-09-23 11:07:22'),(498,'TXT_DELIVERY_TERMS','2010-09-23 11:07:22'),(499,'TXT_HELP_INFO','2010-09-23 11:07:22'),(500,'TXT_DELIVERY_INFO','2010-09-23 11:07:22'),(501,'TXT_SEARCH_RESULTS','2010-09-23 11:07:22'),(502,'TXT_FOUND_RESULTS','2010-09-23 11:07:22'),(503,'TXT_SHOW','2010-09-23 11:07:22'),(504,'TXT_ALL','2010-09-23 11:07:22'),(505,'TXT_FROM','2010-09-23 11:07:22'),(506,'TXT_TO','2010-09-23 11:07:22'),(507,'ERR_DISPATCH_METHOD_BIND_TO_PAYMENT_METHOD','2010-09-23 11:07:22'),(508,'TXT_NEW_PHONE','2010-09-23 11:07:22'),(509,'ERR_EMPTY_BUYPRICE','2010-09-23 11:07:22'),(510,'TXT_DELIVERERPRICE','2011-01-19 18:48:27'),(511,'TXT_DELIVERYCOST','2010-09-23 11:07:22'),(513,'TXT_RANGE','2010-09-23 11:07:22'),(515,'TXT_RANGETYPE','2010-09-23 11:07:22'),(516,'TXT_RANGETYPE_ADD','2010-09-23 11:07:22'),(517,'ERR_FOUND_CLIENTS_IN_GROUP_THAT_IS_DUE_TO_BE_DELETED','2010-09-23 11:07:22'),(518,'ERR_VAT_BIND_TO_CLIENTADDRESS','2010-09-23 11:07:22'),(519,'ERR_VAT_BIND_TO_PRODUCT','2010-09-23 11:07:22'),(520,'TXT_UNABLE_TO_RETRY_OPERATION','2010-09-23 11:07:22'),(521,'TXT_NOT_ALL_CONFLICTS_HAS_BEEN_RESOLVED','2010-09-23 11:07:22'),(522,'TXT_PRODUCTRANGE_LIST','2010-09-23 11:07:22'),(523,'TXT_PRODUCTRANGE','2010-09-23 11:07:22'),(524,'TXT_MEN','2010-09-23 11:07:22'),(525,'TXT_WOMAN','2010-09-23 11:07:22'),(527,'TXT_ADDITIONALPHOTO','2010-09-23 11:07:22'),(528,'TXT_PHOTOTYPE','2010-09-23 11:07:22'),(529,'ERR_PRODUCER_BIND_TO_PRODUCT','2010-09-23 11:07:22'),(531,'TXT_QTY','2010-09-23 11:07:22'),(532,'TXT_ATTRIBUTENAME','2010-09-23 11:07:22'),(533,'ERR_CATEGORY_BIND_TO_PRODUCT','2010-09-23 11:07:22'),(534,'ERR_CATEGORY_BIND_TO_CATEGORY','2010-09-23 11:07:22'),(535,'TXT_YES','2010-09-23 11:07:22'),(536,'TXT_NO','2010-09-23 11:07:22'),(537,'TXT_PUBLISH','2010-09-23 11:07:22'),(539,'TXT_CONTENTCATEGORY  ','2010-09-23 11:07:22'),(540,'TXT_ALIAS','2010-09-23 11:07:22'),(543,'TXT_CONTENT_CATEGORY','2010-09-23 11:07:22'),(544,'TXT_CONTENTCATEGORY_LIST','2010-09-23 11:07:22'),(545,'TXT_CONTENTCATEGORY_ADD','2010-09-23 11:07:22'),(546,'TXT_CONTENTCATEGORY_EDIT','2010-09-23 11:07:22'),(548,'TXT_SUBTRACT','2010-09-23 11:07:22'),(549,'TXT_PLUS','2010-09-23 11:07:22'),(550,'TXT_PERCENT','2010-09-23 11:07:22'),(551,'TXT_EQUAL','2010-09-23 11:07:22'),(552,'ERR_EMPTY_ADDRESSTYPE','2010-09-23 11:07:22'),(554,'ERR_EMPTY_CONTENT','2010-09-23 11:07:22'),(555,'ERR_EMPTY_CATEGORY','2010-09-23 11:07:22'),(556,'ERR_EMPTY_LANGUAGE','2010-09-23 11:07:22'),(557,'ERR_EMPTY_LOGIN','2010-09-23 11:07:22'),(558,'ERR_EMPTY_PASSWORD','2010-09-23 11:07:22'),(559,'TXT_CONFIRM_PASSWORD','2010-09-23 11:07:22'),(560,'ERR_EMPTY_CONFIRM_PASSWORD','2010-09-23 11:07:22'),(561,'TXT_ACCERT_TERMS_AND_POLICY_OF_PRIVATE','2010-09-23 11:07:22'),(562,'ERR_TERMS_NOT_AGREED','2010-09-23 11:07:22'),(563,'ERR_PASSWORDS_NOT_COMPATIBILE','2010-09-23 11:07:22'),(564,'ERR_EMPTY_VAT','2010-09-23 11:07:22'),(566,'TXT_CLIENT_ADDRESS','2010-09-23 11:07:22'),(567,'TXT_CLIENT_ORDERS','2010-09-23 11:07:22'),(568,'TXT_CLIENT_ADDRESS_DEFAULT','2010-09-23 11:07:22'),(569,'TXT_USE_ADDRESS_DEFAULT','2010-09-23 11:07:22'),(570,'TXT_DEFAULT','2010-09-23 11:07:22'),(571,'TXT_USE_DEFAULT','2010-09-23 11:07:22'),(572,'TXT_ADD_NEW','2010-09-23 11:07:22'),(573,'TXT_ADDRESS_BOOK','2010-09-23 11:07:22'),(576,'ERR_EMPTY  ','2010-09-23 11:07:22'),(577,'ERR_COMPARE','2010-09-23 11:07:22'),(578,'TXT_CHANGE_PASS','2010-09-23 11:07:22'),(579,'ERR_CONTENT','2010-09-23 11:07:22'),(580,'TXT_PRODUCT_NEWS','2010-09-23 11:07:22'),(581,'TXT_PRODUCT_PROMOTION','2010-09-23 11:07:22'),(582,'TXT_PRODUCT_NEWS_LIST','2010-09-23 11:07:22'),(583,'TXT_PRODUCT_PROMOTION_LIST','2010-09-23 11:07:22'),(584,'TXT_DONT_HAVE_ACCOUNT','2010-09-23 11:07:22'),(585,'TXT_REGISTRATION_ACCOUNT','2010-09-23 11:07:22'),(586,'TXT_REMIND','2010-09-23 11:07:22'),(587,'TXT_SEND_PASSWORD','2010-09-23 11:07:22'),(588,'ERR_EMAIL_NO_EXIST','2010-09-23 11:07:22'),(589,'TXT_ADDRESSLABEL','2010-09-23 11:07:22'),(590,'ERR_WRONG_FORMAT','2010-09-23 11:07:22'),(591,'TXT_DISPATCHMETHODPRICE','2010-09-23 11:07:22'),(592,'ERR_EMPTY_DISPATCHMETHODCOST','2010-09-23 11:07:22'),(593,'TXT_PRODUCT_COMBINATION','2010-09-23 11:07:22'),(594,'TXT_FILEEXTENSION','2010-09-23 11:07:22'),(595,'TXT_FILETYPE','2010-09-23 11:07:22'),(596,'TXT_FILES','2010-09-23 11:07:22'),(597,'TXT_FAX','2010-09-23 11:07:22'),(598,'TXT_CONTACT_EDIT','2010-09-23 11:07:22'),(599,'TXT_CONTACT_ADD','2010-09-23 11:07:22'),(600,'TXT_DELETE_UNBIND_FILES','2010-09-23 11:07:22'),(601,'ERR_EMPTY_NEWS','2010-09-23 11:07:22'),(602,'ERR_EMPTY_TAGS','2010-09-23 11:07:22'),(603,'ERR_EMPTY_SHEATCH','2010-09-23 11:07:22'),(604,'ERR_EMPTY_MENUCATEGORY','2010-09-23 11:07:22'),(605,'ERR_EMPTY_PRODUCT_TOP','2010-09-23 11:07:22'),(606,'ERR_EMPTY_SUPPORT_MENU','2010-09-23 11:07:22'),(607,'ERR_EMPTY_PROMOTION ','2010-09-23 11:07:22'),(608,'ERR_EMPTY_PRODUCT_LIST','2010-09-23 11:07:22'),(609,'ERR_EMPTY_PRODUCT','2010-09-23 11:07:22'),(610,'TXT_ACCEPT_AN_ORDER','2010-09-23 11:07:22'),(611,'TXT_ORDER','2010-09-23 11:07:22'),(612,'ERR_ORDER','2010-09-23 11:07:22'),(613,'ERR_EMPTY_PRODUCT_SEARCH','2010-09-23 11:07:22'),(614,'ERR_SELECT','2010-09-23 11:07:22'),(615,'TXT_EXPAND_SUBCATEGORIES','2010-09-23 11:07:22'),(616,'TXT_CANCEL','2010-09-23 11:07:22'),(617,'ERR_EMPTY_NIP','2010-09-23 11:07:22'),(618,'ERR_EMPTY_REGON','2010-09-23 11:07:22'),(619,'TXT_PRODUCT_STANDARD','2010-09-23 11:07:22'),(620,'TXT_DISPATCH','2010-09-23 11:07:22'),(621,'TXT_GLOBALPRICE','2010-09-23 11:07:22'),(622,'TXT_PRICE_BASE','2010-09-23 11:07:22'),(623,'TXT_ORDER_STATUS','2010-09-23 11:07:22'),(624,'TXT_GLOBALQTY','2010-09-23 11:07:22'),(625,'ERR_WRONG_POSTCODE','2010-09-23 11:07:22'),(626,'TXT_PLACENAME','2010-09-23 11:07:22'),(627,'TXT_ORDER_LIST','2010-09-23 11:07:22'),(628,'TXT_CHANGE_ADDR_TEMP','2010-09-23 11:07:22'),(629,'TXT_QTY_OPINIONS','2010-09-23 11:07:22'),(630,'TXT_SHOW_ALL_OPINION','2010-09-23 11:07:22'),(631,'TXT_AVERAGE_OPINION','2010-09-23 11:07:22'),(632,'TXT_WRITE_COMMENT','2010-09-23 11:07:22'),(633,'TXT_CLEAR','2010-09-23 11:07:22'),(634,'TXT_AN_ORDER_REALIZATION','2010-09-23 11:07:22'),(637,'TXT_DETAIL_OPINION','2010-09-23 11:07:22'),(639,'TXT_PRODUCT_ADDED_SUCCESSFULLY','2010-09-23 11:07:22'),(640,'TXT_ADD_ANOTHER_ONE','2010-09-23 11:07:22'),(641,'TXT_DISPLAY_ALL','2010-09-23 11:07:22'),(642,'TXT_EDIT_RECENTLY_ADDED','2010-09-23 11:07:22'),(643,'TXT_ADD_OPINION','2010-09-23 11:07:22'),(644,'TXT_DISPATCH_ADDRESS','2010-09-23 11:07:22'),(645,'ERR_EMPTY_UNDER_CATEGORY','2010-09-23 11:07:22'),(646,'TXT_INTEGRATION','2010-09-23 11:07:22'),(647,'TXT_USER_STATUS','2010-09-23 11:07:22'),(648,'ERR_WRONG_FORMAT_POSTCODE','2010-09-23 11:07:22'),(649,'TXT_INTEGRATION_LIST','2010-09-23 11:07:22'),(650,'TXT_ORDER_EDIT','2010-09-23 11:07:22'),(656,'TXT_INSERT_TEMP_ADDR','2010-09-23 11:07:22'),(657,'ERR_WRONG_FORMAT_PHONE','2010-09-23 11:07:22'),(658,'TXT_EMAIL_NEW','2010-09-23 11:07:22'),(659,'TXT_CART_IS_EMPTY','2010-09-23 11:07:22'),(660,'TXT_CHOSE_PRODUCT_VARIANT','2010-09-23 11:07:22'),(662,'TXT_SORT_RESULTS','2010-09-23 11:07:22'),(663,'TXT_ASC','2010-09-23 11:07:22'),(664,'TXT_DESC','2010-09-23 11:07:22'),(666,'TXT_RANGETYPE_EDIT','2010-09-23 11:07:22'),(667,'TXT_CHOOSE_VAT','2010-09-23 11:07:22'),(668,'TXT_GOOD','2010-09-23 11:07:22'),(671,'TXT_REVIEWS_LOGIN_REQUIRED','2010-09-23 11:07:22'),(672,'TXT_EDIT_CLIENT_ADDRESS','2010-09-23 11:07:22'),(673,'TXT_FORM_REQUIRED','2010-09-23 11:07:22'),(674,'ERR_EMPTY_PRODUCER','2010-09-23 11:07:22'),(675,'TXT_SEARCH_RESULTS_FOR_QUERY','2010-09-23 11:07:22'),(677,'TXT_EMPTY_STOREHOUSE','2010-09-23 11:07:22'),(678,'TXT_ALL_PRODUCERS','2010-09-23 11:07:22'),(680,'ERR_CANT_PLACE_AN_ORDER','2010-09-23 11:07:22'),(681,'ERR_FILL_DATA','2010-09-23 11:07:22'),(682,'TXT_MEDIA','2010-09-23 11:07:22'),(683,'TXT_EMPTY_CART','2010-09-23 11:07:22'),(684,'TXT_ATTRIBUTE_CATEGORY','2010-09-23 11:07:22'),(685,'TXT_PRODUCT_REVIEW','2010-09-23 11:07:22'),(686,'TXT_STANDARD_PRODUCT','2010-09-23 11:07:22'),(687,'TXT_FORM_TEMP_ADDRESS','2010-09-23 11:07:22'),(688,'ERR_EMPTY_DISTINCTION','2010-09-23 11:07:22'),(689,'TXT_PRODUCT_RELATED','2010-09-23 11:07:22'),(690,'TXT_UPSELL_PRODUCT','2010-09-23 11:07:22'),(691,'TXT_DELETE_RECENTLY_ADDED','2010-09-23 11:07:22'),(692,'TXT_CONFIRMATION','2010-09-23 11:07:22'),(693,'ERR_MAIN_PHOTO','2010-09-23 11:07:22'),(694,'TXT_ADD_TAG','2010-09-23 11:07:22'),(696,'TXT_SEE','2010-09-23 11:07:22'),(697,'TXT_ADDING_OPINIONS_STATUTE','2010-09-23 11:07:22'),(698,'TXT_WRITE_TAG','2010-09-23 11:07:22'),(699,'TXT_SHOW_DETAILED_USERS_GRADES','2010-09-23 11:07:22'),(700,'ERR_EMPTY_PRODUCT_TAGS','2010-09-23 11:07:22'),(701,'TXT_PRODUCT_TAGS_RESULTS','2010-09-23 11:07:22'),(702,'TXT_PRODUCTS_TAGS','2010-09-23 11:07:22'),(703,'ERR_TAGS_ADDING','2010-09-23 11:07:22'),(704,'TXT_TEXTCOUNT','2010-09-23 11:07:22'),(705,'TXT_STATSCLIENTS','2010-09-23 11:07:22'),(706,'TXT_STATSPRODUCTS','2010-09-23 11:07:22'),(707,'TXT_STATSSALES','2010-09-23 11:07:22'),(708,'TXT_CLIENTORDER_VALUE','2010-09-23 11:07:22'),(709,'TXT_MOST_SEARCH','2010-09-23 11:07:22'),(711,'TXT_DO_REMOVE_ADDRESS','2010-09-23 11:07:22'),(712,'TXT_DO_REMOVE_DO_YOU_WONT_TO','2010-09-23 11:07:22'),(713,'TXT_WORDS','2010-09-23 11:07:22'),(714,'TXT_UNKNOWN_RANGE','2010-09-23 11:07:22'),(715,'ERR_BIND_UPSELL_PRODUCT','2010-09-23 11:07:22'),(716,'ERR_STOCK_LESS_THAN_QTY','2010-09-23 11:07:22'),(717,'ERR_BIND_CROSSSELL_PRODUCT','2010-09-23 11:07:22'),(718,'ERR_BIND_SIMILARPRODUCT_PRODUCT','2010-09-23 11:07:22'),(719,'ERR_NONZERO_QTY','2010-09-23 11:07:22'),(720,'ERR_SHORTAGE_OF_STOCK','2010-09-23 11:07:22'),(721,'ERR_CHOSE_PRODUCT_VARIANT','2010-09-23 11:07:22'),(722,'ERR_MAX_STORAGE_STATE_ON_CART','2010-09-23 11:07:22'),(723,'ERR_ORDERED_QTY_EXCEEDS_STORAGE_STATE','2010-09-23 11:07:22'),(724,'ERR_MAX_STORAGE_STATE_ADD_TO_CART','2010-09-23 11:07:22'),(725,'ERR_COULDNT_INCREASE_QTY','2010-09-23 11:07:22'),(726,'ERR_ADD_OPINION','2010-09-23 11:07:22'),(727,'ERR_FILL_AN_OPINION','2010-09-23 11:07:22'),(728,'ERR_FILL_A_TAG','2010-09-23 11:07:22'),(729,'TXT_ADD_NEW_TAG','2010-09-23 11:07:22'),(730,'TXT_TAG_ASCRIBED','2010-09-23 11:07:22'),(731,'ERR_DUPLICATED_TAG','2010-09-23 11:07:22'),(732,'ERR_INSERT_PHRASE','2010-09-23 11:07:22'),(733,'ERR_PHRASE_SEARCHING','2010-09-23 11:07:22'),(734,'TXT_WANT_DELETE_ADDRESS','2010-09-23 11:07:22'),(737,'TXT_GLOBAL_SETTINGS','2010-09-23 11:07:22'),(738,'TXT_GLOBAL_SETTINGS_LIST','2010-09-23 11:07:22'),(743,'ERR_DUPLICATE_EMAIL','2010-09-23 11:07:22'),(744,'TXT_LOGGOUT_CHANGED_EMAIL','2010-09-23 11:07:22'),(745,'ERR_DELIVERER_NO_EXIST ','2010-09-23 11:07:22'),(746,'ERR_DELIVERER_PRODUCT_ADD ','2010-09-23 11:07:22'),(747,'ERR_DELIVERER_EDIT','2010-09-23 11:07:22'),(748,'TXT_POLL','2010-09-23 11:07:22'),(749,'TXT_POLL_LIST','2010-09-23 11:07:22'),(750,'TXT_QUESTIONS','2010-09-23 11:07:22'),(751,'TXT_ANSWERS','2010-09-23 11:07:22'),(752,'TXT_VOTES','2010-09-23 11:07:22'),(753,'ERR_POLL_NO_EXIST','2010-09-23 11:07:22'),(754,'TXT_POLL_ADD','2010-09-23 11:07:22'),(755,'ERR_EMPTY_QUESTIONS','2010-09-23 11:07:22'),(756,'TXT_ANSWERS_ADD','2010-09-23 11:07:22'),(757,'ERR_ANSWERS_EMPTY','2010-09-23 11:07:22'),(758,'TXT_POLL_EDIT','2010-09-23 11:07:22'),(759,'ERR_EMPTY_ANSWERS','2010-09-23 11:07:22'),(760,'ERR_EMPTY_VOTES','2010-09-23 11:07:22'),(761,'ERR_POLL_ANSWERS_ADD','2010-09-23 11:07:22'),(762,'ERR_POLL_ADD','2010-09-23 11:07:22'),(763,'ERR_POLL_EDIT ','2010-09-23 11:07:22'),(764,'ERR_ADD_DENGEROUS_OPINION','2010-09-23 11:07:22'),(765,'TXT_ANSWERS_EDIT','2010-09-23 11:07:22'),(766,'ERR_POLL_ANSWERS_EDIT','2010-09-23 11:07:22'),(767,'TXT_ADD_TO_WISH_LIST','2010-09-23 11:07:22'),(768,'ERR_EMPTY_POLL','2010-09-23 11:07:22'),(769,'TXT_POLL_RESULTS','2010-09-23 11:07:22'),(770,'TXT_WISHLIST','2010-09-23 11:07:22'),(771,'TXT_CLIENT_TAGS','2010-09-23 11:07:22'),(772,'ERR_EMPTY_CLIENT_TAGS','2010-09-23 11:07:22'),(773,'ERR_QUERY_WISHLIST','2010-09-23 11:07:22'),(774,'TXT_WISHLIST_PRODUCT_WAS_DELETED','2010-09-23 11:07:22'),(775,'ERR_WISHLIST_NO_PRODUCT_SELECTED','2010-09-23 11:07:22'),(776,'TXT_WISHLIST_PRODUCT_WAS_ADDED','2010-09-23 11:07:22'),(777,'ERR_WISHLIST_HAS_THIS_PRODUCT','2010-09-23 11:07:22'),(778,'ERR_CART_QUANTITY_IS_NOT_NUMERIC','2010-09-23 11:07:22'),(780,'ERR_EMPTY_WISHLIST','2010-09-23 11:07:22'),(781,'TXT_ORDER_NUMER','2010-09-23 11:07:22'),(782,'TXT_COST_OF_DELIVERY','2010-09-23 11:07:22'),(783,'TXT_PRODUCT_QTY','2010-09-23 11:07:22'),(784,'TXT_HEADER_INFO','2010-09-23 11:07:22'),(785,'TXT_HEADER_NAME','2010-09-23 11:07:22'),(786,'TXT_FOOTER_EMAIL','2010-09-23 11:07:22'),(787,'TXT_WELCOME','2010-09-23 11:07:22'),(788,'TXT_EMAIL_ORDER_CONTENT','2010-09-23 11:07:22'),(789,'TXT_EMAIL_CHANGE_CONTENT','2010-09-23 11:07:22'),(790,'TXT_OLD_EMAIL','2010-09-23 11:07:22'),(791,'TXT_NEW_EMAIL','2010-09-23 11:07:22'),(792,'TXT_PASSWORD_CHANGE_CONTENT','2010-09-23 11:07:22'),(793,'TXT_NEW_PASSWORD','2010-09-23 11:07:22'),(794,'TXT_ADDRESS_CHANGE_CONTENT','2010-09-23 11:07:22'),(795,'TXT_NEW_ADDRESS','2010-09-23 11:07:22'),(796,'TXT_ADDRESS_ADD_CONTENT','2010-09-23 11:07:22'),(797,'TXT_CLIENT_REGISTRATION_CONTENT','2010-09-23 11:07:22'),(799,'TXT_LOG','2010-09-23 11:07:22'),(800,'TXT_REORDER','2010-09-23 11:07:22'),(801,'TXT_ADDRESS_EDIT','2010-09-23 11:07:22'),(802,'TXT_ADDRESS_ADD','2010-09-23 11:07:22'),(803,'TXT_PASSWORD_EDIT','2010-09-23 11:07:22'),(804,'TXT_EMAIL_EDIT','2010-09-23 11:07:22'),(805,'TXT_REGISTRATION_NEW','2010-09-23 11:07:22'),(806,'TXT_PASSWORD_FORGOT','2010-09-23 11:07:22'),(807,'TXT_PASSWORD_FORGOT_CONTENT','2010-09-23 11:07:22'),(808,'ERR_WHILE_VOTING','2010-09-23 11:07:22'),(809,'TXT_THANK_YOU','2010-09-23 11:07:22'),(810,'TXT_DELIVERER_ADDRESS','2010-09-23 11:07:22'),(811,'TXT_ERROR_FORBIDDEN_CODE','2010-09-23 11:07:22'),(812,'TXT_REGISTER_USER_OK','2010-09-23 11:07:22'),(813,'TXT_CHECK_PRIVATE_MAIL','2010-09-23 11:07:22'),(814,'TXT_NEED_HELP','2010-09-23 11:07:22'),(815,'TXT_DATA_CHANGED_MAIL_SEND','2010-09-23 11:07:22'),(816,'TXT_ERROR_OLD_PASSWORD','2010-09-23 11:07:22'),(817,'ERR_EMPTY_FROM','2010-09-23 11:07:22'),(818,'ERR_EMPTY_TO','2010-09-23 11:07:22'),(820,'TXT_DISABLE_USER','2010-09-23 11:07:22'),(821,'TXT_ENABLE_USER','2010-09-23 11:07:22'),(822,'TXT_INVOICE','2010-09-23 11:07:22'),(824,'TXT_END_DATE','2010-09-23 11:07:22'),(825,'TXT_START_DATE','2010-09-23 11:07:22'),(826,'TXT_ORDER_CLIENT','2010-09-23 11:07:22'),(827,'TXT_CLIENT_NEWSLETTER','2010-09-23 11:07:22'),(828,'TXT_DISABLE','2010-09-23 11:07:22'),(829,'TXT_DISABLE_CONFIRM','2010-09-23 11:07:22'),(830,'TXT_ENABLE','2010-09-23 11:07:22'),(831,'TXT_ENABLE_CONFIRM','2010-09-23 11:07:22'),(832,'ERR_UNABLE_TO_ENABLE_USER','2010-09-23 11:07:22'),(833,'ERR_UNABLE_TO_DISABLE_USER','2010-09-23 11:07:22'),(834,'ERR_CAN_NOT_DISABLE_YOURSELF','2010-09-23 11:07:22'),(835,'ERR_CAN_NOT_ENABLE_YOURSELF','2010-09-23 11:07:22'),(836,'TXT_NOT_PUBLISH','2010-09-23 11:07:22'),(837,'TXT_ENABLE_PUBLISH','2010-09-23 11:07:22'),(838,'TXT_DISABLE_PUBLISH','2010-09-23 11:07:22'),(839,'ERR_UNABLE_TO_ENABLE_STATICBLOCKS','2010-09-23 11:07:22'),(840,'ERR_UNABLE_TO_DISABLE_STATICBLOCKS','2010-09-23 11:07:22'),(841,'TXT_CLIENTS_NEWSLETTER','2010-09-23 11:07:22'),(842,'TXT_SUBJECT','2010-09-23 11:07:22'),(843,'TXT_NEWSLETTER_ADD','2010-09-23 11:07:22'),(844,'TXT_NEWSLETTER_EDIT','2010-09-23 11:07:22'),(845,'ERR_NEWSLETTER_NO_EXIST','2010-09-23 11:07:22'),(846,'ERR_NEWSLETTER_EDIT','2010-09-23 11:07:22'),(848,'TXT_SENDER','2010-09-23 11:07:22'),(849,'TXT_SHORT_NAME','2010-09-23 11:07:22'),(850,'TXT_UNIT_MEASURE','2011-09-12 20:54:00'),(851,'TXT_UNIT_MEASURE_ADD','2010-09-23 11:07:22'),(852,'TXT_UNIT_MEASURE_EDIT','2010-09-23 11:07:22'),(853,'ERR_EMPTY_SHORT_NAME','2010-09-23 11:07:22'),(854,'ERR_UNIT_MEASURE_ADD','2010-09-23 11:07:22'),(855,'ERR_UNIT_MEASURE_NO_EXIST','2010-09-23 11:07:22'),(856,'TXT_NEWSLETTER_INFO_FRONTEND','2010-09-23 11:07:22'),(857,'TXT_INSERT_CLIENT_TO_NEWSLETTER','2010-09-23 11:07:22'),(858,'ERR_INSERT_CLIENT_TO_NEWSLETTER','2010-09-23 11:07:22'),(859,'TXT_GLOBAL_PRICE','2010-09-23 11:07:22'),(860,'TXT_PRICE_WITH_DISPATCHMETHOD','2010-09-23 11:07:22'),(861,'TXT_COUNT','2010-09-23 11:07:22'),(862,'TXT_REGISTRATION_NEWSLETTER','2010-09-23 11:07:22'),(863,'TXT_CLIENT_REGISTRATION_NEWSLETTER','2010-09-23 11:07:22'),(864,'TXT_STATISTIC_POLL','2010-09-23 11:07:22'),(865,'ERR_PRODUCT_DUPLICATE ','2010-09-23 11:07:22'),(866,'TXT_PRODUCT_ID','2010-09-23 11:07:22'),(867,'TXT_ORDER_CLIENT_COPY','2010-09-23 11:07:22'),(868,'TXT_SAVE','2010-09-23 11:07:22'),(869,'TXT_DELETE','2010-09-23 11:07:22'),(871,'TXT_DELETE_CLIENT_FROM_NEWSLETTER','2010-09-23 11:07:22'),(872,'ERR_DELETE_CLIENT_FROM_NEWSLETTER','2010-09-23 11:07:22'),(873,'TXT_VALUE_IN_PERCENT','2010-09-23 11:07:22'),(874,'TXT_EXAMPLE_FORM','2010-09-23 11:07:22'),(875,'TXT_POSTCODE_FORM','2010-09-23 11:07:22'),(876,'TXT_EMAIL_FORM','2010-09-23 11:07:22'),(877,'TXT_PARENT_CATEGORY_EXAMPLE','2010-09-23 11:07:22'),(878,'TXT_RECIPIENT_DATA','2010-09-23 11:07:22'),(879,'TXT_MAIN_DATA','2010-09-23 11:07:22'),(880,'TXT_QUICK_ACCESS','2010-09-23 11:07:22'),(881,'TXT_RETURN','2010-09-23 11:07:22'),(882,'TXT_RESET','2010-09-23 11:07:22'),(884,'TXT_PERSONAL_DATA','2010-09-23 11:07:22'),(885,'TXT_ADDITIONAL_DATA','2010-09-23 11:07:22'),(886,'TXT_CHANGE_USERS_PASSWORD','2010-09-23 11:07:22'),(887,'TXT_PASSWORD_CHANGE_INSTRUCTION','2010-09-23 11:07:22'),(888,'TXT_PASSWORD_NEW_COMMENT','2010-09-23 11:07:22'),(889,'TXT_ANSWERS_DATA','2010-09-23 11:07:22'),(890,'TXT_DISPATCHMETHOD_PRICE','2010-09-23 11:07:22'),(891,'TXT_DISPATCHMETHOD_PRICE_INSTRUCTION','2010-09-23 11:07:22'),(892,'ERR_EMPTY_DISPATCHMETHOD_PRICE','2010-09-23 11:07:22'),(893,'ERR_EMPTY_STATUS','2010-09-23 11:07:22'),(894,'TXT_NAVIGATION','2010-09-23 11:07:22'),(895,'ERR_WRONG_FORMAT_FAX','2010-09-23 11:07:22'),(896,'TXT_ADD_ORDERSTATUS','2010-09-23 11:07:22'),(897,'TXT_START_AGAIN','2010-09-23 11:07:22'),(898,'TXT_SAVE_AND_ADD_ANOTHER','2010-09-23 11:07:22'),(899,'TXT_SAVE_AND_FINISH','2010-09-23 11:07:22'),(900,'ERR_ORDERSTATUS_ADD','2010-09-23 11:07:22'),(901,'ERR_ORDERSTATUS_EDIT','2010-09-23 11:07:22'),(902,'ERR_NAME_ALREADY_EXISTS','2010-09-23 11:07:22'),(903,'TXT_EDIT_ORDERSTATUS','2010-09-23 11:07:22'),(904,'TXT_ORDERS_LIST','2010-09-23 11:07:22'),(905,'TXT_PRODUCTS_LIST','2010-09-23 11:07:22'),(906,'TXT_ADD_PRODUCT','2010-09-23 11:07:22'),(907,'TXT_CATEGORY_LIST','2010-09-23 11:07:22'),(908,'TXT_ADD_CATEGORY','2010-09-23 11:07:22'),(909,'TXT_PARENT_CATEGORY','2010-09-23 11:07:22'),(910,'TXT_EDIT_CATEGORY','2010-09-23 11:07:22'),(911,'TXT_ATTRIBUTE_PRODUCTS_LIST','2010-09-23 11:07:22'),(912,'TXT_ADD_ATTRIBUTE_PRODUCT','2010-09-23 11:07:22'),(913,'ERR_ATTRIBUTE_PRODUCT_GROUP_ALREADY_EXISTS','2010-09-23 11:07:22'),(914,'TXT_ATTRIBUTES_DATA','2010-09-23 11:07:22'),(915,'TXT_ATTRIBUTES_GROUP_DATA','2010-09-23 11:07:22'),(916,'TXT_ATTRIBUTE_PRODUCT','2010-09-23 11:07:22'),(917,'ERR_EMPTY_ATTRIBUTE_PRODUCT','2010-09-23 11:07:22'),(918,'TXT_EDIT_ATTRIBUTE_PRODUCT','2010-09-23 11:07:22'),(919,'TXT_PRODUCERS_LIST','2011-09-12 15:44:35'),(920,'TXT_ADD_PRODUCER','2010-09-23 11:07:22'),(921,'TXT_EDIT_PRODUCER','2010-09-23 11:07:22'),(922,'ERR_PRODUCER_EDIT','2010-09-23 11:07:22'),(924,'ERR_ATTRIBUTES_EDIT','2010-09-23 11:07:22'),(925,'TXT_ADD_DELIVERER','2010-09-23 11:07:22'),(926,'TXT_PRODUCTCOMBINACTIONS_LIST','2010-09-23 11:07:22'),(928,'TXT_UPSELL_LIST','2010-09-23 11:07:22'),(929,'TXT_ADD_UPSELL','2010-09-23 11:07:22'),(930,'TXT_UPSELL_COUNT','2010-09-23 11:07:22'),(931,'TXT_CROSS_SELLS_LIST','2010-09-23 11:07:22'),(932,'TXT_ADD_CROSS_SELL','2010-09-23 11:07:22'),(933,'TXT_SIMILAR_PRODUCTS_LIST','2010-09-23 11:07:22'),(934,'TXT_ADD_SIMILAR_PRODUCT','2010-09-23 11:07:22'),(935,'TXT_PRODUCT_PROMOTIONS_LIST','2010-09-23 11:07:22'),(936,'TXT_CLIENTS_LIST','2010-09-23 11:07:22'),(937,'TXT_ADD_CLIENT','2010-09-23 11:07:22'),(938,'TXT_ADDRESS_DATA','2010-09-23 11:07:22'),(939,'TXT_PHONE_FORM','2010-09-23 11:07:22'),(940,'TXT_EDIT_CLIENT','2010-09-23 11:07:22'),(941,'ERR_EMPTY_GROUPS','2010-09-23 11:07:22'),(942,'TXT_CLIENT_GROUPS_LIST','2010-09-23 11:07:22'),(943,'TXT_ADD_CLIENT_GROUP','2010-09-23 11:07:22'),(944,'TXT_EDIT_CLIENT_GROUP','2010-09-23 11:07:22'),(945,'ERR_EMPTY_GROUP_NAME','2010-09-23 11:07:22'),(946,'TXT_DISPATCHMETHODS_LIST','2010-09-23 11:07:22'),(947,'TXT_ADD_DISPATCHMETHOD','2010-09-23 11:07:22'),(948,'TXT_EDIT_DISPATCHMETHOD','2010-09-23 11:07:22'),(949,'TXT_ADD_VAT','2010-09-23 11:07:22'),(950,'TXT_EDIT_VAT','2010-09-23 11:07:22'),(951,'ERR_VALUE_INVALID','2010-09-23 11:07:22'),(952,'ERR_VAT_ALREADY_EXISTS','2010-09-23 11:07:22'),(953,'TXT_CLIENT_NEWSLETTERS_LIST','2010-09-23 11:07:22'),(954,'TXT_ADD_CLIENT_NEWSLETTER','2010-09-23 11:07:22'),(955,'TXT_NEWSLETTER_LIST','2010-09-23 11:07:22'),(956,'TXT_ADD_NEWSLETTER','2010-09-23 11:07:22'),(957,'TXT_TEXT','2010-09-23 11:07:22'),(958,'TXT_HTML','2010-09-23 11:07:22'),(959,'ERR_EMPTY_SENDER','2010-09-23 11:07:22'),(960,'ERR_EMPTY_CONTENT','2010-09-23 11:07:22'),(961,'ERR_NEWSLETTER_ADD','2010-09-23 11:07:22'),(962,'TXT_EDIT_NEWSLETTER','2010-09-23 11:07:22'),(963,'TXT_RANGES_LIST','2010-09-23 11:07:22'),(964,'TXT_RANGETYPES_LIST','2010-09-23 11:07:22'),(965,'TXT_ADD_RANGETYPE','2010-09-23 11:07:22'),(966,'TXT_ADD_RANGE_TYPE_CATEGORY','2010-09-23 11:07:22'),(967,'TXT_EDIT_RANGETYPE','2010-09-23 11:07:22'),(968,'TXT_PRODUCTRANGES_LIST','2010-09-23 11:07:22'),(969,'TXT_TAGS_LIST','2010-09-23 11:07:22'),(970,'TXT_MOST_SEARCH_LIST','2010-09-23 11:07:22'),(971,'TXT_INTEGRATIONS_LIST','2010-09-23 11:07:22'),(972,'TXT_ADD_INTEGRATION','2010-09-23 11:07:22'),(973,'TXT_ADD_NEWS','2011-09-14 10:34:00'),(974,'ERR_TOPIC_ALREADY_EXISTS','2010-09-23 11:07:22'),(975,'TXT_EDIT_NEWS','2011-09-14 10:31:32'),(977,'ERR_EMPTY_CONTENT_CATEGORY','2010-09-23 11:07:22'),(979,'TXT_ADD_CONTENTCATEGORY','2010-09-23 11:07:22'),(980,'TXT_EDIT_CONTENT_CATEGORY','2010-09-23 11:07:22'),(981,'TXT_POLLS_LIST','2010-09-23 11:07:22'),(982,'TXT_ADD_POLL','2010-09-23 11:07:22'),(983,'TXT_VOTES_POSITIONS','2010-09-23 11:07:22'),(984,'TXT_EDIT_POLL','2010-09-23 11:07:22'),(985,'ERR_NUMERIC_FORMAT','2010-09-23 11:07:22'),(986,'ERR_QUESTIONS_ALREADY_EXISTS','2010-09-23 11:07:22'),(987,'TXT_ADD_USER','2010-09-23 11:07:22'),(988,'TXT_EDIT_USER','2010-09-23 11:07:22'),(989,'TXT_ADD_PAYMENTMETHOD','2010-09-23 11:07:22'),(990,'TXT_EDIT_PAYMENTMETHOD','2010-09-23 11:07:22'),(993,'TXT_EDIT_BUG_REPORT','2010-09-23 11:07:22'),(994,'TXT_CONTACTS_LIST','2010-09-23 11:07:22'),(995,'TXT_ADD_CONTACT','2010-09-23 11:07:22'),(996,'TXT_EDIT_CONTACT','2010-09-23 11:07:22'),(997,'TXT_LANGUAGES_LIST','2010-09-23 11:07:22'),(998,'TXT_ADD_LANGUAGE','2010-09-23 11:07:22'),(999,'ERR_TRANSLATION_ALREADY_EXISTS','2010-09-23 11:07:22'),(1000,'TXT_EDIT_LANGUAGE','2010-09-23 11:07:22'),(1001,'TXT_TRANSLATIONS_LIST','2010-09-23 11:07:22'),(1002,'TXT_ADD_TRANSLATION','2010-09-23 11:07:22'),(1006,'TXT_EDIT_TRANSLATION','2010-09-23 11:07:22'),(1008,'TXT_FILES_LIST','2010-09-23 11:07:22'),(1009,'TXT_UNIT_MEASURES_LIST','2010-09-23 11:07:22'),(1010,'TXT_ADD_UNIT_MEASURE','2010-09-23 11:07:22'),(1011,'TXT_EDIT_UNIT_MEASURE','2010-09-23 11:07:22'),(1012,'ERR_EMPTY_SHOP_NAME','2010-09-23 11:07:22'),(1013,'TXT_SHOP_NAME','2010-09-23 11:07:22'),(1014,'TXT_DATE_FORMAT','2010-09-23 11:07:22'),(1015,'TXT_EDIT_GLOBAL_SETTINGS','2010-09-23 11:07:22'),(1016,'ERR_GROUP_NAME_ALREADY_EXISTS','2010-09-23 11:07:22'),(1017,'TXT_DISABLE_CLIENT','2010-09-23 11:07:22'),(1018,'TXT_ENABLE_CLIENT','2010-09-23 11:07:22'),(1023,'TXT_GROUPS_USERS_LIST','2012-04-28 16:55:33'),(1024,'TXT_ADD_GROUP','2010-09-23 11:07:22'),(1025,'TXT_RIGHTS','2010-09-23 11:07:22'),(1026,'TXT_GROUP_RIGHTS','2010-09-23 11:07:22'),(1027,'TXT_EDIT_GROUP','2010-09-23 11:07:22'),(1028,'TXT_BASIC_GROUP_DATA','2010-09-23 11:07:22'),(1029,'ERR_NUMERIC_INVALID','2010-09-23 11:07:22'),(1030,'TXT_CONSTANT_PRICE','2010-09-23 11:07:22'),(1031,'ERR_LITERAL_INVALID','2010-09-23 11:07:22'),(1032,'TXT_EXAMPLE','2010-09-23 11:07:22'),(1033,'ERR_CONTENTCATEGORY_BIND_TO_CONTENTCATEGORY','2010-09-23 11:07:22'),(1034,'TXT_DESKTOP','2010-09-23 11:07:22'),(1035,'TXT_SALE','2010-09-23 11:07:22'),(1036,'TXT_CRM','2010-09-23 11:07:22'),(1037,'TXT_EXTERNAL_SYSTEMS','2010-09-23 11:07:22'),(1038,'TXT_GEKOLAB','2010-09-23 11:07:22'),(1039,'TXT_RAPORTS','2010-09-23 11:07:22'),(1040,'TXT_UPSELL_PRODUCTS','2010-09-23 11:07:22'),(1041,'TXT_EDIT_UPSELL','2010-09-23 11:07:22'),(1042,'TXT_SIMILAR_PRODUCTS','2010-09-23 11:07:22'),(1043,'ERR_SIMILARPRODUCT_ADD','2010-09-23 11:07:22'),(1044,'TXT_ADD_SIMILARPRODUCT','2010-09-23 11:07:22'),(1045,'TXT_ADD_CROSSSELL','2010-09-23 11:07:22'),(1046,'TXT_CROSSSELL_PRODUCTS','2010-09-23 11:07:22'),(1047,'TXT_EDIT_SIMILARPRODUCT','2010-09-23 11:07:22'),(1048,'ERR_SIMILAR_PRODUCT_EDIT','2010-09-23 11:07:22'),(1049,'TXT_EDIT_CROSSSELL','2010-09-23 11:07:22'),(1050,'TXT_EDIT_DELIVERER','2010-09-23 11:07:22'),(1051,'TXT_ADD_PRODUCTCOMBINATION','2010-09-23 11:07:22'),(1052,'ERR_PRODUCTCOMBINATION_ADD','2010-09-23 11:07:22'),(1054,'TXT_SHORT_DESCRIPTION','2010-09-23 11:07:22'),(1055,'TXT_EDIT_PRODUCTCOMBINATION','2010-09-23 11:07:22'),(1056,'TXT_FAX_FORM','2010-09-23 11:07:22'),(1057,'TXT_BESTSELLERS','2010-09-23 11:07:22'),(1058,'TXT_SUM','2010-09-23 11:07:22'),(1059,'TXT_MOST_POPULAR','2010-09-23 11:07:22'),(1060,'TXT_MANY_TIMES','2010-09-23 11:07:22'),(1061,'TXT_SHOW_RAPORTS','2010-09-23 11:07:22'),(1062,'TXT_CONTACT_ADDRESS_DATA','2010-09-23 11:07:22'),(1063,'TXT_ACTIVE','2010-09-23 11:07:22'),(1064,'ERR_USER_ACTIVE_UPDATE','2010-09-23 11:07:22'),(1065,'ERR_CLIENT_ACTIVE_UPDATE','2010-09-23 11:07:22'),(1066,'TXT_PHOTOS','2010-09-23 11:07:22'),(1067,'TXT_ATTRIBUTES','2010-09-23 11:07:22'),(1068,'ERR_EMPTY_PRODUCT_NAME','2010-09-23 11:07:22'),(1069,'TXT_MAX_LENGTH','2010-09-23 11:07:22'),(1070,'TXT_EMPTY_CATEGORY_INSTRUCTION','2012-04-28 16:53:10'),(1071,'TXT_FILE_TYPES_IMAGE','2010-09-23 11:07:22'),(1072,'TXT_SUFFIXTYPE_PROMOTION','2010-09-23 11:07:22'),(1075,'TXT_BAR_CODE_NAME','2010-09-23 11:07:22'),(1076,'TXT_EDIT_PRODUCT','2010-09-23 11:07:22'),(1077,'TXT_LOGIN_FORM_LOGIN','2010-09-23 11:07:22'),(1078,'TXT_LOGIN_FORM_PASSWORD','2010-09-23 11:07:22'),(1079,'ERR_EMPTY_LOGIN_FORM_PASSWORD','2010-09-23 11:07:22'),(1080,'ERR_EMPTY_LOGIN_FORM_LOGIN','2010-09-23 11:07:22'),(1081,'TXT_LOGIN_FORM_RESET_PASSWORD','2010-09-23 11:07:22'),(1082,'TXT_LOG_IN','2010-09-23 11:07:22'),(1085,'TXT_ERROR_OCCURE','2010-09-23 11:07:22'),(1086,'TXT_BIND_COUNT','2010-09-23 11:07:22'),(1087,'TXT_ATTRIBUTE_CHANGE_INSTRUCTION','2010-09-23 11:07:22'),(1088,'TXT_EDIT_ORDER','2010-09-23 11:07:22'),(1089,'TXT_DISPATCHMETHOD_DATA','2010-09-23 11:07:22'),(1090,'TXT_ORDER_DATA','2010-09-23 11:07:22'),(1091,'TXT_PRODUCT_VARIANTS','2010-09-23 11:07:22'),(1092,'TXT_CATEGORY_DATA','2010-09-23 11:07:22'),(1093,'TXT_CATEGORY_ADD_INSTRUCTION','2010-09-23 11:07:22'),(1094,'TXT_PRODUCT_DATA','2010-09-23 11:07:22'),(1095,'TXT_MAIN_CATEGORY','2010-09-23 11:07:22'),(1097,'TXT_NEW_CATEGORY','2010-09-23 11:07:22'),(1098,'TXT_CATEGORY_ORDER_SAVED','2010-09-23 11:07:22'),(1099,'TXT_RETURN_TO_DESKTOP','2010-09-23 11:07:22'),(1101,'TXT_DUPLICATE_PRODUCT','2010-09-23 11:07:22'),(1102,'TXT_ADD_STATUS_INSTRUCTION','2010-09-23 11:07:22'),(1103,'TXT_PRODUCT_STATUS','2010-09-23 11:07:22'),(1104,'TXT_PROMOTION_DATA','2010-09-23 11:07:22'),(1105,'TXT_NEW_DATA','2010-09-23 11:07:22'),(1106,'ERROR_PASSWORD_GENERATE','2010-09-23 11:07:22'),(1107,'TXT_INTEGRATION_NAME','2010-09-23 11:07:22'),(1108,'TXT_INTEGRATION_SYMBOL','2010-09-23 11:07:22'),(1109,'TXT_ENABLE_INTEGRATION','2010-09-23 11:07:22'),(1110,'TXT_DISABLE_INTEGRATION','2010-09-23 11:07:22'),(1111,'TXT_PROMOTIONS_LIST','2010-09-23 11:07:22'),(1112,'TXT_ADD_PROMOTION','2010-09-23 11:07:22'),(1113,'TXT_DELIVERERS','2010-09-23 11:07:22'),(1114,'TXT_PRODUCERS','2010-09-23 11:07:22'),(1115,'TXT_PROMOTIONS','2010-09-23 11:07:22'),(1116,'TXT_GROUPS_OF_PROMOTION','2010-09-23 11:07:22'),(1117,'TXT_RULE_NAME','2010-09-23 11:07:22'),(1118,'TXT_EDIT_ATTRIBUTE_GROUP','2010-09-23 11:07:22'),(1119,'TXT_ADD_ATTRIBUTE_GROUP','2010-09-23 11:07:22'),(1120,'TXT_DELETE_ATTRIBUTE_GROUP','2010-09-23 11:07:22'),(1121,'TXT_ATTRIBUTE_GROUP_DATA','2010-09-23 11:07:22'),(1122,'TXT_ATTRIBUTE_GROUP_NAME','2010-09-23 11:07:22'),(1123,'TXT_ASSIGN_CATEGORIES','2010-09-23 11:07:22'),(1124,'TXT_CHOOSE_ATTRIBUTE_GROUP_TO_EDIT','2010-09-23 11:07:22'),(1125,'TXT_ATTRIBUTE_GROUPS','2010-09-23 11:07:22'),(1126,'TXT_ATTRIBUTEGROUPS','2010-09-23 11:07:22'),(1127,'TXT_THUMB','2010-09-23 11:07:22'),(1128,'TXT_PROMOTION_STOCK','2010-09-23 11:07:22'),(1129,'TXT_PROMOTION_VALUE','2010-09-23 11:07:22'),(1130,'TXT_DATE_FROM','2010-09-23 11:07:22'),(1131,'TXT_DATE_TO','2010-09-23 11:07:22'),(1132,'TXT_NEW_ATTRIBUTE_GROUP','2010-09-23 11:07:22'),(1133,'TXT_QUANTITY_UNIT','2010-09-23 11:07:22'),(1135,'TXT_SYMBOL','2010-09-23 11:07:22'),(1136,'ERR_GROUPS_OF_PROMOTION','2010-09-23 11:07:22'),(1137,'TXT_PROMOTION','2010-09-23 11:07:22'),(1138,'TXT_PROMOTION_RULE','2010-09-23 11:07:22'),(1139,'ERR_QUANTITY_UNIT','2010-09-23 11:07:22'),(1140,'ERR_SYMBOL','2010-09-23 11:07:22'),(1141,'TXT_GROUP_PROMOTION_VARIANT','2010-09-23 11:07:22'),(1142,'ERR_GROUP_PROMOTION_VARIANT','2010-09-23 11:07:22'),(1143,'ERR_EMPTY_RULE_NAME','2010-09-23 11:07:22'),(1144,'TXT_PROMOTION_DATE','2010-09-23 11:07:22'),(1145,'TXT_EDIT_PROMOTION','2010-09-23 11:07:22'),(1146,'TXT_PROMOTION_QUANTITY_UNIT','2010-09-23 11:07:22'),(1147,'TXT_VIEW_ORDER','2010-09-23 11:07:22'),(1148,'TXT_VIEW_ORDER_BASIC_DATA','2010-09-23 11:07:22'),(1149,'TXT_VIEW_ORDER_ORDER_NO','2010-09-23 11:07:22'),(1151,'TXT_VIEW_ORDER_CURRENT_STATUS','2010-09-23 11:07:22'),(1152,'TXT_VIEW_ORDER_IP_ADDRESS','2010-09-23 11:07:22'),(1154,'TXT_VIEW_ORDER_CLIENT_NAME','2010-09-23 11:07:22'),(1155,'TXT_VIEW_ORDER_CLIENT_EMAIL','2010-09-23 11:07:22'),(1156,'TXT_VIEW_ORDER_CLIENT_GROUP','2010-09-23 11:07:22'),(1157,'TXT_VIEW_BILLING_DATA','2010-09-23 11:07:22'),(1158,'TXT_VIEW_DELIVERY_DATA','2010-09-23 11:07:22'),(1159,'TXT_VIEW_ORDER_BILLING_NAME','2010-09-23 11:07:22'),(1160,'TXT_VIEW_ORDER_DELIVERY_NAME','2010-09-23 11:07:22'),(1161,'TXT_VIEW_ORDER_BILLING_ADDRESS','2010-09-23 11:07:22'),(1162,'TXT_VIEW_ORDER_BILLING_CITY','2010-09-23 11:07:22'),(1163,'TXT_VIEW_ORDER_BILLING_COUNTRY','2010-09-23 11:07:22'),(1164,'TXT_VIEW_ORDER_BILLING_PHONE','2010-09-23 11:07:22'),(1165,'TXT_VIEW_ORDER_DELIVERY_ADDRESS','2010-09-23 11:07:22'),(1166,'TXT_VIEW_ORDER_DELIVERY_CITY','2010-09-23 11:07:22'),(1167,'TXT_VIEW_ORDER_DELIVERY_COUNTRY','2010-09-23 11:07:22'),(1168,'TXT_VIEW_ORDER_DELIVERY_PHONE','2010-09-23 11:07:22'),(1170,'TXT_VIEW_ORDER_DELIVERY_METHOD','2010-09-23 11:07:22'),(1171,'TXT_VIEW_ORDER_PRODUCTS','2010-09-23 11:07:22'),(1172,'TXT_VIEW_ORDER_STATUS_AND_COMMENTS','2010-09-23 11:07:22'),(1173,'TXT_VIEW_ORDER_SUMMARY','2010-09-23 11:07:22'),(1174,'TXT_VIEW_ORDER_NET_TOTAL','2010-09-23 11:07:22'),(1175,'TXT_VIEW_ORDER_TOTAL','2010-09-23 11:07:22'),(1176,'TXT_VIEW_ORDER_DELIVERY','2010-09-23 11:07:22'),(1177,'TXT_VIEW_ORDER_TAX','2010-09-23 11:07:22'),(1178,'TXT_VIEW_ORDER_CLIENT_NOT_INFORMED','2010-09-23 11:07:22'),(1179,'TXT_VIEW_ORDER_CLIENT_INFORMED','2010-09-23 11:07:22'),(1180,'TXT_VIEW_ORDER_CHANGE_AUTHOR','2010-09-23 11:07:22'),(1181,'TXT_VIEW_ORDER_PRODUCT_NAME','2010-09-23 11:07:22'),(1182,'TXT_VIEW_ORDER_PRODUCT_CODE','2010-09-23 11:07:22'),(1183,'TXT_VIEW_ORDER_PRODUCT_NET_PRICE','2010-09-23 11:07:22'),(1184,'TXT_VIEW_ORDER_PRODUCT_QUANTITY','2010-09-23 11:07:22'),(1185,'TXT_VIEW_ORDER_PRODUCT_NET_SUBTOTAL','2010-09-23 11:07:22'),(1186,'TXT_VIEW_ORDER_PRODUCT_VAT','2010-09-23 11:07:22'),(1187,'TXT_VIEW_ORDER_PRODUCT_VAT_VALUE','2010-09-23 11:07:22'),(1188,'TXT_VIEW_ORDER_PRODUCT_SUBTOTAL','2010-09-23 11:07:22'),(1192,'TXT_VIEW_ORDER_ORDER_DATE','2010-09-23 11:07:22'),(1193,'TXT_VIEW_ORDER_CURRENT_STATUS','2010-09-23 11:07:22'),(1194,'TXT_VIEW_ORDER_IP_ADDRESS','2010-09-23 11:07:22'),(1195,'TXT_VIEW_ORDER_CLIENT_DATA','2010-09-23 11:07:22'),(1196,'TXT_VIEW_ORDER_CLIENT_NAME','2010-09-23 11:07:22'),(1197,'TXT_VIEW_ORDER_CLIENT_EMAIL','2010-09-23 11:07:22'),(1206,'TXT_VIEW_ORDER_DELIVERY_NAME','2010-09-23 11:07:22'),(1207,'TXT_VIEW_ORDER_DELIVERY_ADDRESS','2010-09-23 11:07:22'),(1208,'TXT_VIEW_ORDER_DELIVERY_CITY','2010-09-23 11:07:22'),(1209,'TXT_VIEW_ORDER_DELIVERY_COUNTRY','2010-09-23 11:07:22'),(1210,'TXT_VIEW_ORDER_DELIVERY_PHONE','2010-09-23 11:07:22'),(1211,'TXT_VIEW_ORDER_PAYMENT_METHOD','2010-09-23 11:07:22'),(1213,'TXT_VIEW_ORDER_PRODUCTS','2010-09-23 11:07:22'),(1214,'TXT_VIEW_ORDER_CHANGE_STATUS','2010-09-23 11:07:22'),(1215,'TXT_VIEW_ORDER_CHANGE_COMMENT','2010-09-23 11:07:22'),(1216,'TXT_VIEW_ORDER_CHANGE_INFORM_CLIENT','2010-09-23 11:07:22'),(1217,'TXT_VIEW_ORDER_CHANGE_UPDATE','2010-09-23 11:07:22'),(1218,'TXT_VIEW_ORDER_HISTORY','2010-09-23 11:07:22'),(1219,'TXT_VIEW_ORDER_SHIPPING_LISTS','2010-09-23 11:07:22'),(1220,'TXT_VIEW_ORDER_INVOICES','2010-09-23 11:07:22'),(1221,'TXT_VIEW_ORDER_NO_RECORDED_HISTORY','2010-09-23 11:07:22'),(1223,'TXT_CENEO_INTEGRATION','2010-09-23 11:07:22'),(1224,'TXT_NOKAUT_INTEGRATION','2010-09-23 11:07:22'),(1225,'TXT_SKAPIEC_INTEGRATION','2010-09-23 11:07:22'),(1226,'TXT_CHOOSE_CATEGORY_INTEGRATION','2010-09-23 11:07:22'),(1227,'TXT_CURRENT_ORDER_STATUS','2010-09-23 11:07:22'),(1228,'TXT_DISPATCH_METHOD','2010-09-23 11:07:22'),(1229,'TXT_PAYMENT_METHOD','2010-09-23 11:07:22'),(1230,'TXT_TOTAL_ORDER_VALUE','2010-09-23 11:07:22'),(1231,'TXT_ORDER_BASE_VALUE','2010-09-23 11:07:22'),(1232,'TXT_EDIT_ORDER_ORDERED_PRODUCTS','2010-09-23 11:07:22'),(1233,'TXT_EDIT_ORDER_CLIENT','2010-09-23 11:07:22'),(1234,'TXT_EDIT_ORDER_BILLING_DATA','2010-09-23 11:07:22'),(1235,'TXT_EDIT_ORDER_SHIPPING_DATA','2010-09-23 11:07:22'),(1236,'TXT_EDIT_ORDER_PAYMENT_METHOD','2010-09-23 11:07:22'),(1237,'TXT_EDIT_ORDER_DELIVERY_METHOD','2010-09-23 11:07:22'),(1238,'TXT_COMMENT','2010-09-23 11:07:22'),(1239,'TXT_CHANGE_ORDER_STATUS_NR','2010-09-23 11:07:22'),(1240,'TXT_ANY_VARIANT','2010-09-23 11:07:22'),(1241,'TXT_CHOOSE_VARIANT','2010-09-23 11:07:22'),(1242,'ERR_EMAIL_ALREADY_EXISTS','2010-09-23 11:07:22'),(1243,'TXT_ERROR_OCCURED','2010-09-23 11:07:22'),(1244,'ERR_PERMISSION_BREAK_OCCURED','2010-09-23 11:07:22'),(1245,'TXT_BANK_DATA','2010-09-23 11:07:22'),(1246,'TXT_BANK_NAME','2010-09-23 11:07:22'),(1247,'TXT_BANK_NUMBER','2010-09-23 11:07:22'),(1248,'TXT_ENABLE_PRODUCT_NEWS','2010-09-23 11:07:22'),(1249,'TXT_DISABLE_PRODUCT_NEWS','2010-09-23 11:07:22'),(1250,'TXT_NEW_USER','2010-09-23 11:07:22'),(1251,'TXT_COMPARE','2010-09-23 11:07:22'),(1252,'TXT_STANDARD_PRODUCT_STOCK','2010-09-23 11:07:22'),(1253,'TXT_EDIT_PASSWORD_USER','2010-09-23 11:07:22'),(1254,'TXT_DO_YOU_REALLY_WANT_TO_DELETE_ATTRIBUTE_GROUP','2010-09-23 11:07:22'),(1255,'TXT_DO_YOU_REALLY_WANT_TO_DELETE_ATTRIBUTE_GROUP_DESCRIPTION','2010-09-23 11:07:22'),(1256,'TXT_PRICE_NET','2010-09-23 11:07:22'),(1257,'TXT_PRICE_GROSS','2010-09-23 11:07:22'),(1258,'TXT_CLIENT_ACTIVITY','2010-09-23 11:07:22'),(1259,'TXT_CLIENT_ACTIVITY_ADD_TO_ORDER','2010-09-23 11:07:22'),(1260,'TXT_CLIENT_ACTIVITY_IN_CART','2010-09-23 11:07:22'),(1261,'TXT_CLIENT_ACTIVITY_ON_WISHLIST','2010-09-23 11:07:22'),(1262,'TXT_INTEGRATION_TERMS','2010-09-23 11:07:22'),(1263,'TXT_ADD_ORDERS','2010-09-23 11:07:22'),(1264,'TXT_ALL_ORDER_COST','2010-09-23 11:07:22'),(1265,'TXT_PAY','2010-09-23 11:07:22'),(1266,'TXT_SINGLE_PHOTO','2010-09-23 11:07:22'),(1267,'TXT_ADD_ORDER_ORDERED_PRODUCTS','2010-09-23 11:07:22'),(1268,'TXT_PAYMENT_CONTROLLER','2010-09-23 11:07:22'),(1269,'ERR_EMPTY_PAYMENT_CONTROLLER','2010-09-23 11:07:22'),(1270,'TXT_CONFIGURATION_DATA','2010-09-23 11:07:22'),(1271,'TXT_COMPANY_DATA','2010-09-23 11:07:22'),(1272,'TXT_COMPANY_NAME','2010-09-23 11:07:22'),(1273,'TXT_SHORT_COMPANY_NAME','2010-09-23 11:07:22'),(1274,'TXT_KRS','2010-09-23 11:07:22'),(1275,'ERR_PASSWORD_NEW_INVALID','2010-09-23 11:07:22'),(1276,'TXT_OPENING_HOURS','2010-09-23 11:07:22'),(1277,'TXT_CHOSE_DEPARTMENT','2010-09-23 11:07:22'),(1278,'TXT_DEPARTMENT','2010-09-23 11:07:22'),(1279,'TXT_OFFICE_HOURS_IS_AT_DISPOSAL','2010-09-23 11:07:22'),(1280,'TXT_RECIPIENT','2010-09-23 11:07:22'),(1281,'TXT_SEND_QUERY','2010-09-23 11:07:22'),(1282,'TXT_SEND_OK','2010-09-23 11:07:22'),(1283,'TXT_STANDARD_STOCK','2010-09-23 11:07:22'),(1284,'ERR_EMPTY_BASE_PRODUCT','2010-09-23 11:07:22'),(1285,'TXT_EMAIL_FORM_LOGIN','2010-09-23 11:07:22'),(1286,'ERR_EMPTY_EMAIL_FORM_LOGIN','2010-09-23 11:07:22'),(1287,'ERR_BAD_EMAIL','2010-09-23 11:07:22'),(1288,'UPLOAD_ERR_OK','2010-09-23 11:07:22'),(1289,'UPLOAD_ERR_INI_SIZE','2010-09-23 11:07:22'),(1290,'UPLOAD_ERR_FORM_SIZE','2010-09-23 11:07:22'),(1291,'UPLOAD_ERR_PARTIAL','2010-09-23 11:07:22'),(1292,'UPLOAD_ERR_NO_FILE','2010-09-23 11:07:22'),(1293,'UPLOAD_ERR_NO_TMP_DIR','2010-09-23 11:07:22'),(1294,'UPLOAD_ERR_CANT_WRITE','2010-09-23 11:07:22'),(1295,'UPLOAD_ERR_EXTENSION','2010-09-23 11:07:22'),(1296,'TXT_ADDRESS_COMPANY_DATA','2010-09-23 11:07:22'),(1297,'MAX_UPLOAD_FILE_SIZE_IS','2010-09-23 11:07:22'),(1298,'TXT_PROVINCE','2010-09-23 11:07:22'),(1299,'TXT_SELLER','2010-09-23 11:07:22'),(1300,'TXT_COMBINATION_PRODUCT_STOCK','2010-09-23 11:07:22'),(1301,'TXT_NEWSLETTER_TEMPLATE','2010-09-23 11:07:22'),(1302,'TXT_SEND_NEWSLETTER','2010-09-23 11:07:22'),(1303,'TXT_UPDATE','2010-09-23 11:07:22'),(1304,'TXT_LIST_NEWSLETTER','2010-09-23 11:07:22'),(1305,'TXT_STANDARD_ORDER_STATUS','2010-09-23 11:07:22'),(1306,'TXT_LAST_ORDER','2010-09-23 11:07:22'),(1307,'TXT_BANKTRANSFER','2010-09-23 11:07:22'),(1308,'TXT_BANKTRANSFER_INFO','2010-09-23 11:07:22'),(1309,'TXT_ACCEPT_AN_ORDER_BANKTRANSFER','2010-09-23 11:07:22'),(1310,'TXT_BANK_NAME','2010-09-23 11:07:22'),(1311,'TXT_BANK_TRANSFER_NAME','2010-09-23 11:07:22'),(1312,'TXT_SUM_PRODUCTS_PRICE','2010-09-23 11:07:22'),(1313,'TXT_BANK_NUMBER_FORMAT','2010-09-23 11:07:22'),(1314,'TXT_USE_VAT','2010-09-23 11:07:22'),(1316,'TXT_TABLE','2010-09-23 11:07:22'),(1317,'TXT_ENTER_NEW_CATEGORY_NAME','2010-09-23 11:07:22'),(1318,'TXT_ENTER_NEW_ATTRIBUTE_GROUP_NAME','2010-09-23 11:07:22'),(1319,'TXT_SELLPRICE_GROSS','2010-09-23 11:07:22'),(1320,'TXT_BUYPRICE_GROSS','2010-09-23 11:07:22'),(1321,'TXT_DISPATCHMETHOD_TABLE_PRICE','2010-09-23 11:07:22'),(1322,'TXT_ONDELIVERY_PAYMENT','2010-09-23 11:07:22'),(1323,'TXT_ONDELIVERY_INFO','2010-09-23 11:07:22'),(1324,'TXT_ONDELIVERY_ADDRESS','2010-09-23 11:07:22'),(1325,'TXT_PICKUP_PAYMENT','2010-09-23 11:07:22'),(1326,'TXT_PICKUP_INFO','2010-09-23 11:07:22'),(1327,'TXT_PICKUP_RECEIPT','2010-09-23 11:07:22'),(1328,'TXT_CLICK_LINK_TO_ACTIVE_ORDER','2010-09-23 11:07:22'),(1329,'TXT_CONFIRMED_ORDER','2010-09-23 11:07:22'),(1330,'TXT_VERSION','2010-09-23 11:07:22'),(1331,'TXT_CHANNEL','2010-09-23 11:07:22'),(1332,'TXT_INVALID_LINK','2010-09-23 11:07:22'),(1333,'TXT_CONFIRMATION_ORDER','2010-09-23 11:07:22'),(1334,'TXT_ERROR_CONFIRMATION_ORDER','2010-09-23 11:07:22'),(1335,'TXT_ERROR_CONFIRMATION_ORDER_INFO','2010-09-23 11:07:22'),(1336,'TXT_SERVER_VERSION','2010-09-23 11:07:22'),(1337,'TXT_LOCAL_VERSION','2010-09-23 11:07:22'),(1338,'TXT_SKAPIEC','2010-09-23 11:07:22'),(1339,'TXT_VIEW_INVOICES_PDF','2010-09-23 11:07:22'),(1340,'TXT_CHECKPOINTS','2010-09-23 11:07:22'),(1341,'TXT_INSTALL','2010-09-23 11:07:22'),(1342,'TXT_UNINSTALL','2010-09-23 11:07:22'),(1343,'TXT_PDF_PAGE_NUMBER','2010-09-23 11:07:22'),(1344,'TXT_PDF_PAGE_OUT_OF','2010-09-23 11:07:22'),(1345,'TXT_INVOICE_FOOTER_MESSAGE','2010-09-23 11:07:22'),(1346,'TXT_INVOICE_NUMBER','2011-06-19 13:51:51'),(1350,'TXT_WEB_API_KEY','2010-09-23 11:07:22'),(1353,'TXT_RECIPIENT_LIST','2010-09-23 11:07:22'),(1354,'TXT_ADD_RECIPIENT_LIST','2010-09-23 11:07:22'),(1355,'TXT_EDIT_RECIPIENT_LIST','2010-09-23 11:07:22'),(1357,'TXT_WEB_API_KEY_INFO','2010-09-23 11:07:22'),(1358,'TXT_CLIENT_NEWSLETTER_LIST','2010-09-23 11:07:22'),(1359,'TXT_CREATE_NEW_LIST','2010-09-23 11:07:22'),(1360,'TXT_CREATE_NEW_EMAIL_LIST','2010-09-23 11:07:22'),(1361,'TXT_EMAIL_LIST','2010-09-23 11:07:22'),(1362,'TXT_CLIENT_HISTORY_LOGS_LIST','2010-09-23 11:07:22'),(1363,'TXT_CLIENT_HISTORYLOGS','2010-09-23 11:07:22'),(1364,'TXT_CLIENTID','2010-09-23 11:07:22'),(1365,'TXT_CENT','2010-09-23 11:07:22'),(1366,'TXT_NEW_INVOICE_FOR_AN_ORDER','2010-09-23 11:07:22'),(1368,'TXT_SALE_DATE','2010-09-23 11:07:22'),(1369,'TXT_MATURITY','2011-06-19 13:24:35'),(1371,'TXT_TRANSFEREE','2010-09-23 11:07:22'),(1372,'TXT_ORDINAL_NUMEREL_SHORT','2010-09-23 11:07:22'),(1373,'TXT_UNIT_OF_MEASUREMENT_SHORT','2010-09-23 11:07:22'),(1374,'TXT_UNIT_OF_MEASURE_PRODUCT_NET_PRICE','2010-09-23 11:07:22'),(1375,'TXT_NETTO_AMOUNT','2010-09-23 11:07:22'),(1376,'TXT_VAT_AMOUNT','2010-09-23 11:07:22'),(1377,'TXT_GROSS_VALUE','2010-09-23 11:07:22'),(1378,'TXT_TOTAL','2010-09-23 11:07:22'),(1379,'TXT_IN_WORDS','2010-09-23 11:07:22'),(1380,'TXT_CONTAIN','2010-09-23 11:07:22'),(1381,'TXT_PERSONS_NAME_AND_SURNAME_AUTORIZED_TO','2010-09-23 11:07:22'),(1382,'TXT_TO_DRAW_INVOICES','2010-09-23 11:07:22'),(1383,'TXT_AND_ALSO','2010-09-23 11:07:22'),(1384,'TXT_SEAL','2010-09-23 11:07:22'),(1385,'TXT_TO_RECEIPT_INVOICES','2010-09-23 11:07:22'),(1386,'TXT_COPY','2010-09-23 11:07:22'),(1387,'TXT_ORIGINAL','2010-09-23 11:07:22'),(1388,'TXT_DUPLICATE','2010-09-23 11:07:22'),(1389,'INVOICE_SINGLE_PHOTO','2010-09-23 11:07:22'),(1390,'TXT_INVOICE_SHOW_SHOP_NAME_AND_TAG','2010-09-23 11:07:22'),(1391,'TXT_NAME_OF_INVOICE_TAG','2010-09-23 11:07:22'),(1392,'TXT_INVOICE_SHOW_SHOP_NAME','2010-09-23 11:07:22'),(1393,'TXT_INVOICE_LOGO_INFO','2010-09-23 11:07:22'),(1394,'TXT_INVOICE_LOGO','2010-09-23 11:07:22'),(1398,'TXT_MOST_VIEWED_LIST','2010-09-23 11:07:22'),(1399,'TXT_LAST_VIEWED','2010-09-23 11:07:22'),(1400,'TXT_MOST_VIEWED','2010-09-23 11:07:22'),(1401,'TXT_ADD_RANGE','2010-09-23 11:07:22'),(1402,'TXT_RANGE_DATA','2010-09-23 11:07:22'),(1403,'TXT_ADD_RANGE_INSTRUCTION','2010-09-23 11:07:22'),(1404,'TXT_EDIT_RANGE','2010-09-23 11:07:22'),(1405,'ERR_RANGE_BIND_TO_RANGETYPE','2010-09-23 11:07:22'),(1408,'ERR_EMPTY_HTML','2010-09-23 11:07:22'),(1409,'ERR_EMPTY_TEXT','2010-09-23 11:07:22'),(1410,'TXT_BUY_ALSO_LIST','2010-09-23 11:07:22'),(1411,'TXT_BUYALSO','2010-09-23 11:07:22'),(1412,'TXT_RULE','2010-09-23 11:07:22'),(1413,'TXT_MAIN_INFORMATION','2010-09-23 11:07:22'),(1414,'TXT_RULE_NAME','2010-09-23 11:07:22'),(1415,'TXT_INACTIVE','2010-09-23 11:07:22'),(1416,'TXT_IN_FORCE_FROM','2010-09-23 11:07:22'),(1417,'TXT_IN_FORCE_TO','2010-09-23 11:07:22'),(1418,'TXT_ACTION','2010-09-23 11:07:22'),(1419,'TXT_CONDITIONS','2010-09-23 11:07:22'),(1420,'TXT_CUSTOMER_OPINION','2010-09-23 11:07:22'),(1421,'TXT_CUSTOMER_OPINION_NO_EXIST','2010-09-23 11:07:22'),(1422,'TXT_ADD_CUSTOMER_OPINION','2010-09-23 11:07:22'),(1423,'TXT_STOP_ANOTHER_PROMOTION','2010-09-23 11:07:22'),(1424,'TXT_ACCESS_ANOTHER_PROMOTION','2010-09-23 11:07:22'),(1425,'TXT_DIRECTION_FOR_USE','2010-09-23 11:07:22'),(1426,'TXT_CLIENT_ONLINE','2010-09-23 11:07:22'),(1427,'ERR_DIRECTION_FOR_USE','2010-09-23 11:07:22'),(1428,'TXT_INHERITANCE_PROMOTION','2010-09-23 11:07:22'),(1430,'TXT_INCREASE_BY_PERCENT','2010-09-23 11:07:22'),(1431,'TXT_DECREASE_BY_PERCENT','2010-09-23 11:07:22'),(1432,'TXT_INCREASE_BY_AMOUNT','2010-09-23 11:07:22'),(1433,'TXT_DECREASE_BY_AMONUT','2010-09-23 11:07:22'),(1434,'TXT_REAL_AMOUNT','2010-09-23 11:07:22'),(1435,'ERR_PRIORITY_INVALID','2010-09-23 11:07:22'),(1436,'TXT_DEFAULT_ADDRESS','2010-09-23 11:07:22'),(1439,'TXT_AUTOUPDATE_UNINSTALL_ERROR','2010-09-23 11:07:22'),(1440,'TXT_AUTOUPDATE_INSTALL_ERROR','2010-09-23 11:07:22'),(1441,'TXT_AUTOUPDATE_PLEASE_WAIT','2010-09-23 11:07:22'),(1442,'TXT_AUTOUPDATE_INSTALLATION_IN_PROGRESS','2010-09-23 11:07:22'),(1443,'TXT_ERROR_ENCOUNTERED','2010-09-23 11:07:22'),(1444,'TXT_AUTOUPDATE_INSTALLATION','2010-09-23 11:07:22'),(1445,'TXT_AUTOUPDATE_UPDATE','2010-09-23 11:07:22'),(1446,'TXT_AUTOUPDATE_UPDATE_IN_PROGRESS','2010-09-23 11:07:22'),(1447,'TXT_AUTOUPDATE_UPDATE_IN_PROGRESS_FROM_VERSION','2010-09-23 11:07:22'),(1448,'TXT_AUTOUPDATE_UPDATE_IN_PROGRESS_TO_VERSION','2010-09-23 11:07:22'),(1449,'TXT_AUTOUPDATE_UNINSTALLATION_IN_PROGRESS','2010-09-23 11:07:22'),(1450,'TXT_AUTOUPDATE_UNINSTALLATION','2010-09-23 11:07:22'),(1451,'TXT_AUTOUPDATE_SUCCESSFUL','2010-09-23 11:07:22'),(1452,'TXT_AUTOUPDATE_SUCCESSFUL_DESCRIPTION','2010-09-23 11:07:22'),(1456,'TXT_USER_GROUP','2010-09-23 11:07:22'),(1457,'TXT_CLIENT_GROUP','2010-09-23 11:07:22'),(1458,'TXT_DESCRIPTION_COURIER','2010-09-23 11:07:22'),(1459,'TXT_LOGO','2010-09-23 11:07:22'),(1460,'TXT_WEIGHT','2010-09-23 11:07:22'),(1461,'ERR_PAYMENTMETHOD_BIND_TO_ORDERSTATUS','2010-09-23 11:07:22'),(1467,'TXT_CONFIRMATIVE_EMIAL','2010-09-23 11:07:22'),(1468,'TXT_CONFIRMATIVE_FORM','2010-09-23 11:07:22'),(1473,'TXT_TITLE_FORMAT','2010-09-23 11:07:22'),(1474,'TXT_TITLE_FORMAT_INFO','2010-09-23 11:07:22'),(1475,'TXT_CONDITION','2010-09-23 11:07:22'),(1476,'TXT_NEW','2010-09-23 11:07:22'),(1477,'TXT_SECOND_HAND','2010-09-23 11:07:22'),(1478,'TXT_INSERT_DESCRIPTION_FROM_SHOP','2010-09-23 11:07:22'),(1479,'TXT_INSERT_DESCRIPTION_HENDWRITING','2010-09-23 11:07:22'),(1481,'TXT_USE_MAINPHOTO_AS_THUMB','2010-09-23 11:07:22'),(1482,'TXT_CHOOSE_ANOTHER_PHOTO','2010-09-23 11:07:22'),(1484,'TXT_SALING_FORMAT','2010-09-23 11:07:22'),(1486,'TXT_ONLY_BUY_NOW','2010-09-23 11:07:22'),(1487,'TXT_ORDER_GROUPS','2010-09-23 11:07:22'),(1488,'TXT_ORDER_STATUS_GROUPS','2012-04-23 00:00:04'),(1489,'TXT_ADD_ORDER_STATUS_GROUPS','2010-09-23 11:07:22'),(1490,'TXT_EDIT_ORDER_STATUS_GROUPS','2010-09-23 11:07:22'),(1491,'TXT_VAT_INVOICE','2010-09-23 11:07:22'),(1492,'TXT_PROFORMA_INVOICE','2010-09-23 11:07:22'),(1493,'TXT_INVOICE_TYPE','2010-09-23 11:07:22'),(1494,'ERR_EMPTY_INVOICE_TYPE','2010-09-23 11:07:22'),(1495,'TXT_KIND_OF_INVOICE','2010-09-23 11:07:22'),(1496,'TXT_ADD_KIND_OF_INVOICE','2010-09-23 11:07:22'),(1497,'TXT_REMOVABLE','2010-09-23 11:07:22'),(1498,'TXT_EDIT_KIND_OF_INVOICE','2010-09-23 11:07:22'),(1499,'TXT_INVOICE_TYPE_LIST','2010-09-23 11:07:22'),(1500,'TXT_ADD_INVOICE_TYPE','2010-09-23 11:07:22'),(1501,'ERR_EMPTY_ORDER_STATUS_GROUPS','2010-09-23 11:07:22'),(1502,'ERR_ADD_NEW_INVOICE_TYPE','2010-09-23 11:07:22'),(1503,'ERR_CAN_NOT_REMOVABLE_INVOICE_STATUS','2010-09-23 11:07:22'),(1504,'TXT_DELETE_INVOICE_TYPE','2010-09-23 11:07:22'),(1505,'TXT_INVOICE_TYPE_EXAMPLE','2010-09-23 11:07:22'),(1506,'TXT_DELETE_THIS_INVOICE_TYPE','2010-09-23 11:07:22'),(1507,'ERR_EMPTY_WEIGHT','2010-09-23 11:07:22'),(1508,'TXT_KG','2010-09-23 11:07:22'),(1509,'TXT_DISPATCHMETHOD_WEIGHT_PRICE','2010-09-23 11:07:22'),(1510,'TXT_EMAIL_SENDER','2010-09-23 11:07:22'),(1511,'ERR_EMPTY_EMAIL_SENDER','2010-09-23 11:07:22'),(1512,'TXT_NAME_SENDER','2010-09-23 11:07:22'),(1513,'ERR_EMPTY_NAME_SENDER','2010-09-23 11:07:22'),(1514,'TXT_WELCOME_CONTENT','2010-09-23 11:07:22'),(1515,'ERR_WELCOME_CONTENT','2010-09-23 11:07:22'),(1516,'TXT_FOOTER_CONTENT','2010-09-23 11:07:22'),(1517,'ERR_FOOTER_CONTENT','2010-09-23 11:07:22'),(1519,'TXT_DEFAULT_SHOP_NAME','2010-09-23 11:07:22'),(1522,'TXT_STARTING_PRICE_OF_ITEM','2010-09-23 11:07:22'),(1523,'TXT_ITEM_PRICE','2010-09-23 11:07:22'),(1524,'TXT_RESERVED_PRICE','2010-09-23 11:07:22'),(1525,'TXT_BUY_NOW_PRICE','2010-09-23 11:07:22'),(1526,'TXT_ITEM_QUANTITY','2010-09-23 11:07:22'),(1529,'TXT_HIGHEST_BIDDER_ID','2010-09-23 11:07:22'),(1535,'TXT_BOLD_TITLE','2010-09-23 11:07:22'),(1540,'TXT_USER_PAYING_FOR_SHIPMENT','2010-09-23 11:07:22'),(1564,'TXT_NUMBER_OF_NOT_SOLD_ITEMS','2010-09-23 11:07:22'),(1565,'TXT_NUMBER_OF_WON_ITEM','2010-09-23 11:07:22'),(1566,'TXT_NUMBER_OF_BID','2010-09-23 11:07:22'),(1569,'TXT_BIDDER_LOGIN','2010-09-23 11:07:22'),(1570,'TXT_BIDDER_RATING','2010-09-23 11:07:22'),(1571,'TXT_BIDDER_COUNTRY','2010-09-23 11:07:22'),(1575,'TXT_COUNT_OF_WATCHERS','2010-09-23 11:07:22'),(1576,'TXT_CHECK_BUY_NOW_PRICE','2010-09-23 11:07:22'),(1579,'TXT_MINUTES_TO_RECEIVE_RAPORT','2010-09-23 11:07:22'),(1583,'TXT_BLOKED_USER','2010-09-23 11:07:22'),(1589,'TXT_COMMISSION','2010-09-23 11:07:22'),(1590,'TXT_PREVIOUS_CATEGORY','2010-09-23 11:07:22'),(1591,'TXT_NEXT_CATEGORY','2010-09-23 11:07:22'),(1592,'TXT_LESS','2010-09-23 11:07:22'),(1604,'TXT_SHOP_CATEGORY','2010-09-23 11:07:22'),(1606,'TXT_ACTIVE_TO','2010-09-23 11:07:22'),(1609,'TXT_STORE_SELECTOR','2010-09-23 11:07:22'),(1611,'TXT_DEFAULT_SHOP_MAIL','2010-09-23 11:07:22'),(1612,'TXT_CHANGE_SENDER_SHORT_INFO','2010-09-23 11:07:22'),(1613,'TXT_CHANGE_SENDER_INFO','2010-09-23 11:07:22'),(1616,'TXT_WELCOME_CONTENT_INFO','2010-09-23 11:07:22'),(1617,'TXT_FOOTER_CONTENT_INFO','2010-09-23 11:07:22'),(1618,'TXT_FORM_TITLE','2010-09-23 11:07:22'),(1619,'ERR_EMPTY_FORM_TITLE_LOGIN','2010-09-23 11:07:22'),(1620,'TXT_ADDR_HELP_LINK','2010-09-23 11:07:22'),(1621,'TXT_REGISTRATION_CONTENT','2010-09-23 11:07:22'),(1622,'ERR_REGISTRATION_CONTENT','2010-09-23 11:07:22'),(1623,'TXT_REGISTRATION_CONTENT_INFO','2010-09-23 11:07:22'),(1624,'TXT_VIEW_PRODUCT_AFTER_CONFIRMATION_ORDER','2010-09-23 11:07:22'),(1625,'TXT_PROMOTIONAL','2010-09-23 11:07:22'),(1628,'TXT_SHOP_LINK','2010-09-23 11:07:22'),(1629,'TXT_REGISTRATION_ENCOURAGEMENT','2010-09-23 11:07:22'),(1630,'TXT_CONTENT_IN_PRODUCTS_BOX','2010-09-23 11:07:22'),(1631,'TXT_CONTENT_IN_PRODUCTS_BOX_INFO','2010-09-23 11:07:22'),(1632,'TXT_LEFT_BOX_CONTENT','2010-09-23 11:07:22'),(1633,'TXT_RIGHT_BOX_CONTENT','2010-09-23 11:07:22'),(1634,'TXT_LEFT_BOX_CONTENT_INFO','2010-09-23 11:07:22'),(1635,'TXT_CONTENT_AFTER_CORRECT_CONFIRMATION','2010-09-23 11:07:22'),(1636,'TXT_CONTENT_AFTER_CORRECT_CONFIRMATION_INFO','2010-09-23 11:07:22'),(1637,'TXT_CONTENT_AFTER_WRONG_CONFIRMATION','2010-09-23 11:07:22'),(1638,'TXT_CONTENT_AFTER_WRONG_CONFIRMATION_INFO','2010-09-23 11:07:22'),(1639,'TXT_WIDTH','2010-09-23 11:07:22'),(1640,'TXT_HEIGHT','2010-09-23 11:07:22'),(1641,'TXT_KEEP_PROPORTION','2011-06-26 10:38:52'),(1642,'TXT_GALLERY_SETTINGS','2010-09-23 11:07:22'),(1643,'TXT_SMALL_SIZE','2010-09-23 11:07:22'),(1644,'TXT_NORMAL_SIZE','2010-09-23 11:07:22'),(1645,'TXT_STORES','2010-09-23 11:07:22'),(1646,'TXT_TITLE','2010-09-23 11:07:22'),(1647,'TXT_USER_TEMPLATES_LIST','2010-09-23 11:07:22'),(1648,'ERR_EMPTY_TITLE','2010-09-23 11:07:22'),(1653,'TXT_FREE_DISPATCH','2010-09-23 11:07:22'),(1654,'TXT_CHOOSE_STORE','2010-09-23 11:07:22'),(1655,'TXT_MANAGEMENT_TOOLS','2010-09-23 11:07:22'),(1656,'TXT_GRAPH','2010-09-23 11:07:22'),(1657,'TXT_SALES','2010-09-23 11:07:22'),(1658,'TXT_TODAY','2010-09-23 11:07:22'),(1659,'TXT_CURRENT_MONTH','2010-09-23 11:07:22'),(1660,'TXT_PERIOD','2010-09-23 11:07:22'),(1661,'TXT_LAST_ORDERS','2010-09-23 11:07:22'),(1662,'TXT_INDIVIDUAL_RECEIPT','2010-09-23 11:07:22'),(1663,'TXT_EMAIL_RECEIPT','2010-09-23 11:07:22'),(1664,'TXT_NEW_CUSTOMERS','2010-09-23 11:07:22'),(1667,'TXT_PRIORITY_PACKAGE','2010-09-23 11:07:22'),(1668,'TXT_PRIORITY_LETTER','2010-09-23 11:07:22'),(1669,'TXT_PAID_ON_DELIVERY','2010-09-23 11:07:22'),(1670,'TXT_SUMMARY_DAY','2010-09-23 11:07:22'),(1672,'TXT_TOGETHER','2010-09-23 11:07:22'),(1673,'TXT_IN','2010-09-23 11:07:22'),(1674,'TXT_PRIORITY_PAID_ON_DELIVERY','2010-09-23 11:07:22'),(1675,'TXT_PRIORITY_REGISTERED_LETTER','2010-09-23 11:07:22'),(1676,'TXT_COURIER_MAIL','2010-09-23 11:07:22'),(1677,'TXT_COURIER_MAIL_ON_DELIVERY','2010-09-23 11:07:22'),(1678,'TXT_TRANSPORT_OPTIONS','2010-09-23 11:07:22'),(1687,'TXT_DESCRIPTION_AND_PHOTOS','2010-09-23 11:07:22'),(1689,'TXT_TITLE_FORMAT_LONG_INFO','2010-09-23 11:07:22'),(1690,'TXT_COUNTRY','2010-09-23 11:07:22'),(1691,'TXT_CITY','2010-09-23 11:07:22'),(1692,'TXT_CLIENT_NAME','2010-09-23 11:07:22'),(1693,'TXT_STATUS_AND_COMMENTS','2010-09-23 11:07:22'),(1695,'TXT_DESCRIPTION_SHORT_INFO','2010-09-23 11:07:22'),(1696,'TXT_DESCRIPTION_INFO','2010-09-23 11:07:22'),(1697,'TXT_PRICE_AND_DURATION','2010-09-23 11:07:22'),(1698,'TXT_STARTING_PRICE','2010-09-23 11:07:22'),(1699,'TXT_CALCULATE_PRICE','2010-09-23 11:07:22'),(1700,'TXT_STARTING_PRICE_CALCULATE','2010-09-23 11:07:22'),(1701,'ERR_STARTING_PRICE_CALCULATE','2010-09-23 11:07:22'),(1702,'TXT_STARTING_PRICE_INFO','2010-09-23 11:07:22'),(1703,'TXT_BUY_NOW_PRICE_INFO','2010-09-23 11:07:22'),(1705,'TXT_CHOOSE_PIECES','2010-09-23 11:07:22'),(1706,'TXT_CHOOSE_SETS','2010-09-23 11:07:22'),(1707,'TXT_CHOOSE_PAIRS','2010-09-23 11:07:22'),(1708,'TXT_KIND_OF_QTY','2010-09-23 11:07:22'),(1711,'TXT_DISPLAY_ONLY_PERCENTAGE','2010-09-23 11:07:22'),(1712,'TXT_LEAVE_QTY','2010-09-23 11:07:22'),(1713,'TXT_LEAVE_PERCENTAGE','2010-09-23 11:07:22'),(1715,'TXT_STARTING_TIME','2010-09-23 11:07:22'),(1717,'TXT_DISPLAY_ANOTHER_TIME','2010-09-23 11:07:22'),(1718,'TXT_LEAVE_STORAGE','2010-09-23 11:07:22'),(1723,'TXT_STORAGE_LIMIT','2010-09-23 11:07:22'),(1724,'TXT_DURATION','2010-09-23 11:07:22'),(1725,'TXT_TRANSPORT_AND_PAYMENT','2010-09-23 11:07:22'),(1726,'TXT_SHIPMENT_COST_COVERED','2010-09-23 11:07:22'),(1727,'TXT_BUYER','2010-09-23 11:07:22'),(1729,'TXT_ADDITIONAL_OPTIONS','2010-09-23 11:07:22'),(1730,'TXT_BOLD_TITLE_INFO','2010-09-23 11:07:22'),(1731,'TXT_HIGHLIGHT','2010-09-23 11:07:22'),(1732,'TXT_HIGHLIGHT_INFO','2010-09-23 11:07:22'),(1735,'TXT_DIFFERENCE','2010-09-23 11:07:22'),(1736,'TXT_DIFFERENCE_INFO','2010-09-23 11:07:22'),(1737,'TXT_CATEGORY_PAGE','2010-09-23 11:07:22'),(1738,'TXT_CATEGORY_PAGE_INFO','2010-09-23 11:07:22'),(1740,'TXT_MAIN_PAGE','2010-09-23 11:07:22'),(1741,'TXT_MAIN_PAGE_INFO','2010-09-23 11:07:22'),(1743,'ERR_EMPTY_ONLY_BUY_NOW','2010-09-23 11:07:22'),(1745,'TXT_PRICE_IS_SHOP_PRICE','2010-09-23 11:07:22'),(1747,'TXT_INSERT_VALUE','2010-09-23 11:07:22'),(1749,'TXT_STORE','2010-09-23 11:07:22'),(1750,'TXT_SHOP_VIEW','2010-09-23 11:07:22'),(1751,'TXT_PRODUCT_SELECTOR','2010-09-23 11:07:22'),(1754,'TXT_SHOP_VIEW_LIST','2010-09-23 11:07:22'),(1755,'TXT_NAMESPACE','2010-09-23 11:07:22'),(1756,'TXT_ADD_SHOP_VIEW','2010-09-23 11:07:22'),(1757,'TXT_STORE_LIST','2010-09-23 11:07:22'),(1758,'TXT_ADD_STORE','2010-09-23 11:07:22'),(1760,'TXT_EDIT_SHOP_VIEW','2010-09-23 11:07:22'),(1761,'TXT_EDIT_STORE','2010-09-23 11:07:22'),(1762,'TXT_MAIN_INFO','2010-09-23 11:07:22'),(1763,'TXT_ADDITIONAL_INFO','2010-09-23 11:07:22'),(1765,'TXT_MULTISTORE','2010-09-23 11:07:22'),(1766,'TXT_LAYER','2010-09-23 11:07:22'),(1767,'TXT_BORDER','2010-09-23 11:07:22'),(1768,'TXT_COLOUR','2010-09-23 11:07:22'),(1769,'TXT_PAGE_SCHEME','2010-09-23 11:07:22'),(1770,'TXT_MAIN_OPTIONS','2010-09-23 11:07:22'),(1771,'TXT_SHOP_BG_COLOUR','2010-09-23 11:07:22'),(1772,'TXT_SHOP_TYPEFACE','2010-09-23 11:07:22'),(1773,'TXT_FOOTER_BG_COLOUR','2010-09-23 11:07:22'),(1774,'TXT_FOOTER_TYPEFACE','2010-09-23 11:07:22'),(1775,'TXT_BORDER_RADIUS','2010-09-23 11:07:22'),(1776,'TXT_BORDER_RADIUS_INFO','2010-09-23 11:07:22'),(1777,'TXT_LINE_SPACING_PARAGRAPH','2010-09-23 11:07:22'),(1778,'TXT_EMPTY_NAME_OF_INVOICE_TAG','2010-09-23 11:07:22'),(1779,'TXT_INVOICE_EXPORT','2010-09-23 11:07:22'),(1780,'TXT_CHOOSE_SHOP','2010-09-23 11:07:22'),(1781,'ERR_EMPTY_KIND_OF_INVOICE','2010-09-23 11:07:22'),(1782,'TXT_AMOUNT_FROM','2010-09-23 11:07:22'),(1783,'TXT_AMOUNT_TO','2010-09-23 11:07:22'),(1784,'TXT_ORIGINAL_AND_COPY','2010-09-23 11:07:22'),(1785,'TXT_ORDER_AMOUNT','2010-09-23 11:07:22'),(1786,'TXT_ADD_TO_WISHLIST','2010-09-23 11:07:22'),(1787,'TXT_LINE_HEIGHT','2010-09-23 11:07:22'),(1788,'TXT_DEFAULT_BOX','2010-09-23 11:07:22'),(1789,'TXT_BG_HEARDER_COLOR','2010-09-23 11:07:22'),(1790,'TXT_EMPTY_SEARCH','2010-09-23 11:07:22'),(1791,'TXT_VIEW_CATEGORY_INSTRUCTION','2010-09-23 11:07:22'),(1792,'TXT_FORMS','2010-09-23 11:07:22'),(1793,'TXT_PRODUCT_CARD','2010-09-23 11:07:22'),(1794,'TXT_PRODUCT_FOLDER','2010-09-23 11:07:22'),(1795,'TXT_TEMPLATE_NAME','2010-09-23 11:07:22'),(1796,'ERR_EMPTY_TEMPLATE_NAME','2010-09-23 11:07:22'),(1797,'TXT_PAGE_SCHEMES','2010-09-23 11:07:22'),(1798,'TXT_PAGE_SCHEME_TEMPLATES_LIST','2010-09-23 11:07:22'),(1799,'TXT_PAGE_SCHEME_ADD','2010-09-23 11:07:22'),(1800,'TXT_PAGE_SCHEME_EDIT','2010-09-23 11:07:22'),(1801,'TXT_LAYER_INSTRUCTION','2010-09-23 11:07:22'),(1802,'TXT_RIGHTS_FOR','2010-09-23 11:07:22'),(1803,'TXT_CLIENTS_SELECTION','2010-09-23 11:07:22'),(1804,'ERR_WRONG_NIP','2010-09-23 11:07:22'),(1805,'TXT_ADD_FILES','2010-09-23 11:07:22'),(1806,'ERR_WRONG_FORMAT_BANK_NUMBER','2010-09-23 11:07:22'),(1807,'TXT_MEASURE','2010-09-23 11:07:22'),(1808,'TXT_WEIGHT_DATA','2010-09-23 11:07:22'),(1809,'TXT_SELECT_VIEW_FROM_ORDER','2010-09-23 11:07:22'),(1810,'TXT_LOOKS','2010-09-23 11:07:22'),(1811,'TXT_SELECT_VIEW_FROM_PRODUCTCOMBINATION','2010-09-23 11:07:22'),(1812,'TXT_LAYOUT_BOX_SCHEME','2010-09-23 11:07:22'),(1813,'TXT_LAYOUT_BOX_SCHEME_ADD','2010-09-23 11:07:22'),(1814,'TXT_LAYOUT_BOX_SCHEME_EDIT','2010-09-23 11:07:22'),(1815,'TXT_LAYOUT_BOX_SCHEME_LIST','2010-09-23 11:07:22'),(1816,'TXT_LAYOUT_BOX_ADD','2010-09-23 11:07:22'),(1817,'TXT_LAYOUT_BOXES','2010-09-23 11:07:22'),(1818,'TXT_BOX_SETTINGS','2010-09-23 11:07:22'),(1819,'TXT_BOX_TITLE','2010-09-23 11:07:22'),(1820,'TXT_BOX_CONTENT','2010-09-23 11:07:22'),(1821,'TXT_BOX_BEHAVOIUR','2010-09-23 11:07:22'),(1822,'ERR_EMPTY_BOX_TITLE','2010-09-23 11:07:22'),(1823,'TXT_GRAPHICS','2010-09-23 11:07:22'),(1824,'TXT_CHOOSE_TEMPLATE','2010-09-23 11:07:22'),(1825,'TXT_LAYOUT_BOX_EDIT','2010-09-23 11:07:22'),(1826,'TXT_GLOBAL_LAYER','2010-09-23 11:07:22'),(1827,'TXT_CLIENTS_IN_GROUP','2010-09-23 11:07:22'),(1828,'TXT_CLIENT_IN_SHOP','2010-09-23 11:07:22'),(1829,'TXT_PAYMENTMETHOD_AND_DISPACHMETHOD_DATA','2010-09-23 11:07:22'),(1830,'TXT_AUTOMATICLY_ASSIGN_TO_GROUP','2010-09-23 11:07:22'),(1831,'TXT_TAKE_THE_VALUE','2010-09-23 11:07:22'),(1832,'TXT_SUBPAGE_LAYOUT','2010-09-23 11:07:22'),(1833,'TXT_SUBPAGE_LAYOUT_EDIT','2010-09-23 11:07:22'),(1834,'TXT_SUBPAGE_COLUMNS','2010-09-23 11:07:22'),(1835,'TXT_COLUMNS_DATA','2010-09-23 11:07:22'),(1836,'TXT_BOX_DATA','2010-09-23 11:07:22'),(1837,'TXT_COLUMN_NUMBER_FOR_BOX','2010-09-23 11:07:22'),(1838,'TXT_COLLAPSED_BOX','2010-09-23 11:07:22'),(1839,'TXT_SUBPAGE_LAYOUT_ADD','2010-09-23 11:07:22'),(1840,'TXT_SUBPAGE_COLUMN_NAME','2010-09-23 11:07:22'),(1841,'ERR_EMPTY_SUBPAGE_COLUMN_NAME','2010-09-23 11:07:22'),(1842,'TXT_SUBPAGE_NAME','2010-09-23 11:07:22'),(1844,'ERR_EMPTY_WIDTH','2010-09-23 11:07:22'),(1845,'TXT_NOTES_TYPE','2010-09-23 11:07:22'),(1846,'TXT_DEFAULT_TEMPLATE','2010-09-23 11:07:22'),(1847,'TXT_CHOOSE_SUBPAGE_LAYOUT','2010-09-23 11:07:22'),(1848,'TXT_PROMOTIONRULE_DISCOUNT_DATA','2010-09-23 11:07:22'),(1849,'TXT_SHOW_TAX_VALUE','2010-09-23 11:07:22'),(1850,'TXT_INORMATION','2010-09-23 11:07:22'),(1851,'TXT_HEADER_BG_COLOUR','2010-09-23 11:07:22'),(1852,'TXT_HEADER_OPTIONS','2010-09-23 11:07:22'),(1853,'TXT_FOOTER_OPTIONS','2010-09-23 11:07:22'),(1854,'TXT_PERIOD_LIST','2010-09-23 11:07:22'),(1855,'TXT_ADD_PERIOD','2010-09-23 11:07:22'),(1856,'TXT_EDIT_PERIOD','2010-09-23 11:07:22'),(1858,'TXT_IDENTIFICATION','2010-09-23 11:07:22'),(1859,'ERR_BAD_LOGIN_OR_PIN','2010-09-23 11:07:22'),(1860,'TXT_ACTIVATION_ACCOUNT','2010-09-23 11:07:22'),(1861,'TXT_ACCOUNT_CLIENT_ACTIVATION','2010-09-23 11:07:22'),(1862,'TXT_FOOTER','2010-09-23 11:07:22'),(1863,'TXT_DEFAULT_BOX_NAME','2010-09-23 11:07:22'),(1864,'TXT_DEFAULT_BOX_CONTENT','2010-09-23 11:07:22'),(1865,'TXT_CLICK_LINK_TO_ACTIVE_ACCOUNT','2010-09-23 11:07:22'),(1866,'TXT_NEW_PRODUCTS','2010-09-23 11:07:22'),(1868,'TXT_LAYOUT_BOX_CONTENT_SETTINGS','2010-09-23 11:07:22'),(1869,'TXT_CATEGORY_MENU','2010-09-23 11:07:22'),(1879,'TXT_LAYOUT_BOX_SCHEMES','2010-09-23 11:07:22'),(1880,'TXT_LAYOUT_TEMPLATES','2010-09-23 11:07:22'),(1881,'TXT_SUBPAGE_LAYOUTS','2010-09-23 11:07:22'),(1882,'TXT_SET_DEFAULT','2010-09-23 11:07:22'),(1883,'TXT_NETTO','2011-09-12 17:53:17'),(1885,'TXT_EXCHANGE_TYPE','2010-09-23 11:07:22'),(1886,'TXT_EXCHANGE_TYPE_EXPORT','2010-09-23 11:07:22'),(1887,'TXT_EXCHANGE_TYPE_IMPORT','2010-09-23 11:07:22'),(1888,'TXT_EXCHANGE_ENTITY','2010-09-23 11:07:22'),(1889,'TXT_RULES_CATALOG','2010-09-23 11:07:22'),(1890,'TXT_RULES_CART','2010-09-23 11:07:22'),(1891,'TXT_CATEGORIES_BOX','2010-09-23 11:07:22'),(1892,'TXT_TEXT_BOX','2010-09-23 11:07:22'),(1893,'TXT_PRODUCT_PROMOTIONS_BOX','2010-09-23 11:07:22'),(1894,'TXT_PRODUCT_NEWS_BOX','2010-09-23 11:07:22'),(1895,'TXT_GRAPHICS_BOX','2010-09-23 11:07:22'),(1896,'TXT_POLL_BOX','2010-09-23 11:07:22'),(1897,'TXT_NEWS_BOX','2010-09-23 11:07:22'),(1898,'TXT_PRODUCTS_BOX','2010-09-23 11:07:22'),(1899,'TXT_RULES_CATALOG_LIST','2010-09-23 11:07:22'),(1900,'TXT_PRODUCTS_IN_CATEGORY_BOX','2010-09-23 11:07:22'),(1901,'TXT_PRODUCTS_CROSS_SELL_BOX','2010-09-23 11:07:22'),(1902,'TXT_PRODUCTS_SIMILAR_BOX','2010-09-23 11:07:22'),(1903,'TXT_PRODUCTS_UP_SELL_BOX','2010-09-23 11:07:22'),(1904,'TXT_CATEGORY_BOX','2010-09-23 11:07:22'),(1905,'TXT_PRODUCT_BOX','2010-09-23 11:07:22'),(1906,'TXT_LAYERED_NAVIGATION_BOX','2010-09-23 11:07:22'),(1907,'TXT_NEWS_LIST_BOX','2010-09-23 11:07:22'),(1908,'TXT_CONTACT_BOX','2010-09-23 11:07:22'),(1910,'TXT_EDIT_RULE_CATALOG','2010-09-23 11:07:22'),(1911,'TXT_PRICE_FROM','2010-09-23 11:07:22'),(1912,'TXT_PRICE_TO','2010-09-23 11:07:22'),(1913,'TXT_PRODUCT_IS_NEW','2010-09-23 11:07:22'),(1914,'TXT_ENTER_NEW_RULE_NAME','2010-09-23 11:07:22'),(1915,'TXT_RULES_CATALOG_ORDER_SAVED','2010-09-23 11:07:22'),(1916,'TXT_FINAL_CART_PRICE','2010-09-23 11:07:22'),(1917,'TXT_PAYMENTMETHODS','2010-09-23 11:07:22'),(1918,'TXT_RULES_CART_LIST','2010-09-23 11:07:22'),(1919,'TXT_EDIT_RULE_CART','2010-09-23 11:07:22'),(1920,'TXT_RULE_CART_ORDER_SAVED','2010-09-23 11:07:22'),(1921,'TXT_ENTER_NEW_CART_RULE_NAME','2010-09-23 11:07:22'),(1922,'TXT_SITEMAPS_LIST','2010-09-23 11:07:22'),(1923,'TXT_ADD_SITEMAPS','2010-09-23 11:07:22'),(1924,'TXT_REFRESH_SITEMAPS','2010-09-23 11:07:22'),(1925,'TXT_CHECKOUT','2010-09-23 11:07:22'),(1926,'TXT_DISCOUNT_FOR_ALL_GROUP','2010-09-23 11:07:22'),(1927,'ERR_EMPTY_PRODUCT_SEO','2010-09-23 11:07:22'),(1928,'TXT_PRODUCT_SEO','2011-09-08 10:41:29'),(1929,'TXT_EDIT_RULE_CATALOG_CONFIRMATION','2010-09-23 11:07:22'),(1930,'ERR_EMPTY_CATEGORY_SEO','2010-09-23 11:07:22'),(1931,'TXT_CATEGORY_SEO','2010-09-23 11:07:22'),(1932,'TXT_CSV','2010-09-23 11:07:22'),(1933,'TXT_XML','2010-09-23 11:07:22'),(1934,'TXT_EXCHANGE_FILES','2010-09-23 11:07:22'),(1935,'TXT_EXCHANGE','2010-09-23 11:07:22'),(1936,'TXT_SUBPAGE_LAYOUT_DESCRIPTION','2010-09-23 11:07:22'),(1937,'TXT_RULE_RESULTS','2010-09-23 11:07:22'),(1938,'TXT_SITEMAPS_LASTUPDATE','2010-09-23 11:07:22'),(1939,'TXT_SITEMAPS_PINGSERVER','2010-09-23 11:07:22'),(1940,'TXT_EXCHANGE_PARSE','2010-09-23 11:07:22'),(1941,'TXT_EXCHANGE_RUN','2010-09-23 11:07:22'),(1942,'TXT_SEO_URL','2011-09-14 15:52:07'),(1943,'TXT_EXCHANGE_PARSE_HELP','2010-09-23 11:07:22'),(1944,'TXT_SITEMAPS','2010-09-23 11:07:22'),(1945,'TXT_SITEMAPS_NAME','2010-09-23 11:07:22'),(1946,'TXT_PUBLISH_FOR_CATEGORIES','2010-09-23 11:07:22'),(1947,'TXT_PRIORITY_FOR_CATEGORIES','2010-09-23 11:07:22'),(1948,'TXT_PUBLISH_FOR_PRODUCTS','2010-09-23 11:07:22'),(1949,'TXT_PRIORITY_FOR_PRODUCTS','2010-09-23 11:07:22'),(1950,'TXT_PUBLISH_FOR_PRODUCERS','2010-09-23 11:07:22'),(1951,'TXT_PRIORITY_FOR_PRODUCERS','2010-09-23 11:07:22'),(1952,'TXT_PUBLISH_FOR_NEWS','2010-09-23 11:07:22'),(1953,'TXT_PRIORITY_FOR_NEWS','2010-09-23 11:07:22'),(1954,'TXT_PUBLISH_FOR_PAGES','2010-09-23 11:07:22'),(1955,'TXT_PRIORITY_FOR_PAGES','2010-09-23 11:07:22'),(1956,'TXT_EDIT_SITMAPS','2010-09-23 11:07:22'),(1962,'TXT_WISHLIST_BOX','2010-09-23 11:07:22'),(1963,'TXT_TERMS_AND_CONDITIONS_DATA','2010-09-23 11:07:22'),(1964,'TXT_PRIVACY_POLICY_DATA','2010-09-23 11:07:22'),(1965,'TXT_RECOMMEND_FRIEND','2010-09-23 11:07:22'),(1966,'TXT_RECOMMEND_THIS_SITE','2010-09-23 11:07:22'),(1986,'TXT_CONTROLLER_SEO_LIST','2011-09-08 12:34:15'),(1990,'TXT_CONTROLLER_SEO','2010-09-23 11:07:22'),(1991,'TXT_MINIMUM_ORDER_VALUE','2010-09-23 11:07:22'),(1995,'TXT_MINIMUM_ORDER_VALUE_HELP','2010-09-23 11:07:22'),(1998,'TXT_ORDER_STATUS_GROUPS_HELP','2010-09-23 11:07:22'),(2031,'TXT_PAYPAL_REFUND_TYPE','2010-09-23 11:07:22'),(2032,'TXT_REFUND_FULL','2010-09-23 11:07:22'),(2033,'TXT_REFUND_PARTIAL','2010-09-23 11:07:22'),(2034,'TXT_REFUND_AMOUNT','2010-09-23 11:07:22'),(2035,'TXT_REFUND_MEMO','2010-09-23 11:07:22'),(2042,'TXT_BASIC_INFORMATION','2010-09-23 11:07:22'),(2043,'TXT_KEYWORD_TITLE','2011-09-14 15:51:41'),(2044,'TXT_KEYWORDS','2011-09-14 15:51:43'),(2045,'TXT_KEYWORD_DESCRIPTION','2011-09-14 15:51:46'),(2046,'TXT_TEXT_FORM_CONTENT','2010-09-23 11:07:22'),(2047,'TXT_HTML_FORM_CONTENT','2010-09-23 11:07:22'),(2048,'TXT_TRANSMAILS_LIST','2010-09-23 11:07:22'),(2049,'TXT_ADD_TEMPLATE','2010-09-23 11:07:22'),(2050,'TXT_EDIT_TEMPLATE','2010-09-23 11:07:22'),(2051,'TXT_TRANSACTION_TEMPLATES','2010-09-23 11:07:22'),(2052,'TXT_RULES_CATALOG_PRODUCTS_LIST','2010-09-23 11:07:22'),(2053,'TXT_CHOSEN_PRODUCT','2010-09-23 11:07:22'),(2054,'TXT_TRANSMAIL_HEADERS_LIST','2010-09-23 11:07:22'),(2055,'TXT_TRANSMAIL_FOOTER_LIST','2010-09-23 11:07:22'),(2056,'TXT_HEADERS_TEMPLATES','2010-09-23 11:07:22'),(2057,'TXT_FOOTERS_TEMPLATES','2010-09-23 11:07:22'),(2058,'TXT_TECHNICAL_DATA','2010-09-23 11:07:22'),(2059,'TXT_NO_NEW_PRODUCTS','2010-09-23 11:07:22'),(2060,'TXT_NO_PROMOTION_PRODUCTS','2010-09-23 11:07:22'),(2061,'TXT_ORDER_SAMPLEREQUEST','2010-09-23 11:07:22'),(2062,'TXT_VIRTUAL_PRODUCT_IN_CART','2010-09-23 11:07:22'),(2064,'TXT_SAMPLE_REQUEST_LIST','2010-09-23 11:07:22'),(2065,'TXT_SAMPLE_REQUEST','2010-09-23 11:07:22'),(2066,'TXT_ADD_CONTROLLER_SEO','2011-09-08 12:34:44'),(2067,'TXT_EDIT_CONTROLLERSEO','2011-09-08 12:34:51'),(2068,'TXT_SIDE','2010-09-23 11:07:22'),(2071,'TXT_SUBSTITUTED_SERVICE','2010-09-23 11:07:22'),(2072,'TXT_LAST_DATE_ORDER','2010-09-23 11:07:22'),(2073,'TXT_SUM_ALL_ORDER','2010-09-23 11:07:22'),(2074,'TXT_NOTIFICATION_ADD','2010-09-23 11:07:22'),(2075,'TXT_SUBSTITUTED_SERVICE_LIST','2010-09-23 11:07:22'),(2076,'TXT_MAIN_SIDE','2010-09-23 11:07:22'),(2077,'TXT_ADMIN_PANEL','2010-09-23 11:07:22'),(2078,'TXT_EMPTY_CMS','2010-09-23 11:07:22'),(2079,'TXT_UNDER_CATEGORY','2010-09-23 11:07:22'),(2080,'ERR_NEWS_NO_EXIST','2010-09-23 11:07:22'),(2081,'ERR_CMS_NO_EXIST','2010-09-23 11:07:22'),(2082,'TXT_REFRESH','2010-09-23 11:07:22'),(2083,'TXT_ADMIN','2010-09-23 11:07:22'),(2084,'TXT_NOTIFICATION_EDIT','2010-09-23 11:07:22'),(2085,'TXT_FILE_NAME','2010-09-23 11:07:22'),(2086,'ERR_EMPTY_FILE_NAME','2010-09-23 11:07:22'),(2087,'TXT_TAGS_FOR_ACTION','2010-09-23 11:07:22'),(2088,'ERR_FILE_NAME_ALREADY_EXISTS','2010-09-23 11:07:22'),(2089,'TXT_NO_PRODUCTS','2010-09-23 11:07:22'),(2090,'TXT_BANK_TRANSFER_BOX','2010-09-23 11:07:22'),(2091,'TXT_BUY_ALSO_BOX','2010-09-23 11:07:22'),(2092,'TXT_CART_PREVIEW_BOX','2010-09-23 11:07:22'),(2093,'TXT_CLIENT_ADDRESS_BOX','2010-09-23 11:07:22'),(2094,'TXT_CLIENT_LOGIN_BOX','2010-09-23 11:07:22'),(2095,'TXT_CLIENT_ORDER_BOX','2010-09-23 11:07:22'),(2096,'TXT_CLIENT_SETTINGS_BOX','2010-09-23 11:07:22'),(2097,'TXT_CLIENT_TAGS_BOX','2010-09-23 11:07:22'),(2098,'TXT_CMS_BOX','2010-09-23 11:07:22'),(2099,'TXT_CROSS_SELL_BOX','2010-09-23 11:07:22'),(2100,'TXT_DELIVERY_BOX','2010-09-23 11:07:22'),(2101,'TXT_FINALIZATION_BOX','2010-09-23 11:07:22'),(2102,'TXT_FORGOT_PASSWORD_BOX','2010-09-23 11:07:22'),(2103,'TXT_MOST_SEARCHED_BOX','2010-09-23 11:07:22'),(2104,'TXT_NEWSLETTER_BOX','2010-09-23 11:07:22'),(2105,'TXT_ON_DELIVERY_BOX','2010-09-23 11:07:22'),(2106,'TXT_PAYMENT_BOX','2010-09-23 11:07:22'),(2107,'TXT_PICKUP_BOX','2010-09-23 11:07:22'),(2109,'TXT_PRIVACY_POLICY_BOX','2010-09-23 11:07:22'),(2110,'TXT_PRODUCT_NEWS_LIST_BOX','2010-09-23 11:07:22'),(2111,'TXT_PRODUCT_PROMOTION_LIST_BOX','2010-09-23 11:07:22'),(2112,'TXT_PRODUCT_SEARCH_LIST_BOX','2010-09-23 11:07:22'),(2113,'TXT_PRODUCT_TAGS_LIST_BOX','2010-09-23 11:07:22'),(2114,'TXT_RECOMMEND_FRIEND_BOX','2010-09-23 11:07:22'),(2115,'TXT_REGISTRATION_CART_BOX','2010-09-23 11:07:22'),(2116,'TXT_SEARCH_BOX','2010-09-23 11:07:22'),(2117,'TXT_SIMILAR_PRODUCT_BOX','2010-09-23 11:07:22'),(2118,'TXT_TAGS_BOX','2010-09-23 11:07:22'),(2119,'TXT_TERMS_AND_CONDITIONS_BOX','2010-09-23 11:07:22'),(2120,'TXT_TRANSMAIL','2010-09-23 11:07:22'),(2121,'TXT_NOTE_FOR_PRODUCT','2010-09-23 11:07:22'),(2122,'TXT_CLIENT_SEND_CONFIRMATION','2010-09-23 11:07:22'),(2140,'ERR_EMPTY_URL','2010-09-23 11:07:22'),(2142,'TXT_DONE','2010-09-23 11:07:22'),(2143,'TXT_UPDATE_SERVICE','2010-09-23 11:07:22'),(2144,'ERR_BIND_VIEW_TO_ASSIGNTOGROUP','2010-09-23 11:07:22'),(2145,'TXT_SUBSTITUTED_SERVICE_TEMPLATE','2010-09-23 11:07:22'),(2146,'TXT_SUBSTITUTED_SERVICES_TEMPLATES_LIST','2010-09-23 11:07:22'),(2147,'TXT_LIST_OF_TAGS_FOR_USE','2010-09-23 11:07:22'),(2148,'TXT_EDIT_PRODUCT_STATUS','2010-09-23 11:07:22'),(2149,'TXT_ADD_PRODUCT_STATUS','2010-09-23 11:07:22'),(2150,'TXT_RUN_BACKUP','2010-09-23 11:07:22'),(2151,'TXT_ADD_CHECKPOINTS','2010-09-23 11:07:22'),(2152,'TXT_MAIL_TITLE','2010-09-23 11:07:22'),(2153,'TXT_FILE_NAME_TEMPLATE','2010-09-23 11:07:22'),(2154,'TXT_NOTIFICATIONS_REPORT','2010-09-23 11:07:22'),(2155,'TXT_CHOOSE_NOTIFICATION_DATE_FOR_REPORT','2010-09-23 11:07:22'),(2156,'TXT_BACKUP_DATA','2010-09-23 11:07:22'),(2157,'TXT_BACKUP_TYPE','2010-09-23 11:07:22'),(2158,'TXT_BACKUP_TYPE_SQL','2010-09-23 11:07:22'),(2159,'TXT_BACKUP_TYPE_FILES','2010-09-23 11:07:22'),(2160,'TXT_SQL_PROGRESS','2010-09-23 11:07:22'),(2161,'TXT_SQL_RECORDS','2010-09-23 11:07:22'),(2162,'TXT_FILES_PROGRESS','2010-09-23 11:07:22'),(2163,'TXT_FILES_RECORDS','2010-09-23 11:07:22'),(2164,'TXT_CURRENCIES_LIST','2010-09-23 11:07:22'),(2165,'TXT_CURRENCIES','2010-09-23 11:07:22'),(2166,'TXT_CURRENCY_NAME','2010-09-23 11:07:22'),(2167,'TXT_CURRENCY_SYMBOL','2010-09-23 11:07:22'),(2168,'TXT_EXCHANGE_RATE','2010-09-23 11:07:22'),(2169,'TXT_ADD_CURRENCIES','2010-09-23 11:07:22'),(2170,'TXT_REFRESH_CURRENCIES','2010-09-23 11:07:22'),(2171,'TXT_EDIT_CURRENCIES','2010-09-23 11:07:22'),(2172,'TXT_CURRENCY_EXCHANGE','2010-09-23 11:07:22'),(2173,'TXT_ACTIVE_NEWSLETTER_LINK','2010-09-23 11:07:22'),(2174,'TXT_TRANSLATIONS','2010-09-23 11:07:22'),(2175,'TXT_TRANSLATION_SYNC','2010-09-23 11:07:22'),(4257,'ERR_BIND_ORDER_STATUS_PAYMENT_METHOD','2010-09-23 11:07:22'),(4258,'TXT_UNWANTED_ACTIVE_NEWSLETTER_LINK','2010-09-23 11:07:22'),(4259,'TXT_LINK_FOR_NEWSLETTER_ACTIVATION','2010-09-23 11:07:22'),(4260,'TXT_LINK_FOR_UNWANTED_NEWSLETTER','2010-09-23 11:07:22'),(4261,'TXT_EMPTY_PRODUCT_WITH_ATTRIBUTES','2010-09-23 11:07:22'),(4262,'TXT_EMPTY_CATEGORIES','2010-09-23 11:07:22'),(4263,'TXT_POLL_NO_EXIST','2010-09-23 11:07:22'),(4264,'TXT_CART_VALUE_AMOUNT_EXCEED','2010-09-23 11:07:22'),(4265,'TXT_CART_VALUE_NOT_GREATER_THAN','2010-09-23 11:07:22'),(4266,'TXT_CART_DELIVERY_VALUE_AMOUNT','2010-09-23 11:07:22'),(4267,'TXT_CART_DELIVERY_VALUE_NOT_GREATER_THAN','2010-09-23 11:07:22'),(4268,'TXT_MEET_CONDITION_FOR_DISCOUNT','2010-09-23 11:07:22'),(4269,'TXT_OR','2010-09-23 11:07:22'),(4270,'TXT_SUBPAGE_LAYOUT_LIST','2010-09-23 11:07:22'),(4271,'TXT_SUBPAGE_LAYOUT_DISBAND_VIEW_SPECIFIC','2010-09-23 11:07:22'),(4272,'TXT_RECEIVE_EMAIL_WITH_ACTIVE_LINK','2010-09-23 11:07:22'),(4273,'TXT_RECEIVE_EMAIL_WITH_DEACTIVE_LINK','2010-09-23 11:07:22'),(4274,'TXT_CHECK_PRIVATE_MAIL_WITH_NEW_PASSWD','2010-09-23 11:07:22'),(4275,'TXT_CHANGE_CURRENCY','2010-09-23 11:07:22'),(4276,'TXT_SHOP','2010-09-23 11:07:22'),(4277,'TXT_ON_CHOSEN_CURRENCY','2010-09-23 11:07:22'),(4278,'TXT_ON_MONETARY_UNIT','2010-09-23 11:07:22'),(4279,'TXT_ZAGIEL_PROPOSAL_ACCEPT','2010-09-23 11:07:22'),(4280,'TXT_ZAGIEL_PROPOSAL_CANCEL','2010-09-23 11:07:22'),(4281,'EMPTY_BANKTRNASFER_INFO_ADMIN_CONTACT','2010-09-23 11:07:22'),(4282,'TXT_DELIVERY_ADDRESS_CHOOSE','2010-11-03 21:54:34'),(4285,'TXT_ADD_REVIEW','2010-11-09 13:34:16'),(4286,'TXT_CHOOSE_RANGE_VALUE','2010-11-09 13:52:09'),(4287,'TXT_ALL_ORDERS_PRICE_BEFORE_PROMOTION','2010-11-10 09:52:38'),(4288,'TXT_ALL_ORDERS_PRICE_AFTER_PROMOTION','2010-11-10 09:52:59'),(4289,'TXT_ALL_ORDERS_PRICE_NETTO','2010-11-10 10:01:43'),(4290,'TXT_ALL_ORDERS_PRICE_GROSS','2010-11-10 10:02:05'),(4291,'TXT_DISPATCHMETHOD_PANE','2010-11-10 12:26:08'),(4292,'TXT_PAYMENTMETHOD_PANE','2010-11-10 12:26:31'),(4293,'TXT_IMPORTANT_LINKS','2010-11-10 14:32:14'),(4294,'TXT_EMPTY_PRODUCTS_TAGS','2010-11-10 14:54:30'),(4295,'ERR_EMPTY_PROMOTION_LIST','2010-11-10 15:41:12'),(4296,'TXT_LOGIN_TO_ADD_REVIEW','2010-11-11 17:17:11'),(4297,'TXT_RECOMMEND_SHOP','2010-11-13 10:34:55'),(4298,'TXT_NO_PRODUCT_REVIEWS','2010-11-13 12:05:04'),(4299,'TXT_LOG_IN_TO_VOTE','2010-11-13 17:57:32'),(4300,'TXT_SITEMAP','2010-11-13 18:19:29'),(4301,'TXT_SELL_CURRENCY','2010-11-13 21:48:35'),(4302,'TXT_BUY_CURRENCY','2010-11-13 21:48:55'),(4303,'TXT_CURRENCY_DATA','2010-11-13 21:51:53'),(4304,'TXT_LANGUAGE_FLAG','2010-11-13 21:52:08'),(4305,'TXT_SPY','2010-11-14 16:36:09'),(4306,'TXT_POLL_DOES_NOT_EXIST','2010-11-14 17:23:08'),(4310,'ERR_BIND_SELF_PARENT_INVALID','2010-11-21 16:40:48'),(4311,'TXT_ORDER_TRANSACTION_SUMMARY','2010-11-23 12:29:24'),(4312,'TXT_DUPLICATE_CATEGORY','2010-11-23 12:29:24'),(4313,'TXT_ANALYTICS_DATA','2011-09-21 21:54:12'),(4314,'TXT_GA_CODE','2010-11-23 20:36:06'),(4315,'TXT_GA_TRANSACTIONS','2010-11-23 20:36:06'),(4316,'TXT_GA_PAGES','2010-11-23 20:36:06'),(4317,'ERR_BIND_STATUS_PRODUCT','2010-11-24 09:02:26'),(4318,'ERR_FILE_BIND_TO_PRODUCER','2010-11-24 09:07:07'),(4319,'TXT_DEFAULT_LANGUAGE_CURRENCY','2010-11-24 09:23:02'),(4320,'TXT_GUEST','2010-11-24 09:26:54'),(4321,'TXT_DEVELOPER_DATA','2010-11-26 19:12:17'),(4322,'TXT_SHOP_OFFLINE','2010-11-26 19:12:17'),(4323,'TXT_OFFLINE_MESSAGE','2010-11-26 19:12:17'),(4324,'TXT_SAVE_AND_CONTINUE','2010-12-01 08:23:20'),(4325,'TXT_ORDER_WITHOUT_REGISTRATION','2010-12-01 08:32:41'),(4326,'TXT_DELIVERY_GUEST','2010-12-01 08:40:51'),(4327,'TXT_ORDER_WITH_REGISTRATION','2010-12-01 08:45:12'),(4328,'TXT_ORDER_WITH_LOGIN','2010-12-01 08:46:54'),(4330,'TXT_ACCEPT_PRIVACY_DESCRIPTION','2010-12-03 13:18:00'),(4331,'TXT_CONTROLLER_BANKTRANSFER','2010-12-03 18:35:40'),(4332,'TXT_CONTROLLER_CART','2010-12-03 18:35:40'),(4333,'TXT_CONTROLLER_CATEGORYLIST','2010-12-03 18:35:40'),(4334,'TXT_CONTROLLER_CENEO','2010-12-03 18:35:40'),(4335,'TXT_CONTROLLER_CLIENT','2010-12-03 18:35:40'),(4336,'TXT_CONTROLLER_CLIENTADDRESS','2010-12-03 18:35:40'),(4337,'TXT_CONTROLLER_CLIENTLOGIN','2010-12-03 18:35:40'),(4338,'TXT_CONTROLLER_CLIENTORDER','2010-12-03 18:35:40'),(4339,'TXT_CONTROLLER_CLIENTSETTINGS','2010-12-03 18:35:40'),(4340,'TXT_CONTROLLER_CONFIRMATION','2010-12-03 18:35:40'),(4341,'TXT_CONTROLLER_CONTACT','2010-12-03 18:35:40'),(4342,'TXT_CONTROLLER_DELIVERY','2010-12-03 18:35:40'),(4343,'TXT_CONTROLLER_ERROR','2010-12-03 18:35:40'),(4344,'TXT_CONTROLLER_FEEDS','2010-12-03 18:35:40'),(4345,'TXT_CONTROLLER_FINALIZATION','2010-12-03 18:35:40'),(4346,'TXT_CONTROLLER_FORGOTLOGIN','2010-12-03 18:35:40'),(4347,'TXT_CONTROLLER_FORGOTPASSWORD','2010-12-03 18:35:40'),(4348,'TXT_CONTROLLER_GOOGLEANALITYCS','2010-12-03 18:35:40'),(4349,'TXT_CONTROLLER_GOOGLESITEMAPS','2010-12-03 18:35:40'),(4350,'TXT_CONTROLLER_INSTALL','2010-12-03 18:35:40'),(4351,'TXT_CONTROLLER_INTEGRATION','2010-12-03 18:35:40'),(4352,'TXT_CONTROLLER_INVOICE','2010-12-03 18:35:40'),(4353,'TXT_CONTROLLER_LAYERNAVIGATION','2010-12-03 18:35:40'),(4354,'TXT_CONTROLLER_LOGIN','2010-12-03 18:35:40'),(4355,'TXT_CONTROLLER_MAINSIDE','2010-12-03 18:35:40'),(4356,'TXT_CONTROLLER_MISSINGCART','2010-12-03 18:35:40'),(4357,'TXT_CONTROLLER_MOSTSEARCH','2010-12-03 18:35:40'),(4358,'TXT_CONTROLLER_NEWS','2010-12-03 18:35:40'),(4359,'TXT_CONTROLLER_NEWSLETTER','2010-12-03 18:35:40'),(4361,'TXT_CONTROLLER_ONDELIVERY','2010-12-03 18:35:40'),(4362,'TXT_CONTROLLER_ORDER','2010-12-03 18:35:40'),(4363,'TXT_CONTROLLER_PAYMENT','2010-12-03 18:35:40'),(4364,'TXT_CONTROLLER_PICKUP','2010-12-03 18:35:40'),(4365,'TXT_CONTROLLER_PINVALIDATION','2010-12-03 18:35:40'),(4366,'TXT_CONTROLLER_PLATNOSCI','2010-12-03 18:35:40'),(4367,'TXT_CONTROLLER_POLL','2010-12-03 18:35:40'),(4368,'TXT_CONTROLLER_PRODUCT','2010-12-03 18:35:40'),(4369,'TXT_CONTROLLER_PRODUCTCART','2010-12-03 18:35:40'),(4370,'TXT_CONTROLLER_PRODUCTCOMBINATION','2010-12-03 18:35:40'),(4371,'TXT_CONTROLLER_PRODUCTFILTRATION','2010-12-03 18:35:40'),(4372,'TXT_CONTROLLER_PRODUCTLIST','2010-12-03 18:35:40'),(4373,'TXT_CONTROLLER_PRODUCTNEWS','2010-12-03 18:35:40'),(4374,'TXT_CONTROLLER_PRODUCTPROMOTION','2010-12-03 18:35:40'),(4375,'TXT_CONTROLLER_PRODUCTREVIEW','2010-12-03 18:35:40'),(4376,'TXT_CONTROLLER_PRODUCTSEARCH','2010-12-03 18:35:40'),(4377,'TXT_CONTROLLER_PRODUCTTAGS','2010-12-03 18:35:40'),(4378,'TXT_CONTROLLER_REGISTRATION','2010-12-03 18:35:40'),(4379,'TXT_CONTROLLER_REGISTRATIONCART','2010-12-03 18:35:40'),(4380,'TXT_CONTROLLER_SEARCHRESULTS','2010-12-03 18:35:40'),(4381,'TXT_CONTROLLER_STATICCONTENT','2010-12-03 18:35:40'),(4382,'TXT_CONTROLLER_WISHLIST','2010-12-03 18:35:40'),(4383,'TXT_CONTROLLER_SITEMAP','2010-12-03 18:35:40'),(4385,'TXT_CONTROLLER_PAYPAL','2010-12-03 18:35:40'),(4387,'TXT_CONTROLLER_RSS','2010-12-03 18:35:40'),(4388,'TXT_CONTROLLER_PAYFLOW','2010-12-03 18:35:40'),(4389,'TXT_CONTROLLER_ERATY','2010-12-03 18:35:40'),(4390,'TXT_CART_SETTINGS','2010-12-03 18:47:05'),(4391,'TXT_CART_REDIRECT','2011-10-09 12:48:10'),(4392,'TXT_NO_CART_REDIRECT','2010-12-03 18:47:05'),(4393,'TXT_CART_TRACK_STOCK','2010-12-03 18:47:05'),(4394,'TXT_BUSINESS_HOURS','2010-12-05 22:46:55'),(4395,'TXT_SET_USER_LAYER_RIGHTS','2010-12-05 22:46:55'),(4396,'TXT_GLOBAL_USER','2010-12-05 22:46:55'),(4397,'ERR_BIND_CURRENCY_LANGUAGE','2010-12-05 22:46:55'),(4399,'ERR_EMPTY_NAME_OF_COUNTRY','2010-12-08 12:16:46'),(4400,'TXT_CONFIRM_LEAVING_ORDER','2010-12-08 12:16:46'),(4401,'TXT_MAXIMUM_WEIGHT','2010-12-08 12:16:46'),(4402,'TXT_MAXIMUM_WEIGHT_HELP','2010-12-08 12:16:46'),(4403,'TXT_FREE_DELIVERY','2010-12-08 12:16:46'),(4404,'TXT_FREE_DELIVERY_HELP','2010-12-08 12:16:46'),(4405,'TXT_ERATY_BOX','2010-12-11 16:01:01'),(4406,'TXT_PAYFLOW_BOX','2010-12-11 16:01:01'),(4408,'TXT_SHOWCASE_BOX','2010-12-11 16:01:01'),(4409,'TXT_SITEMAP_BOX','2010-12-11 16:01:01'),(4412,'TXT_CATEGORY_ORDER','2010-12-22 16:43:17'),(4413,'ERR_EMPTY_SHOP','2011-01-11 20:16:54'),(4414,'ERR_EMPTY_DATE_FROM','2011-01-11 20:16:54'),(4415,'ERR_EMPTY_DATE_TO','2011-01-11 20:16:54'),(4416,'ERR_EMPTY_NAMESPACE','2011-01-11 20:16:54'),(4417,'ERR_EMPTY_STORE','2011-01-11 20:16:54'),(4418,'ERR_EMPTY_PROVINCE','2011-01-11 20:16:54'),(4419,'ERR_EMPTY_KIND_OF_CURRENCY','2011-01-11 20:16:54'),(4420,'ERR_EMPTY_DATE_FORMAT','2011-01-11 20:16:54'),(4421,'ERR_EMPTY_SIDE','2011-01-11 20:16:54'),(4422,'ERR_EMPTY_CONTROLLER','2011-01-11 20:16:54'),(4423,'TXT_ADD_CONTROLLERSEO','2011-01-11 20:16:54'),(4424,'ERR_EMPTY_CURRENCY_SYMBOL','2011-01-11 20:16:54'),(4425,'TXT_UPDATE_EXCHANGE_RATES','2011-01-11 20:16:54'),(4426,'TXT_UPDATE_EXCHANGE_RATES_HELP','2011-01-11 20:16:54'),(4427,'TXT_COPY_FROM_LANGUAGE','2011-01-11 20:16:54'),(4428,'ERR_EMPTY_DELIVERY_COST_TYPE','2011-01-11 20:16:54'),(4432,'ERR_EMPTY_SITEMAPS_NAME','2011-01-11 20:16:54'),(4433,'ERR_EMPTY_SITEMAPS_PINGSERVER','2011-01-11 20:16:54'),(4434,'ERR_EMPTY_TRANSACTION_TEMPLATES','2011-01-11 20:16:54'),(4435,'TXT_REFRESH_SEO','2011-02-04 17:36:52'),(4436,'TXT_MEET_CONDITION_FOR_ADDITIONAL_PAYMENT','2011-02-09 21:41:19'),(4437,'TXT_MINIMUM_ORDER_VALUE_REQUIRED','2011-02-11 16:26:41'),(4438,'TXT_TRACKSTOCK','2011-04-06 21:36:40'),(4439,'TXT_PAYPAL_PAYMENT_CANCELLED','2011-04-06 21:36:40'),(4440,'TXT_PASSAGES','2011-04-16 20:08:15'),(4442,'TXT_STATISTICS','2011-04-16 20:08:15'),(4443,'TXT_MARKETING','2011-04-16 20:08:15'),(4455,'TXT_FEATURED_ITEM','2011-04-16 20:08:16'),(4459,'TXT_SELLER_PAYING_FOR_SHIPMENT','2011-04-16 20:08:16'),(4483,'TXT_SELLER_LOGIN','2011-04-16 20:08:16'),(4484,'TXT_SELLER_RATING','2011-04-16 20:08:16'),(4485,'TXT_SELLER_COUNTRY','2011-04-16 20:08:16'),(4491,'TXT_SELLING_BLOKED_USER','2011-04-16 20:08:16'),(4496,'TXT_ABOUT_US','2011-04-16 20:08:16'),(4497,'TXT_TOP_10','2011-04-16 20:08:16'),(4498,'TXT_WHAT_NEXT','2011-04-16 20:08:16'),(4499,'TXT_DATEFORMAT','2011-04-16 20:08:16'),(4510,'TXT_TODAY_IS','2011-04-16 20:08:16'),(4511,'TXT_PERMISSION_ADD','2011-04-16 20:08:16'),(4520,'TXT_RAMDOM','2011-04-16 20:08:16'),(4521,'TXT_LINK_OR_ENCOURAGEMENT','2011-04-16 20:08:16'),(4522,'TXT_ADMIN_HISTORYLOGS_LIST','2011-04-16 20:08:16'),(4527,'TXT_ECONOMIC_PACKAGE','2011-04-16 20:08:16'),(4528,'TXT_ECONOMIC_LETTER','2011-04-16 20:08:16'),(4529,'TXT_ECONOMIC_REGISTERED_LETTER','2011-04-16 20:08:16'),(4530,'TXT_PERMISSION_INDEX','2011-04-16 20:08:16'),(4531,'TXT_PERMISSION_EDIT','2011-04-16 20:08:16'),(4532,'TXT_PERMISSION_DELETE','2011-04-16 20:08:16'),(4533,'TXT_PERMISSION_VIEW','2011-04-16 20:08:16'),(4534,'TXT_PERMISSION_ALL','2011-04-16 20:08:16'),(4535,'TXT_TASK','2011-04-16 20:08:16'),(4536,'TXT_DEFECT','2011-04-16 20:08:16'),(4537,'TXT_LOWEST','2011-04-16 20:08:16'),(4538,'TXT_LOW','2011-04-16 20:08:16'),(4539,'TXT_NORMAL','2011-04-16 20:08:16'),(4540,'TXT_HIGH','2011-04-16 20:08:16'),(4541,'TXT_HIGHEST','2011-04-16 20:08:16'),(4542,'TXT_FIXED','2011-04-16 20:08:16'),(4543,'TXT_INVALID','2011-04-16 20:08:16'),(4544,'TXT_OPENED','2011-04-16 20:08:16'),(4545,'TXT_REOPENED','2011-04-16 20:08:16'),(4546,'TXT_PRIORITY','2011-04-16 20:08:16'),(4547,'TXT_NR_ERROR','2011-04-16 20:08:16'),(4548,'TXT_BUG_REPORT','2011-04-16 20:08:16'),(4549,'TXT_BUG_REPORT_ADD','2011-04-16 20:08:16'),(4550,'TXT_MOVIE','2011-04-16 20:08:16'),(4551,'TXT_ENHANCEMENT','2011-04-16 20:08:16'),(4552,'TXT_TICKET_EDIT','2011-04-16 20:08:16'),(4554,'TXT_VIEW_FORM','2011-04-16 20:08:16'),(4555,'TXT_TICKET','2011-04-16 20:08:16'),(4556,'TXT_ADDITIONAL_INFORMATIONS','2011-04-16 20:08:16'),(4557,'TXT_WHAT_DO_YOU_WANT_TO_DO_NEXT','2011-04-16 20:08:16'),(4558,'TXT_BAD','2011-04-16 20:08:16'),(4559,'TXT_IDEAL','2011-04-16 20:08:16'),(4561,'TXT_GOOGLE_ANALITYCS','2011-04-16 20:08:16'),(4562,'TXT_ADD_PRODUCTCOMBINACTION','2011-04-16 20:08:16'),(4573,'TXT_WATERMARK_INFO','2011-04-16 20:08:17'),(4586,'TXT_WATERMARK','2011-04-16 20:08:17'),(4589,'TXT_MAINPHOTO','2011-04-16 20:08:17'),(4590,'TXT_ADD_BUG_REPORT','2011-04-16 20:08:17'),(4593,'TXT_ANOTHER_FORMS','2011-04-16 20:08:17'),(4594,'TXT_ANOTHER_FORMS_INFO','2011-04-16 20:08:17'),(4600,'TXT_EKO_OFFER_INFO','2011-04-16 20:08:17'),(4601,'TXT_EKO_OFFER','2011-04-16 20:08:17'),(4602,'TXT_DEMAGED','2011-04-16 20:08:17'),(4608,'TXT_PIN','2011-04-16 20:08:17'),(4610,'TXT_OSCOMMERCE_SETTINGS','2011-04-16 20:08:17'),(4611,'TXT_PRODUCT_BESTSELLERS_BOX','2011-04-16 20:08:17'),(4612,'TXT_ADD_SITMAPS','2011-04-16 20:08:17'),(4613,'TXT_EXCHANGE_TYPE_OSCOMMERCE_IMPORT','2011-04-16 20:08:17'),(4615,'TXT_OSCOMMERCE_USERNAME','2011-04-16 20:08:17'),(4616,'TXT_OSCOMMERCE_PASSWORD','2011-04-16 20:08:17'),(4674,'TXT_PIN_VALIDATION_BOX','2011-04-16 20:08:17'),(4676,'TXT_ADD_WORDPRESS','2011-04-16 20:08:17'),(4677,'TXT_EDIT_WORDPRESS','2011-04-16 20:08:17'),(4680,'ERR_UPDATE_WORDPRESS','2011-04-16 20:08:17'),(4683,'TXT_MONTHLY','2011-04-18 18:39:27'),(4684,'TXT_CALCULATE_ZAGIEL','2011-04-18 18:40:12'),(4687,'TXT_CONTROLLER_WORDPRESS','2011-04-22 21:29:40'),(4688,'TXT_ENABLE_OPINIONS','2011-04-22 21:29:41'),(4689,'TXT_ENABLE_TAGS','2011-04-22 21:29:41'),(4690,'TXT_HIERARCHY','2011-04-22 21:29:41'),(4691,'TXT_PHONE_SHOP','2011-04-22 21:29:41'),(4692,'TXT_PLN','2011-04-22 21:29:41'),(4696,'TXT_REGISTER_IN_SHOP','2011-05-10 20:31:39'),(4697,'TXT_REGISTER_INSTRUCTION','2011-05-10 20:32:18'),(4698,'ERR_DISPATCHMETHOD_USED_IN_ORDERS','2011-05-25 17:48:40'),(4699,'ERR_PAYMENTMETHOD_USED_IN_ORDERS','2011-05-25 18:38:15'),(4700,'TXT_COPY_DELIVERY_ADRESS','2011-05-25 19:33:49'),(4701,'TXT_ENABLE_CATALOG_MODE','2011-05-25 19:34:38'),(4702,'TXT_FORCE_CLIENT_LOGIN','2011-10-09 12:45:44'),(4703,'TXT_EDIT_NEW_TAB','2011-05-25 19:35:01'),(4704,'TXT_ENABLE_IN_FOOTER','2011-05-25 19:35:13'),(4705,'TXT_ENABLE_IN_HEADER','2011-05-25 19:35:24'),(4706,'TXT_WITHOUT_HTTP','2011-05-25 22:27:45'),(4708,'ERR_EMPTY_NICK','2011-05-30 21:35:36'),(4710,'ERR_EMPTY_SEX','2011-05-30 21:35:36'),(4711,'ERR_FIELD','2011-05-30 21:35:36'),(4712,'ERR_FIELD_ONLY_ALPHANUM','2011-05-30 21:35:36'),(4713,'ERR_FIELD_SIZE','2011-05-30 21:35:36'),(4714,'ERR_FIELD_SIZE3','2011-05-30 21:35:36'),(4715,'ERR_INHERITANCE_PROMOTION','2011-05-30 21:35:36'),(4716,'ERR_NICK','2011-05-30 21:35:36'),(4718,'ERR_WRONG_EMAIL_FORMAT','2011-05-30 21:35:36'),(4780,'TXT_BUG_REPORTS_LIST','2011-05-30 21:35:36'),(4781,'TXT_CHANGE_NICK','2011-05-30 21:35:36'),(4782,'TXT_CHANGE_TWITTER_DATA','2011-05-30 21:35:36'),(4815,'TXT_GOOGLEANALITYCSACCOUNT','2011-05-30 21:35:37'),(4816,'TXT_GOOGLE_ANALITYCS_ACCOUNT','2011-05-30 21:35:37'),(4817,'TXT_GOOGLE_ANALITYCS_EMAIL','2011-05-30 21:35:37'),(4818,'TXT_GOOGLE_ANALITYCS_PASSWORD','2011-05-30 21:35:37'),(4824,'TXT_MY_BILLING','2011-05-30 21:35:37'),(4825,'TXT_NICK','2011-05-30 21:35:37'),(4826,'TXT_NICK_NEW','2011-05-30 21:35:37'),(4830,'TXT_PARCEL_TIME_DELIVER_COURIER','2011-05-30 21:35:37'),(4882,'TXT_SEX','2011-05-30 21:35:37'),(4890,'TXT_WONTFIX','2011-05-30 21:35:38'),(4891,'TXT_WORDPRESS','2011-05-30 21:35:38'),(4892,'TXT_WORDPRESS_LIST','2011-05-30 21:35:38'),(4893,'TXT_WORKSFORME','2011-05-30 21:35:38'),(4894,'TXT_WRITE_MESSAGE_FOR_TWITTER','2011-05-30 21:35:38'),(4897,'TXT_WORDPRESS_BOX','2011-05-30 21:35:38'),(4898,'TXT_WORDPRESS_LIST_BOX','2011-05-30 21:35:38'),(4899,'ERR_EMPTY_OSCOMMERCE_HOST','2011-05-30 21:35:38'),(4900,'ERR_EMPTY_OSCOMMERCE_USERNAME','2011-05-30 21:35:38'),(4901,'ERR_EMPTY_OSCOMMERCE_PASSWORD','2011-05-30 21:35:38'),(4902,'TXT_SLIDESHOW_BOX','2011-05-30 21:35:38'),(4903,'TXT_PROMOTION_PRICE_WIHT_DISPATCH_METHOD','2011-05-30 21:35:38'),(4904,'TXT_PROMOTION_PRICE_WITH_DISPATCH_METHOD_NETTO','2011-05-30 21:35:38'),(4905,'TXT_ENABLE_RSS','2011-06-06 20:20:57'),(4906,'TXT_ORDER_UPLOADER_DATA','2011-06-06 20:21:09'),(4907,'TXT_ORDER_UPLOADER_ENABLED','2011-06-06 20:21:20'),(4908,'TXT_ORDER_UPLOADER_MAX_FILESIZE','2011-06-06 20:21:41'),(4909,'TXT_ORDER_UPLOADER_CHUNKSIZE','2011-06-06 20:22:12'),(4910,'TXT_ORDER_UPLOADER_ALLOWED_EXTENSIONS','2011-06-06 20:22:33'),(4911,'TXT_ORDER_FILES_UPLOAD','2011-06-06 20:24:33'),(4912,'TXT_ORDER_FILES_UPLOAD_HELP','2011-06-06 20:25:10'),(4913,'TXT_SELECT_FILES','2011-06-06 20:25:26'),(4914,'TXT_UPLOAD_FILES','2011-06-06 20:25:47'),(4915,'TXT_PLACE_ORDER','2011-06-06 20:41:24'),(4916,'TXT_INDIVIDUAL_CLIENT','2011-06-17 23:22:07'),(4917,'TXT_COMPANY_CLIENT','2011-06-17 23:22:16'),(4918,'TXT_JS_ADD_TO_ORDER','2011-06-19 10:54:02'),(4919,'TXT_JS_CLOSETEXT','2011-06-19 10:54:02'),(4920,'TXT_JS_PREVTEXT','2011-06-19 10:54:02'),(4921,'TXT_JS_NEXTTEXT','2011-06-19 10:54:02'),(4922,'TXT_JS_CURRENTTEXT','2011-06-19 10:54:02'),(4923,'TXT_JS_EXCEPTION_HAS_OCCURED','2011-06-19 10:54:02'),(4924,'TXT_JS_SELECT_STORE','2011-06-19 10:54:02'),(4925,'TXT_JS_ADD_REPETITION','2011-06-19 10:54:02'),(4926,'TXT_JS_DELETE_REPETITION','2011-06-19 10:54:03'),(4927,'TXT_JS_FORM_DATA_INVALID','2011-06-19 10:54:03'),(4928,'TXT_JS_SCROLL_TO_FIELD','2011-06-19 10:54:03'),(4929,'TXT_JS_CLOSE_ALERT','2011-06-19 10:54:03'),(4930,'TXT_JS_NEXT','2011-06-19 10:54:03'),(4931,'TXT_JS_PREVIOUS','2011-06-19 10:54:03'),(4932,'TXT_JS_SAVE','2011-06-19 10:54:03'),(4933,'TXT_JS_ADD_FIELD_REPETITION','2011-06-19 10:54:03'),(4934,'TXT_JS_REMOVE_FIELD_REPETITION','2011-06-19 10:54:03'),(4935,'TXT_JS_ALL_ACTIONS','2011-06-19 10:54:03'),(4936,'TXT_JS_ALL_CONTROLLERS','2011-06-19 10:54:03'),(4937,'TXT_JS_PRODUCT_SELECT_ID','2011-06-19 10:54:03'),(4938,'TXT_JS_PRODUCT_SELECT_NAME','2011-06-19 10:54:03'),(4939,'TXT_JS_PRODUCT_SELECT_PRICE','2011-06-19 10:54:03'),(4940,'TXT_JS_PRODUCT_SELECT_PRICE_GROSS','2011-06-19 10:54:04'),(4941,'TXT_JS_PRODUCT_SELECT_BUYPRICE','2011-06-19 10:54:04'),(4942,'TXT_JS_PRODUCT_SELECT_BUYPRICE_GROSS','2011-06-19 10:54:04'),(4943,'TXT_JS_PRODUCT_SELECT_BARCODE','2011-06-19 10:54:04'),(4944,'TXT_JS_PRODUCT_SELECT_PRODUCER','2011-06-19 10:54:04'),(4945,'TXT_JS_PRODUCT_SELECT_VAT','2011-06-19 10:54:04'),(4946,'TXT_JS_PRODUCT_SELECT_VAT_VALUE','2011-06-19 10:54:04'),(4947,'TXT_JS_PRODUCT_SELECT_NET_SUBSUM','2011-06-19 10:54:04'),(4948,'TXT_JS_PRODUCT_SELECT_SUBSUM','2011-06-19 10:54:04'),(4949,'TXT_JS_PRODUCT_SELECT_CATEGORIES','2011-06-19 10:54:04'),(4950,'TXT_JS_PRODUCT_SELECT_ADDDATE','2011-06-19 10:54:04'),(4951,'TXT_JS_PRODUCT_SELECT_ADDUSER','2011-06-19 10:54:04'),(4952,'TXT_JS_PRODUCT_SELECT_EDITDATE','2011-06-19 10:54:04'),(4953,'TXT_JS_PRODUCT_SELECT_EDITUSER','2011-06-19 10:54:04'),(4954,'TXT_JS_PRODUCT_SELECT_DESELECT','2011-06-19 10:54:04'),(4955,'TXT_JS_PRODUCT_SELECT_SELECTED','2011-06-19 10:54:04'),(4956,'TXT_JS_PRODUCT_SELECT_QUANTITY','2011-06-19 10:54:04'),(4957,'TXT_JS_PRODUCT_SELECT_VARIANT','2011-06-19 10:54:04'),(4958,'TXT_JS_PRODUCT_SELECT_ADD','2011-06-19 10:54:04'),(4959,'TXT_JS_PRODUCT_SELECT_CLOSE_ADD','2011-06-19 10:54:04'),(4960,'TXT_JS_PRODUCT_SELECT_SUM','2011-06-19 10:54:04'),(4961,'TXT_JS_DATAGRID_SELECT_SELECTED','2011-06-19 10:54:05'),(4962,'TXT_JS_DATAGRID_SELECT_DESELECT','2011-06-19 10:54:05'),(4963,'TXT_JS_DATAGRID_SELECT_DG_ERROR','2011-06-19 10:54:05'),(4964,'TXT_JS_FILE_SELECTOR_ID','2011-06-19 10:54:05'),(4965,'TXT_JS_FILE_SELECTOR_FILENAME','2011-06-19 10:54:05'),(4966,'TXT_JS_FILE_SELECTOR_FILETYPE','2011-06-19 10:54:05'),(4967,'TXT_JS_FILE_SELECTOR_EXTENSION','2011-06-19 10:54:05'),(4968,'TXT_JS_FILE_SELECTOR_DESELECT','2011-06-19 10:54:05'),(4969,'TXT_JS_FILE_SELECTOR_THUMB','2011-06-19 10:54:05'),(4970,'TXT_JS_FILE_SELECTOR_SHOW_THUMB','2011-06-19 10:54:05'),(4971,'TXT_JS_FILE_SELECTOR_PHOTO','2011-06-19 10:54:05'),(4972,'TXT_JS_FILE_SELECTOR_PHOTO_MAIN','2011-06-19 10:54:05'),(4973,'TXT_JS_FILE_SELECTOR_PHOTO_VISIBLE','2011-06-19 10:54:05'),(4974,'TXT_JS_FILE_SELECTOR_PHOTO_CANCEL','2011-06-19 10:54:05'),(4975,'TXT_JS_FILE_SELECTOR_UPLOAD_ERROR','2011-06-19 10:54:05'),(4976,'TXT_JS_FILE_SELECTOR_UPLOAD_SUCCESS','2011-06-19 10:54:05'),(4977,'TXT_JS_FILE_SELECTOR_PROCESSING_ERROR','2011-06-19 10:54:05'),(4978,'TXT_JS_FILE_SELECTOR_FORM_BLOCKED','2011-06-19 10:54:05'),(4979,'TXT_JS_FILE_SELECTOR_FORM_BLOCKED_DESCRIPTION','2011-06-19 10:54:05'),(4980,'TXT_JS_FILE_SELECTOR_SELECTED_IMAGE','2011-06-19 10:54:05'),(4981,'TXT_JS_PRODUCT_VARIANTS_EDITOR_SET_FOR_THIS_PRODUCT','2011-06-19 10:54:05'),(4982,'TXT_JS_PRODUCT_VARIANTS_EDITOR_SET_FOR_THIS_PRODUCT_SUFFIX','2011-06-19 10:54:05'),(4983,'TXT_JS_PRODUCT_VARIANTS_EDITOR_ADD_ATTRIBUTE','2011-06-19 10:54:05'),(4984,'TXT_JS_PRODUCT_VARIANTS_EDITOR_SAVE_ATTRIBUTE','2011-06-19 10:54:05'),(4985,'TXT_JS_PRODUCT_VARIANTS_EDITOR_ADD_VALUE','2011-06-19 10:54:05'),(4986,'TXT_JS_PRODUCT_VARIANTS_EDITOR_SAVE_VALUE','2011-06-19 10:54:05'),(4987,'TXT_JS_PRODUCT_VARIANTS_EDITOR_ID','2011-06-19 10:54:05'),(4988,'TXT_JS_PRODUCT_VARIANTS_EDITOR_STOCK','2011-06-19 10:54:05'),(4989,'TXT_JS_PRODUCT_VARIANTS_EDITOR_MODIFIER_TYPE','2011-06-19 10:54:05'),(4990,'TXT_JS_PRODUCT_VARIANTS_EDITOR_MODIFIER','2011-06-19 10:54:05'),(4991,'TXT_JS_PRODUCT_VARIANTS_EDITOR_PRICE','2011-06-19 10:54:05'),(4992,'TXT_JS_PRODUCT_VARIANTS_EDITOR_ADD_VARIANT','2011-06-19 10:54:05'),(4993,'TXT_JS_PRODUCT_VARIANTS_EDITOR_SAVE_VARIANT','2011-06-19 10:54:05'),(4994,'TXT_JS_PRODUCT_VARIANTS_EDITOR_AVAILBLE_ATTRIBUTES','2011-06-19 10:54:05'),(4995,'TXT_JS_PRODUCT_VARIANTS_EDITOR_VARIANT_EDITOR_BASE_NET_PRICE','2011-06-19 10:54:05'),(4996,'TXT_JS_PRODUCT_VARIANTS_EDITOR_VARIANT_EDITOR_BASE_GROSS_PRICE','2011-06-19 10:54:05'),(4997,'TXT_JS_PRODUCT_VARIANTS_EDITOR_VARIANT_EDITOR_MODIFIER_TYPE','2011-06-19 10:54:05'),(4998,'TXT_JS_PRODUCT_VARIANTS_EDITOR_VARIANT_EDITOR_MODIFIER_VALUE','2011-06-19 10:54:05'),(4999,'TXT_JS_PRODUCT_VARIANTS_EDITOR_VARIANT_EDITOR_NET_PRICE','2011-06-19 10:54:05'),(5000,'TXT_JS_PRODUCT_VARIANTS_EDITOR_VARIANT_EDITOR_GROSS_PRICE','2011-06-19 10:54:05'),(5001,'TXT_JS_PRODUCT_VARIANTS_EDITOR_VARIANT_EDITOR_STOCK','2011-06-19 10:54:05'),(5002,'TXT_JS_PRODUCT_VARIANTS_EDITOR_CHOOSE_ATTRIBUTE','2011-06-19 10:54:05'),(5003,'TXT_JS_TREE_ADD_ITEM','2011-06-19 10:54:05'),(5004,'TXT_JS_TREE_DUPLICATE_ITEM','2011-06-19 10:54:05'),(5005,'TXT_JS_TREE_ADD_SUBITEM','2011-06-19 10:54:05'),(5006,'TXT_JS_TREE_DELETE_ITEM','2011-06-19 10:54:05'),(5007,'TXT_JS_TREE_SAVE_ORDER','2011-06-19 10:54:05'),(5008,'TXT_JS_TREE_RESTORE_ORDER','2011-06-19 10:54:05'),(5009,'TXT_JS_TREE_EXPAND_ALL','2011-06-19 10:54:05'),(5010,'TXT_JS_TREE_RETRACT_ALL','2011-06-19 10:54:05'),(5011,'TXT_JS_TREE_OK','2011-06-19 10:54:05'),(5012,'TXT_JS_TREE_CANCEL','2011-06-19 10:54:05'),(5013,'TXT_JS_TREE_FOUND_DUPLICATES','2011-06-19 10:54:05'),(5014,'TXT_JS_TREE_DUPLICATE_ENTRY_ALL_LEVELS','2011-06-19 10:54:05'),(5015,'TXT_JS_TREE_FOUND_DUPLICATES_DESCRIPTION','2011-06-19 10:54:05'),(5016,'TXT_JS_TREE_DUPLICATE_ENTRY_ALL_LEVELS_DESCRIPTION','2011-06-19 10:54:05'),(5017,'TXT_JS_TREE_DUPLICATE_ENTRY','2011-06-19 10:54:05'),(5018,'TXT_JS_TREE_DUPLICATE_ENTRY_DESCRIPTION','2011-06-19 10:54:05'),(5019,'TXT_JS_TREE_DELETE_ITEM_WARNING','2011-06-19 10:54:05'),(5020,'TXT_JS_TREE_DELETE_ITEM_WARNING_DESCRIPTION','2011-06-19 10:54:05'),(5021,'TXT_JS_TREE_DESELECT','2011-06-19 10:54:05'),(5022,'TXT_JS_ATTRIBUTE_EDITOR_CHOOSE_ATTRIBUTE','2011-06-19 10:54:05'),(5023,'TXT_JS_ATTRIBUTE_EDITOR_RENAME_ATTRIBUTE','2011-06-19 10:54:05'),(5024,'TXT_JS_ATTRIBUTE_EDITOR_RENAME_ATTRIBUTE_PROVIDE_NEW_NAME','2011-06-19 10:54:05'),(5025,'TXT_JS_ATTRIBUTE_EDITOR_RENAME_ATTRIBUTE_ERROR','2011-06-19 10:54:05'),(5026,'TXT_JS_ATTRIBUTE_EDITOR_RENAME_ATTRIBUTE_ERROR_DESCRIPTION','2011-06-19 10:54:05'),(5027,'TXT_JS_ATTRIBUTE_EDITOR_RENAME_VALUE','2011-06-19 10:54:05'),(5028,'TXT_JS_ATTRIBUTE_EDITOR_RENAME_VALUE_PROVIDE_NEW_NAME','2011-06-19 10:54:05'),(5029,'TXT_JS_ATTRIBUTE_EDITOR_RENAME_VALUE_ERROR','2011-06-19 10:54:05'),(5030,'TXT_JS_ATTRIBUTE_EDITOR_RENAME_VALUE_ERROR_DESCRIPTION','2011-06-19 10:54:05'),(5031,'TXT_JS_ATTRIBUTE_EDITOR_REMOVE_ATTRIBUTE','2011-06-19 10:54:05'),(5032,'TXT_JS_ATTRIBUTE_EDITOR_REMOVE_ATTRIBUTE_FROM_BASE','2011-06-19 10:54:05'),(5033,'TXT_JS_ATTRIBUTE_EDITOR_REMOVE_ATTRIBUTE_FROM_BASE_OK','2011-06-19 10:54:05'),(5034,'TXT_JS_ATTRIBUTE_EDITOR_REMOVE_ATTRIBUTE_FROM_BASE_CANCEL','2011-06-19 10:54:06'),(5035,'TXT_JS_ATTRIBUTE_EDITOR_REMOVE_ATTRIBUTE_FROM_BASE_CONFIRM','2011-06-19 10:54:06'),(5036,'TXT_JS_ATTRIBUTE_EDITOR_REMOVE_ATTRIBUTE_FROM_BASE_CONFIRM_DESCRIPTION','2011-06-19 10:54:06'),(5037,'TXT_JS_ATTRIBUTE_EDITOR_REMOVE_ATTRIBUTE_FROM_BASE_ERROR','2011-06-19 10:54:06'),(5038,'TXT_JS_ATTRIBUTE_EDITOR_REMOVE_ATTRIBUTE_FROM_BASE_ERROR_DESCRIPTION','2011-06-19 10:54:06'),(5039,'TXT_JS_ATTRIBUTE_EDITOR_EDIT_ATTRIBUTE_VALUES','2011-06-19 10:54:06'),(5040,'TXT_JS_ATTRIBUTE_EDITOR_REMOVE_VALUE','2011-06-19 10:54:06'),(5041,'TXT_JS_ATTRIBUTE_EDITOR_ADD_ATTRIBUTE','2011-06-19 10:54:06'),(5042,'TXT_JS_ATTRIBUTE_EDITOR_ADD_VALUE','2011-06-19 10:54:06'),(5043,'TXT_JS_ATTRIBUTE_EDITOR_ATTRIBUTES','2011-06-19 10:54:06'),(5044,'TXT_JS_ATTRIBUTE_EDITOR_VALUES','2011-06-19 10:54:06'),(5045,'TXT_JS_CLIENT_SELECT_ID','2011-06-19 10:54:06'),(5046,'TXT_JS_CLIENT_SELECT_FIRST_NAME','2011-06-19 10:54:06'),(5047,'TXT_JS_CLIENT_SELECT_SURNAME','2011-06-19 10:54:06'),(5048,'TXT_JS_CLIENT_SELECT_EMAIL','2011-06-19 10:54:06'),(5049,'TXT_JS_CLIENT_SELECT_PHONE','2011-06-19 10:54:06'),(5050,'TXT_JS_CLIENT_SELECT_SEX','2011-06-19 10:54:06'),(5051,'TXT_JS_CLIENT_SELECT_GROUP','2011-06-19 10:54:06'),(5052,'TXT_JS_CLIENT_SELECT_ADDDATE','2011-06-19 10:54:06'),(5053,'TXT_JS_CLIENT_SELECT_EDITDATE','2011-06-19 10:54:06'),(5054,'TXT_JS_CLIENT_SELECT_SELECT_CLIENT','2011-06-19 10:54:06'),(5055,'TXT_JS_PRODUCT_SELECT_CLOSE_SELECTION','2011-06-19 10:54:06'),(5056,'TXT_JS_CLIENT_SELECT_CLIENT_NAME','2011-06-19 10:54:06'),(5057,'TXT_JS_CLIENT_SELECT_CLIENT_EMAIL','2011-06-19 10:54:06'),(5058,'TXT_JS_CLIENT_SELECT_CLIENT_GROUP','2011-06-19 10:54:06'),(5059,'TXT_JS_ADDRESS_DIFFERENT','2011-06-19 10:54:06'),(5060,'TXT_JS_ADDRESS_COPY_FROM','2012-04-30 12:12:24'),(5061,'TXT_JS_ADDRESS_UPDATE_DATA','2011-06-19 10:54:06'),(5062,'TXT_JS_ADDRESS_UPDATE_DATA_DESCRIPTION','2011-06-19 10:54:06'),(5063,'TXT_JS_PRODUCT_AGGREGATOR_FORM_BLOCKED','2011-06-19 10:54:06'),(5064,'TXT_JS_PRODUCT_AGGREGATOR_FORM_BLOCKED_DESCRIPTION','2011-06-19 10:54:06'),(5065,'TXT_JS_PRODUCT_AGGREGATOR_COUNT','2011-06-19 10:54:06'),(5066,'TXT_JS_PRODUCT_AGGREGATOR_SUM','2011-06-19 10:54:06'),(5067,'TXT_JS_PRODUCT_AGGREGATOR_SETVALUE_PROHIBITED','2011-06-19 10:54:06'),(5068,'TXT_JS_PRICE_MODIFIER_VALUE','2011-06-19 10:54:06'),(5069,'TXT_JS_PRICE_MODIFIER_MODIFIER','2011-06-19 10:54:06'),(5070,'TXT_JS_RANGE_EDITOR_USE_VAT','2011-06-19 10:54:06'),(5071,'TXT_JS_RANGE_EDITOR_VAT','2011-06-19 10:54:06'),(5072,'TXT_JS_RANGE_EDITOR_FROM','2011-06-19 10:54:06'),(5073,'TXT_JS_RANGE_EDITOR_TO','2011-06-19 10:54:06'),(5074,'TXT_JS_RANGE_EDITOR_ADD_RANGE','2011-06-19 10:54:06'),(5075,'TXT_JS_RANGE_EDITOR_REMOVE_RANGE','2011-06-19 10:54:06'),(5076,'TXT_JS_DATETIME_HOUR','2011-06-19 10:54:06'),(5077,'TXT_JS_STATIC_LISTING_COLLAPSE','2011-06-19 10:54:06'),(5078,'TXT_JS_STATIC_LISTING_EXPAND','2011-06-19 10:54:06'),(5079,'TXT_JS_PREVIEW_TRIGGER_LABEL','2011-06-19 10:54:06'),(5080,'TXT_JS_COLOUR_SCHEME_PICKER_COLOUR','2011-06-19 10:54:06'),(5081,'TXT_JS_COLOUR_SCHEME_PICKER_GRADIENT','2011-06-19 10:54:06'),(5082,'TXT_JS_COLOUR_SCHEME_PICKER_IMAGE','2011-06-19 10:54:06'),(5083,'TXT_JS_COLOUR_SCHEME_PICKER_BACKGROUND_POSITION','2011-06-19 10:54:06'),(5084,'TXT_JS_COLOUR_SCHEME_PICKER_BACKGROUND_REPEAT','2011-06-19 10:54:06'),(5085,'TXT_JS_COLOUR_SCHEME_PICKER_BACKGROUND_REPEAT_NO','2011-06-19 10:54:06'),(5086,'TXT_JS_COLOUR_SCHEME_PICKER_BACKGROUND_REPEAT_X','2011-06-19 10:54:06'),(5087,'TXT_JS_COLOUR_SCHEME_PICKER_BACKGROUND_REPEAT_Y','2011-06-19 10:54:06'),(5088,'TXT_JS_COLOUR_SCHEME_PICKER_BACKGROUND_REPEAT_XY','2011-06-19 10:54:06'),(5089,'TXT_JS_LOCALFILE_SELECT','2011-06-19 10:54:06'),(5090,'TXT_JS_LOCALFILE_PROCESSING_ERROR','2011-06-19 10:54:06'),(5091,'TXT_JS_LOCALFILE_NONE_SELECTED','2011-06-19 10:54:06'),(5092,'TXT_JS_LOCALFILE_FULLPATH','2011-06-19 10:54:06'),(5093,'TXT_JS_LOCALFILE_FILENAME','2011-06-19 10:54:06'),(5094,'TXT_JS_LOCALFILE_FILESIZE','2011-06-19 10:54:06'),(5095,'TXT_JS_LOCALFILE_FILEOWNER','2011-06-19 10:54:06'),(5096,'TXT_JS_LOCALFILE_FILEMTIME','2011-06-19 10:54:06'),(5097,'TXT_JS_LOCALFILE_DELETE','2011-06-19 10:54:06'),(5098,'TXT_JS_LOCALFILE_DELETE_WARNING','2011-06-19 10:54:06'),(5099,'TXT_JS_LOCALFILE_DELETE_WARNING_DESCRIPTION','2011-06-19 10:54:06'),(5100,'TXT_JS_LOCALFILE_OK','2011-06-19 10:54:06'),(5101,'TXT_JS_LOCALFILE_CANCEL','2011-06-19 10:54:06'),(5102,'TXT_JS_BORDER_NONE','2011-06-19 10:54:06'),(5103,'TXT_JS_BORDER_SIDE_TOP','2011-06-19 10:54:06'),(5104,'TXT_JS_BORDER_SIDE_RIGHT','2011-06-19 10:54:06'),(5105,'TXT_JS_BORDER_SIDE_BOTTOM','2011-06-19 10:54:06'),(5106,'TXT_JS_BORDER_SIDE_LEFT','2011-06-19 10:54:06'),(5107,'TXT_JS_BORDER_SEPARATE','2011-06-19 10:54:06'),(5108,'TXT_JS_LAYOUT_BOXES_LIST_SPAN','2011-06-19 10:54:06'),(5109,'TXT_JS_LAYOUT_BOXES_LIST_COLLAPSED','2011-06-19 10:54:06'),(5110,'TXT_JS_LAYOUT_BOXES_LIST_ADD','2011-06-19 10:54:06'),(5111,'TXT_JS_LAYOUT_BOXES_LIST_REMOVE','2011-06-19 10:54:06'),(5112,'TXT_JS_TECHNICAL_DATA_CHOOSE_SET','2011-06-19 10:54:06'),(5113,'TXT_JS_TECHNICAL_DATA_SAVE_SET','2011-06-19 10:54:06'),(5114,'TXT_JS_TECHNICAL_DATA_SAVE_AS_NEW_SET','2011-06-19 10:54:06'),(5115,'TXT_JS_TECHNICAL_DATA_DELETE_SET','2011-06-19 10:54:06'),(5116,'TXT_JS_TECHNICAL_DATA_UNSAVED_CHANGES','2011-06-19 10:54:06'),(5117,'TXT_JS_TECHNICAL_DATA_UNSAVED_CHANGES_DESCRIPTION','2011-06-19 10:54:06'),(5118,'TXT_JS_TECHNICAL_DATA_UNSAVED_CHANGES_SAVE','2011-06-19 10:54:06'),(5119,'TXT_JS_TECHNICAL_DATA_UNSAVED_CHANGES_DISCARD','2011-06-19 10:54:06'),(5120,'TXT_JS_TECHNICAL_DATA_UNSAVED_CHANGES_CANCEL','2011-06-19 10:54:06'),(5121,'TXT_JS_TECHNICAL_DATA_SAVE_SET_SUCCESS','2011-06-19 10:54:06'),(5122,'TXT_JS_TECHNICAL_DATA_SAVE_SET_SUCCESS_DESCRIPTION','2011-06-19 10:54:06'),(5123,'TXT_JS_TECHNICAL_DATA_ADD_NEW_SET','2011-06-19 10:54:06'),(5124,'TXT_JS_TECHNICAL_DATA_DELETE_SET_DESCRIPTION','2011-06-19 10:54:06'),(5125,'TXT_JS_TECHNICAL_DATA_DELETE_SET_SUCCESS','2011-06-19 10:54:06'),(5126,'TXT_JS_TECHNICAL_DATA_DELETE_SET_SUCCESS_DESCRIPTION','2011-06-19 10:54:06'),(5127,'TXT_JS_TECHNICAL_DATA_ADD_NEW_GROUP','2011-06-19 10:54:06'),(5128,'TXT_JS_TECHNICAL_DATA_DELETE_GROUP','2011-06-19 10:54:06'),(5129,'TXT_JS_TECHNICAL_DATA_SAVE_GROUP','2011-06-19 10:54:06'),(5130,'TXT_JS_TECHNICAL_DATA_DELETE_GROUP_PERMANENTLY','2011-06-19 10:54:06'),(5131,'TXT_JS_TECHNICAL_DATA_SAVE_GROUP_SUCCESS','2011-06-19 10:54:06'),(5132,'TXT_JS_TECHNICAL_DATA_SAVE_GROUP_SUCCESS_DESCRIPTION','2011-06-19 10:54:06'),(5133,'TXT_JS_TECHNICAL_DATA_DELETE_ATTRIBUTE_GROUP','2011-06-19 10:54:06'),(5134,'TXT_JS_TECHNICAL_DATA_DELETE_ATTRIBUTE_GROUP_DESCRIPTION','2011-06-19 10:54:06'),(5135,'TXT_JS_TECHNICAL_DATA_DELETE_GROUP_SUCCESS','2011-06-19 10:54:06'),(5136,'TXT_JS_TECHNICAL_DATA_DELETE_GROUP_SUCCESS_DESCRIPTION','2011-06-19 10:54:06'),(5137,'TXT_JS_TECHNICAL_DATA_SAVE_ATTRIBUTE','2011-06-19 10:54:06'),(5138,'TXT_JS_TECHNICAL_DATA_DELETE_ATTRIBUTE_PERMANENTLY','2011-06-19 10:54:06'),(5139,'TXT_JS_TECHNICAL_DATA_DELETE_ATTRIBUTE','2011-06-19 10:54:06'),(5140,'TXT_JS_TECHNICAL_DATA_DELETE_ATTRIBUTE_DESCRIPTION','2011-06-19 10:54:06'),(5141,'TXT_JS_TECHNICAL_DATA_DELETE_ATTRIBUTE_SUCCESS','2011-06-19 10:54:06'),(5142,'TXT_JS_TECHNICAL_DATA_DELETE_ATTRIBUTE_SUCCESS_DESCRIPTION','2011-06-19 10:54:06'),(5143,'TXT_JS_TECHNICAL_DATA_SAVE_ATTRIBUTE_SUCCESS','2011-06-19 10:54:06'),(5144,'TXT_JS_TECHNICAL_DATA_SAVE_ATTRIBUTE_SUCCESS_DESCRIPTION','2011-06-19 10:54:06'),(5145,'TXT_JS_TECHNICAL_DATA_EDIT_ATTRIBUTE','2011-06-19 10:54:06'),(5146,'TXT_JS_TECHNICAL_DATA_EDIT_GROUP','2011-06-19 10:54:06'),(5147,'TXT_JS_TECHNICAL_DATA_ADD_NEW_ATTRIBUTE','2011-06-19 10:54:07'),(5148,'TXT_JS_TECHNICAL_DATA_EDIT_MULTILINGUAL_VALUE','2011-06-19 10:54:07'),(5149,'TXT_JS_TECHNICAL_DATA_VALUE_TYPE_STRING','2011-06-19 10:54:07'),(5150,'TXT_JS_TECHNICAL_DATA_VALUE_TYPE_MULTILINGUAL_STRING','2011-06-19 10:54:07'),(5151,'TXT_JS_TECHNICAL_DATA_VALUE_TYPE_TEXT','2011-06-19 10:54:07'),(5152,'TXT_JS_TECHNICAL_DATA_VALUE_TYPE_IMAGE','2011-06-19 10:54:07'),(5153,'TXT_JS_TECHNICAL_DATA_VALUE_TYPE_BOOLEAN','2011-06-19 10:54:07'),(5154,'TXT_JS_PROGRESS_INDICATOR_RUN_COMMENT','2011-06-19 10:54:07'),(5155,'TXT_JS_PROGRESS_INDICATOR_RUN','2011-06-19 10:54:07'),(5156,'TXT_JS_PROGRESS_INDICATOR_SUCCESS','2011-06-19 10:54:07'),(5157,'TXT_JS_HELP','2011-06-19 10:54:07'),(5158,'TXT_JS_ORDER_EDITOR_HISTORICAL_PRODUCT','2011-06-19 10:54:07'),(5159,'TXT_JS_CUSTOMIZE','2011-06-19 10:54:07'),(5160,'TXT_JS_CHOOSE_MODE','2011-06-19 10:54:07'),(5161,'TXT_JS_MODE_CLICK','2011-06-19 10:54:07'),(5162,'TXT_JS_MODE_HOVER','2011-06-19 10:54:07'),(5163,'TXT_JS_MODE_DELAY','2011-06-19 10:54:07'),(5164,'TXT_JS_MODE_DELAY_MS','2011-06-19 10:54:07'),(5165,'TXT_JS_SAVE_DESC','2011-06-19 10:54:07'),(5166,'TXT_JS_RESTORE_DEFAULT','2011-06-19 10:54:07'),(5167,'TXT_JS_RESTORE_DEFAULT_DESC','2011-06-19 10:54:07'),(5168,'TXT_JS_CANCEL','2011-06-19 10:54:07'),(5169,'TXT_JS_OK','2011-06-19 10:54:07'),(5170,'TXT_JS_ADD','2011-06-19 10:54:07'),(5171,'TXT_JS_YES','2011-06-19 10:54:07'),(5172,'TXT_JS_NO','2011-06-19 10:54:07'),(5173,'TXT_JS_SHOW_LIST','2011-06-19 10:54:07'),(5174,'TXT_JS_ACCESSKEY','2011-06-19 10:54:07'),(5175,'TXT_INVOICE_NUMERATION','2011-06-19 12:18:32'),(5176,'TXT_SALES_PERSON','2011-06-19 13:27:04'),(5177,'TXT_TOTAL_PAYED','2011-06-19 13:27:20'),(5178,'TXT_INVOICE_ADD','2011-06-19 13:27:56'),(5179,'TXT_DAYS','2011-06-19 13:38:12'),(5180,'TXT_INVOICE_DEFAULT_PAYMENT_DUE','2011-06-19 13:38:33'),(5181,'TXT_INVOICE_TYPE_PRO','2011-06-19 13:52:54'),(5182,'TXT_INVOICE_TYPE_VAT','2011-06-19 13:52:15'),(5183,'TXT_INVOICE_TYPE_COR','2011-06-19 13:52:23'),(5184,'TXT_INVOICE_DATE','2011-06-19 13:57:49'),(5185,'TXT_ADD_INVOICE_PRO','2011-06-19 18:55:08'),(5186,'TXT_ADD_INVOICE_VAT','2011-06-19 18:55:25'),(5187,'TXT_AMOUNT_PAYED','2011-06-19 19:05:53'),(5188,'TXT_AMOUNT_TO_PAY','2011-06-19 19:06:03'),(5189,'ERR_ALPHANUMERIC_INVALID','2011-06-21 19:06:42'),(5190,'TXT_PAGINATION','2011-06-22 20:37:21'),(5191,'TXT_DISABLE_CATEGORY','2011-06-25 12:31:38'),(5192,'TXT_DISABLE_PRODUCT','2011-06-25 12:31:53'),(5193,'TXT_ENABLE_PRODUCT','2011-09-08 10:41:45'),(5194,'TXT_ENABLE_CATEGORY','2011-09-08 12:17:28'),(5195,'TXT_ATTENTION_AFTER_CHANGING_ADMINLINK','2011-06-26 14:02:53'),(5196,'TXT_SYSTEM_CONFIGURATION','2011-06-25 22:02:31'),(5197,'TXT_ADMIN_PANEL_LINK','2011-06-25 22:03:25'),(5198,'TXT_FORCE_MOD_REWRITE','2011-06-25 22:03:07'),(5199,'TXT_FORCE_MOD_REWRITE_HELP','2011-06-25 22:05:07'),(5200,'TXT_MAIL_SETTINGS','2011-06-25 22:12:01'),(5201,'TXT_MAIL_TYPE','2011-06-25 22:12:10'),(5202,'TXT_MAIL_SERVER','2011-06-25 22:12:19'),(5203,'TXT_MAIL_SERVER_PORT','2011-06-25 22:12:30'),(5204,'TXT_MAIL_SMTP_SECURE','2011-06-25 22:12:49'),(5205,'TXT_MAIL_SMTP_AUTH','2011-06-25 22:13:05'),(5206,'TXT_MAIL_SMTP_USERNAME','2011-06-25 22:13:16'),(5207,'TXT_MAIL_SMTP_PASSWORD','2011-06-25 22:13:27'),(5208,'TXT_MAIL_FROMNAME','2011-06-25 22:13:45'),(5209,'TXT_MAIL_FROMEMAIL','2011-06-25 22:13:54'),(5210,'TXT_GALLERY_SMALL_IMAGE_SETTINGS','2011-06-26 10:41:11'),(5211,'TXT_GALLERY_MEDIUM_IMAGE_SETTINGS','2011-06-26 10:41:33'),(5212,'TXT_GALLERY_NORMAL_IMAGE_SETTINGS','2011-06-26 10:41:58'),(5213,'TXT_REFRESH_SEO_META','2011-06-26 11:17:35'),(5214,'TXT_GEKOLAB_CATEGORY_PAYMENT','2011-06-26 13:25:40'),(5215,'TXT_GEKOLAB_CATEGORY_COMPARE','2011-06-27 16:38:57'),(5216,'TXT_META_INFORMATION','2011-07-01 13:36:17'),(5217,'TXT_PRODUCER_BOX','2011-07-11 16:25:04'),(5218,'TXT_PRODUCER_LIST_BOX','2011-07-11 16:25:27'),(5219,'TXT_AVAILABLE_PRODUCERS','2011-07-11 17:21:24'),(5220,'TXT_CURRENCY_DECIMAL_SEPARATOR','2011-07-12 15:26:37'),(5221,'TXT_CURRENCY_DECIMAL_COUNT','2011-07-12 15:26:54'),(5222,'TXT_CURRENCY_THOUSAND_SEPARATOR','2011-07-12 15:27:06'),(5223,'TXT_CURRENCY_POSITIVE_PREFFIX','2011-07-12 15:27:17'),(5224,'TXT_CURRENCY_POSITIVE_SUFFIX','2011-07-12 15:27:28'),(5225,'TXT_CURRENCY_NEGATIVE_PREFFIX','2011-07-12 15:27:38'),(5226,'TXT_CURRENCY_NEGATIVE_SUFFIX','2011-07-12 15:27:47'),(5227,'TXT_FILTER','2011-07-14 10:01:33'),(5228,'TXT_FAVICON','2011-07-20 11:03:56'),(5229,'ERR_CHANNEL_CONNECT','2011-07-24 11:40:33'),(5230,'TXT_DISCOUNTPRICE','2011-07-25 12:28:32'),(5231,'TXT_ENABLE_CLIENTGROUP_PROMOTION','2011-07-26 09:13:54'),(5232,'TXT_ENABLE_GROUP_PRICE','2011-07-25 13:32:41'),(5233,'TXT_GROUP_PRICE_FOR','2011-07-25 13:33:59'),(5234,'TXT_ENABLE_PROMOTION','2011-07-26 09:14:24'),(5235,'TXT_STANDARD_SELLPRICE','2011-07-26 09:12:52'),(5236,'TXT_WISH_LIST','2011-07-27 13:09:44'),(5237,'TXT_SHOW_CART','2011-07-27 14:52:45'),(5238,'TXT_PROMOTION_ENDDATE','2011-07-27 15:22:04'),(5239,'TXT_SHOW_PRODUCER_PHOTO','2011-07-28 09:52:18'),(5240,'TXT_SHOW_PRODUCER_DESCRIPTION','2011-07-28 09:52:31'),(5241,'TXT_SPY_ISBOT','2011-07-28 12:20:58'),(5242,'TXT_SPY_ISMOBILE','2011-07-28 12:21:07'),(5243,'TXT_SPY_BROWSER','2011-07-28 12:21:48'),(5244,'TXT_SPY_PLATFORM','2011-07-28 12:21:57'),(5245,'TXT_SPY_LAST_ADDRESS','2011-07-28 12:57:42'),(5246,'TXT_API','2011-07-31 22:46:51'),(5247,'TXT_API_KEY','2011-07-31 22:47:05'),(5248,'TXT_YOUR_NAME','2011-08-01 00:14:57'),(5249,'TXT_YOUR_EMAIL','2011-08-01 00:15:15'),(5250,'TXT_FRIEND_FIRSTNAME','2011-08-01 00:15:36'),(5251,'TXT_FRIEND_EMAIL','2011-08-01 00:15:47'),(5252,'ERR_EMPTY_FRIEND_FIRSTNAME','2011-08-01 00:16:38'),(5253,'ERR_EMPTY_FRIEND_EMAIL','2011-08-01 00:16:55'),(5254,'TXT_DATAGRID_ROWS_PER_PAGE','2011-08-01 11:57:28'),(5255,'TXT_DATAGRID_CLICK_ROW_ACTION','2011-08-01 11:57:48'),(5256,'TXT_DATAGRID_EDIT_ROW','2011-08-01 11:58:10'),(5257,'TXT_SHOW_CONTEXT_MENU','2011-08-01 11:58:34'),(5258,'TXT_INTERFACE_SETTINGS','2011-08-01 11:59:02'),(5259,'TXT_PRICE_BEFORE_PROMOTION','2011-08-01 13:05:01'),(5260,'TXT_SELECT_CLIENTS','2011-08-03 15:00:07'),(5261,'TXT_SEND_RECOMMENDATION','2011-08-04 12:41:10'),(5262,'TXT_RECOMMEND_SHOP_NAME','2011-08-04 12:46:10'),(5263,'TXT_RECOMMEND_ADDRESS','2011-08-04 12:47:09'),(5264,'TXT_RECOMMEND_COMMENT','2011-08-04 12:47:53'),(5265,'TXT_RECOMMENDATION','2011-08-04 12:54:25'),(5266,'ERR_INVOICE_NIP','2011-08-11 08:06:42'),(5267,'TXT_PLATNOSCI_CANCELLED','2011-08-11 14:10:31'),(5268,'TXT_REFRESH_TRANSMAIL','2011-08-11 15:05:00'),(5269,'TXT_REFRESH_TRANSMAIL_HELP','2011-08-11 15:07:33'),(5270,'TXT_GEKOLAB_MANUAL_INSTALL','2011-08-12 13:11:11'),(5271,'TXT_EXCHANGE_TYPE_MIGRATION','2011-08-12 16:47:05'),(5272,'TXT_EXCHANGE_TYPE_MIGRATION_SETTINGS','2011-08-12 16:58:35'),(5273,'TXT_MIGRATION_API_URL','2011-08-12 17:00:23'),(5274,'TXT_MIGRATION_API_KEY','2011-08-12 17:00:38'),(5276,'ERR_ALLEGRO_POSTAGEMENT_TEMPLATES','2011-08-13 09:45:12'),(5277,'ERR_EMPTY_POINTS_AND_COUPON','2011-08-13 09:45:12'),(5278,'TXT_ABROAD_AGREE','2011-08-13 09:45:12'),(5279,'TXT_ACTIVE_AUCTIONS','2011-08-13 09:45:12'),(5280,'TXT_ACTIVE_AUCTIONS_LIST','2011-08-13 09:45:12'),(5281,'TXT_ADDING_ALLEGRO_OPTIONS_TEMPLATE','2011-08-13 09:45:12'),(5282,'TXT_ADDING_ALLEGRO_USER_TEMPLATE','2011-08-13 09:45:12'),(5283,'TXT_ADD_ALLEGRO_OPTIONS_TEMPLATE','2011-08-13 09:45:12'),(5284,'TXT_ADD_ALLEGRO_POSTAGE_TEMPLATES','2011-08-13 09:45:12'),(5285,'TXT_ADD_ALLEGRO_USER_TEMPLATE','2011-08-13 09:45:12'),(5286,'TXT_ADD_COUPONS','2011-08-13 09:45:12'),(5287,'TXT_ADVICE_DISPLAY_ITEM','2011-08-13 09:45:12'),(5288,'TXT_ALLEGRO','2011-08-13 09:45:12'),(5289,'TXT_ALLEGRO_AUCTIONS_TEMPLATES','2011-08-13 09:45:12'),(5290,'TXT_ALLEGRO_BILLING_INFO','2011-08-13 09:45:12'),(5291,'TXT_ALLEGRO_CATEGORIES','2011-08-13 09:45:12'),(5292,'TXT_ALLEGRO_CATEGORY','2011-08-13 09:45:12'),(5293,'TXT_ALLEGRO_CONFIRMATIONS','2011-08-13 09:45:12'),(5294,'TXT_ALLEGRO_DEFAULT_TEMPLATES','2011-08-13 09:45:12'),(5295,'TXT_ALLEGRO_DISPLAY_ITEM','2011-08-13 09:45:12'),(5296,'TXT_ALLEGRO_EMAIL_INFO','2011-08-13 09:45:12'),(5297,'TXT_ALLEGRO_FAVOURITE_CATEGORIES','2011-08-13 09:45:12'),(5298,'TXT_ALLEGRO_FAV_CATS_INFO','2011-08-13 09:45:12'),(5299,'TXT_ALLEGRO_INTEGRATION','2011-08-13 09:45:12'),(5300,'TXT_ALLEGRO_LOGGED','2011-08-13 09:45:12'),(5301,'TXT_ALLEGRO_LOGIN_PROCESS','2011-08-13 09:45:12'),(5302,'TXT_ALLEGRO_OPTIONS_TEMPLATES','2011-08-13 09:45:12'),(5303,'TXT_ALLEGRO_PAYMENTMETHOD_TEMPLATES','2011-08-13 09:45:12'),(5304,'TXT_ALLEGRO_POSTAGE_TEMPLATES','2011-08-13 09:45:12'),(5305,'TXT_ALLEGRO_POSTAGE_TEMPLATES_INFO','2011-08-13 09:45:12'),(5306,'TXT_ALLEGRO_POSTAGE_TEMPLATES_LIST','2011-08-13 09:45:12'),(5307,'TXT_ALLEGRO_RELATED_CATEGORIES','2011-08-13 09:45:12'),(5308,'TXT_ALLEGRO_SETTINGS','2011-08-13 09:45:12'),(5309,'TXT_ALLEGRO_SYNTAX_TEMPLATE_INFO','2011-08-13 09:45:12'),(5310,'TXT_ALLEGRO_SYNTAX_TEMPLATE_SHOTRT_INFO','2011-08-13 09:45:12'),(5311,'TXT_ALLEGRO_TEMPLATES','2011-08-13 09:45:12'),(5312,'TXT_ALLEGRO_USER_TEMPLATE','2011-08-13 09:45:12'),(5313,'TXT_ALLEGRO_USER_TEMPLATES','2011-08-13 09:45:12'),(5314,'TXT_ALLEGRO_USER_TEMPLATES_EDIT','2011-08-13 09:45:12'),(5315,'TXT_ALLEGRO_VERSION_KEY','2011-08-13 09:45:12'),(5316,'TXT_ALLEGRO_WEBAPI','2011-08-13 09:45:12'),(5317,'TXT_ALLEGRO_WWW_SERVICE','2011-08-13 09:45:12'),(5318,'TXT_AUCTION','2011-08-13 09:45:12'),(5319,'TXT_AUCTIONS','2011-08-13 09:45:12'),(5320,'TXT_AUCTION_ABORDER_BEFORE_START','2011-08-13 09:45:12'),(5321,'TXT_AUCTION_BAD_CATEGORY','2011-08-13 09:45:12'),(5322,'TXT_AUCTION_CAN_BE_SEND_ABROAD','2011-08-13 09:45:12'),(5323,'TXT_AUCTION_CHECKED_COURIER_SHIPMENT','2011-08-13 09:45:12'),(5324,'TXT_AUCTION_CHECKED_PRIOR_SHIPMENT','2011-08-13 09:45:12'),(5325,'TXT_AUCTION_CHECKED_TRANSP_OPTS','2011-08-13 09:45:12'),(5326,'TXT_AUCTION_ID','2011-08-13 09:45:12'),(5327,'TXT_AUCTION_LISTED_IN_OTOMOTO','2011-08-13 09:45:12'),(5328,'TXT_AUCTION_LISTED_WEBAPI','2011-08-13 09:45:12'),(5329,'TXT_AUCTION_MAX_AMOUNT','2011-08-13 09:45:12'),(5330,'TXT_AUCTION_MAX_USER_AMOUNT','2011-08-13 09:45:12'),(5331,'TXT_AUCTION_NAME','2011-08-13 09:45:12'),(5332,'TXT_AUCTION_NEW_TRANSPOR_OPTION','2011-08-13 09:45:12'),(5333,'TXT_AUCTION_OPTION','2011-08-13 09:45:12'),(5334,'TXT_AUCTION_PERSONAL_ACCEPTANCE_OPTION','2011-08-13 09:45:12'),(5335,'TXT_AUCTION_SEE_DESC_ABOUT_TRANSP','2011-08-13 09:45:12'),(5336,'TXT_AUCTION_SELLER_ID','2011-08-13 09:45:12'),(5337,'TXT_AUCTION_START_FUTURE','2011-08-13 09:45:12'),(5338,'TXT_AUCTION_WAITING_TO_START','2011-08-13 09:45:12'),(5339,'TXT_BID_AUCTIONS','2011-08-13 09:45:12'),(5340,'TXT_BRUTTO','2011-08-13 09:45:12'),(5341,'TXT_CATEGORY_PAGE_INFO_LINK','2011-08-13 09:45:12'),(5342,'TXT_CHOOSE_ALLEGRO_OPTIONS_TEMPLATE','2011-08-13 09:45:12'),(5343,'TXT_CLIENT_HISTORY_POINTS','2011-08-13 09:45:12'),(5344,'TXT_CLIENT_POINTS','2011-08-13 09:45:12'),(5345,'TXT_COLUMN_WIDTH_INFO','2011-08-13 09:45:12'),(5346,'TXT_COMMING_SOON','2011-08-13 09:45:12'),(5347,'TXT_CONTROLLER_CLIENTPOINTS','2011-08-13 09:45:12'),(5348,'TXT_CONTROLLER_NOKAUT','2011-08-13 09:45:12'),(5349,'TXT_COUNTRY_AUCTION','2011-08-13 09:45:12'),(5350,'TXT_COUNT_BID_AUCTION','2011-08-13 09:45:12'),(5351,'TXT_COUNT_OF_DISPLAY_AUCTION','2011-08-13 09:45:12'),(5352,'TXT_COUNT_OF_ITEM','2011-08-13 09:45:12'),(5353,'TXT_COUNT_OF_PHOTO_AUCTION','2011-08-13 09:45:12'),(5354,'TXT_COUPONS','2011-08-13 09:45:12'),(5355,'TXT_COUPONS_CLIENT_QTY','2011-08-13 09:45:12'),(5356,'TXT_COUPONS_GLOBAL_QTY','2011-08-13 09:45:12'),(5357,'TXT_COUPONS_LIST','2011-08-13 09:45:12'),(5358,'TXT_COUPONS_NAME','2011-08-13 09:45:12'),(5359,'TXT_COUPONS_REGISTRY','2011-08-13 09:45:12'),(5360,'TXT_COUPONS_SETTINGS','2011-08-13 09:45:12'),(5361,'TXT_COUPONS_USED_QTY','2011-08-13 09:45:12'),(5362,'TXT_COUPON_CODE','2011-08-13 09:45:12'),(5363,'TXT_DELIVELER_CODE_NAME','2011-08-13 09:45:12'),(5364,'TXT_DISABLE_POINTS_REWARDS_REGISTRY','2011-08-13 09:45:12'),(5365,'TXT_DISPALY_WITH_BUY_NOW','2011-08-13 09:45:12'),(5366,'TXT_DISPLAY','2011-08-13 09:45:12'),(5367,'TXT_DISPLAY_ALL_ITEMS','2011-08-13 09:45:12'),(5368,'TXT_DISPLAY_NOW','2011-08-13 09:45:12'),(5369,'TXT_DISPLAY_ONLY','2011-08-13 09:45:12'),(5370,'TXT_DO_REFUND','2011-08-13 09:45:12'),(5371,'TXT_DURATION_INFO','2011-08-13 09:45:12'),(5372,'TXT_EAN_CODE_NAME','2011-08-13 09:45:12'),(5373,'TXT_EDIT_ALLEGRO_OPTIONS_TEMPLATE','2011-08-13 09:45:12'),(5374,'TXT_EDIT_ALLEGRO_SETTINGS','2011-08-13 09:45:12'),(5375,'TXT_EDIT_COUPONS','2011-08-13 09:45:12'),(5376,'TXT_EDIT_VIEW_POINTSREWARDS','2011-08-13 09:45:12'),(5377,'TXT_EMPTY_ACTIVE_AUCTIONS_LIST','2011-08-13 09:45:12'),(5378,'TXT_EMPTY_FUTURE_AUCTIONS_LIST','2011-08-13 09:45:12'),(5379,'TXT_EMPTY_NOT_SOLD_AUCTIONS_LIST','2011-08-13 09:45:12'),(5380,'TXT_EMPTY_SOLD_AUCTIONS_LIST','2011-08-13 09:45:12'),(5381,'TXT_ENABLE_POINTS_REWARDS_REGISTRY','2011-08-13 09:45:12'),(5382,'TXT_ENDING_TIME_AUCTION','2011-08-13 09:45:12'),(5383,'TXT_FACEBOOK_DATA','2011-09-09 11:49:31'),(5384,'TXT_FEE_AUCTION','2011-08-13 09:45:12'),(5385,'TXT_FINISHED_AUCTIONS','2011-08-13 09:45:12'),(5386,'TXT_FUTURE_AUCTIONS','2011-08-13 09:45:12'),(5387,'TXT_FUTURE_AUCTIONS_LIST','2011-08-13 09:45:12'),(5388,'TXT_GET_OR_UPDATE_ALLEGRO_CATEGORIES','2011-08-13 09:45:12'),(5389,'TXT_INVALID_AUCTION_PRICE','2011-08-13 09:45:12'),(5390,'TXT_ITEM_STATUS_IN_FUTURE_AUCTION','2011-08-13 09:45:12'),(5391,'TXT_KILLED_BY_ADMIN_AUCTION','2011-08-13 09:45:12'),(5392,'TXT_MAIN_PAGE_INFO_LINK','2011-08-13 09:45:13'),(5393,'TXT_MAXIMUM_POINTS_FOR_ORDER','2011-08-13 09:45:13'),(5394,'TXT_MAXIMUM_POINTS_FOR_ORDER_HELP','2011-08-13 09:45:13'),(5395,'TXT_NOT_SOLD_AUCTION','2011-08-13 09:45:13'),(5396,'TXT_NOT_SOLD_AUCTIONS_LIST','2011-08-13 09:45:13'),(5397,'TXT_NUMBER_OF_NOT_SOLD_ITEM_ENDED_AUCT','2011-08-13 09:45:13'),(5398,'TXT_NUMBER_OF_SOLD_ITEM_ENDED_AUCTION','2011-08-13 09:45:13'),(5399,'TXT_OSCOMMERCE_HOST','2011-08-13 09:45:13'),(5400,'TXT_PAY_AUCTION_COLLECT_ON_DELIVERY','2011-08-13 09:45:13'),(5401,'TXT_PAY_AUCTION_CREDIT_CARD','2011-08-13 09:45:13'),(5402,'TXT_PAY_AUCTION_ESCROW','2011-08-13 09:45:13'),(5403,'TXT_PAY_AUCTION_MONEY_TRANSFER','2011-08-13 09:45:13'),(5404,'TXT_PAY_AUCTION_PAYU','2011-08-13 09:45:13'),(5405,'TXT_PAY_AUCTION_SEE_DETAIL_DESC','2011-08-13 09:45:13'),(5406,'TXT_POINTS_ACCEPTED','2011-08-13 09:45:13'),(5407,'TXT_POINTS_ADDED','2011-08-13 09:45:13'),(5408,'TXT_POINTS_BALANCE','2011-08-13 09:45:13'),(5409,'TXT_POINTS_FOR_OPINION','2011-08-13 09:45:13'),(5410,'TXT_POINTS_FOR_ORDER','2011-08-13 09:45:13'),(5411,'TXT_POINTS_FOR_PRODUCT','2011-08-13 09:45:13'),(5412,'TXT_POINTS_FOR_REDEEM','2011-08-13 09:45:13'),(5413,'TXT_POINTS_FOR_REFERRAL','2011-08-13 09:45:13'),(5414,'TXT_POINTS_FOR_REGISTRATION','2011-08-13 09:45:13'),(5415,'TXT_POINTS_FOR_TAG','2011-08-13 09:45:13'),(5416,'TXT_POINTS_FOR_TAGS','2011-08-13 09:45:13'),(5417,'TXT_POINTS_PENDING','2011-08-13 09:45:13'),(5418,'TXT_POINTS_QTY','2011-08-13 09:45:13'),(5419,'TXT_POINTS_REWARDS','2011-08-13 09:45:13'),(5420,'TXT_POINTS_REWARDS_EXCLUDE','2011-08-13 09:45:13'),(5421,'TXT_POINTS_REWARDS_OPINION','2011-08-13 09:45:13'),(5422,'TXT_POINTS_REWARDS_OPINION_ENABLE','2011-08-13 09:45:13'),(5423,'TXT_POINTS_REWARDS_ORDERS','2011-08-13 09:45:13'),(5424,'TXT_POINTS_REWARDS_ORDERS_ENABLE','2011-08-13 09:45:13'),(5425,'TXT_POINTS_REWARDS_ORDERS_INCLUDE_SHIPPING','2011-08-13 09:45:13'),(5426,'TXT_POINTS_REWARDS_ORDERS_INCLUDE_SHIPPING_HELP','2011-08-13 09:45:13'),(5427,'TXT_POINTS_REWARDS_ORDERS_INCLUDE_TAX','2011-08-13 09:45:13'),(5428,'TXT_POINTS_REWARDS_ORDERS_INCLUDE_TAX_HELP','2011-08-13 09:45:13'),(5429,'TXT_POINTS_REWARDS_ORDER_POINTS_VALUE','2011-08-13 09:45:13'),(5430,'TXT_POINTS_REWARDS_POINTS_VALUE','2011-08-13 09:45:13'),(5431,'TXT_POINTS_REWARDS_REDEEM','2011-08-13 09:45:13'),(5432,'TXT_POINTS_REWARDS_REFERRAL','2011-08-13 09:45:13'),(5433,'TXT_POINTS_REWARDS_REFERRAL_ENABLE','2011-08-13 09:45:13'),(5434,'TXT_POINTS_REWARDS_REGISTRATION','2011-08-13 09:45:13'),(5435,'TXT_POINTS_REWARDS_REGISTRATION_ENABLE','2011-08-13 09:45:13'),(5436,'TXT_POINTS_REWARDS_REGISTRY','2011-08-13 09:45:13'),(5437,'TXT_POINTS_REWARDS_REGISTRY_BOX','2011-08-13 09:45:13'),(5438,'TXT_POINTS_REWARDS_SETTINGS','2011-08-13 09:45:13'),(5439,'TXT_POINTS_REWARDS_TAGS','2011-08-13 09:45:13'),(5440,'TXT_POINTS_REWARDS_TAGS_ENABLE','2011-08-13 09:45:13'),(5441,'TXT_POINTS_SPENT','2011-08-13 09:45:13'),(5442,'TXT_POINTS_STATUS','2011-08-13 09:45:13'),(5443,'TXT_POINTS_TO_REDEEM','2011-08-13 09:45:13'),(5444,'TXT_POINTS_TYPE','2011-08-13 09:45:13'),(5445,'TXT_PRIVATE_AUCTION','2011-08-13 09:45:13'),(5446,'TXT_PROMOTE_AUCTION_BY_HIGHLIGHT','2011-08-13 09:45:13'),(5447,'TXT_PROMOTE_AUCTION_BY_THUMBNAIL','2011-08-13 09:45:13'),(5448,'TXT_PROMOTE_AUCTION_MAIN_PAGe','2011-08-13 09:45:13'),(5449,'TXT_PROMOTE_AUCTION_ON_CATEGORY_PANE','2011-08-13 09:45:13'),(5450,'TXT_QTY_INFO','2011-08-13 09:45:13'),(5451,'TXT_RENEWABLE_AUCTION','2011-08-13 09:45:13'),(5452,'TXT_SHOP_AUCTION','2011-08-13 09:45:13'),(5453,'TXT_SOLD_AUCTIONS','2011-08-13 09:45:13'),(5454,'TXT_SOLD_AUCTIONS_LIST','2011-08-13 09:45:13'),(5455,'TXT_STARTING_TIME_AUCTION','2011-08-13 09:45:13'),(5456,'TXT_STARTING_TIME_INFO','2011-08-13 09:45:13'),(5457,'TXT_TICKET_ADD','2011-08-13 09:45:13'),(5458,'TXT_URL_WSDL','2011-08-13 09:45:13'),(5459,'TXT_USER_NOTE_AUCTION','2011-08-13 09:45:13'),(5460,'TXT_USE_COUPON_FOR_ORDER','2011-08-13 09:45:13'),(5461,'TXT_USE_POINTS_FOR_ORDER','2011-08-13 09:45:13'),(5462,'TXT_MIGRATION','2011-08-15 20:27:40'),(5463,'TXT_PACKAGE','2011-08-18 18:30:53'),(5464,'TXT_OFFLINE_MODE','2011-08-19 10:09:53'),(5465,'TXT_OFFLINE_INSTRUCTION','2011-08-19 10:19:28'),(5466,'TXT_PAYMENT_CONFIGURATION_VIEW','2011-08-19 10:29:26'),(5467,'TXT_PRODUCT_QUOTE','2011-08-19 12:27:51'),(5468,'TXT_REQUEST_QUOTE','2011-08-19 12:36:53'),(5469,'TXT_DEFAULT_ORDER_COMMENT','2011-08-21 19:58:24'),(5470,'TXT_LANGUAGE_DATA','2011-08-23 14:02:17'),(5471,'TXT_LAYOUT_BOX_LIST','2011-08-23 14:02:28'),(5472,'TXT_VIEW_ORDER_FILES','2011-08-23 14:04:45'),(5473,'TXT_VIEW_REPORT','2011-08-23 14:04:57'),(5474,'TXT_VIEW_THUMB','2011-08-23 14:05:07'),(5475,'TXT_WRONG_EMAIL','2011-08-23 14:06:02'),(5476,'ERR_PROBLEM_DURING_AJAX_EXECUTION','2011-08-25 09:32:52'),(5477,'TXT_DEEPTH','2011-08-25 17:41:06'),(5478,'TXT_GEKOLAB_SETTINGS','2011-08-26 13:36:32'),(5479,'TXT_GEKOLAB_KEY','2011-08-26 13:36:46'),(5480,'TXT_PREV_ORDER','2011-08-31 21:03:33'),(5481,'TXT_NEXT_ORDER','2011-08-31 21:03:44'),(5482,'TXT_FACEBOOK_APP_ID','2011-09-09 11:49:52'),(5483,'TXT_FACEBOOK_SECRET','2011-09-09 11:50:08'),(5484,'TXT_LOGIN_WITH_FACEBOOK','2011-09-09 17:00:56'),(5485,'TXT_REGISTER_WITH_FACEBOOK','2011-09-10 09:46:08'),(5486,'TXT_NET_PRICE','2011-09-12 17:53:54'),(5487,'TXT_MEASURE_QTY','2011-09-12 20:54:20'),(5488,'TXT_MEASURE_M2','2011-09-12 20:54:30'),(5489,'TXT_FACEBOOK_LIKE_BOX','2011-09-14 09:42:47'),(5490,'TXT_AVAILABLITY','2011-09-18 21:26:16'),(5491,'TXT_IN_STOCK','2011-09-18 21:27:17'),(5492,'TXT_OUT_OF_STOCK','2011-09-18 21:27:36'),(5493,'TXT_WRITE_REVIEW','2011-09-18 22:50:09'),(5494,'TXT_NEWS_SUMMARY','2011-09-23 11:01:55'),(5495,'TXT_READ_MORE','2011-09-23 11:07:39'),(5496,'TXT_REGISTRATION_DISABLED_HELP','2011-10-08 22:37:42'),(5497,'TXT_REGISTRATION_SETTINGS','2011-10-08 22:43:40'),(5498,'TXT_ENABLE_REGISTRATION','2011-10-08 22:43:55'),(5499,'TXT_ENABLE_REGISTRATION_HELP','2011-10-08 22:44:19'),(5500,'TXT_REGISTRATION_CONFIRM','2011-10-08 22:44:33'),(5501,'TXT_REGISTRATION_CONFIRM_HELP','2011-10-08 22:45:24'),(5502,'TXT_FORCE_CLIENT_LOGIN_HELP','2011-10-09 12:46:14'),(5503,'TXT_ADMIN_NEWS','2011-10-09 15:44:50'),(5504,'TXT_INVOICES','2011-10-19 10:16:44'),(5505,'TXT_EXPORT_SELECTED','2011-10-19 10:19:49'),(5506,'ERR_EMPTY_INVOICES_SELECTED_LIST','2011-10-19 10:20:42'),(5507,'TXT_PRODUCT_SHIPPING_DATA_HELP','2011-10-21 10:04:48'),(5508,'TXT_PRODUCT_SHIPPING_DATA','2011-10-21 10:06:29'),(5509,'TXT_PRODUCT_SHIPPING_COST','2011-10-21 10:07:03'),(5510,'TXT_SHIPPING_STOCK_SETTINGS','2011-10-21 10:11:55'),(5511,'TXT_CLEAR_PARENT_CATEGORY','2011-10-24 21:53:35'),(5512,'TXT_SSL_HELP','2011-10-27 22:58:22'),(5513,'TXT_ENABLE_SSL','2011-10-27 22:58:37'),(5514,'TRANS_OPINIONS_QTY','2011-11-05 17:40:49'),(5515,'TXT_VIEW_GRID','2011-11-07 09:05:34'),(5516,'TXT_VIEW_LIST','2011-11-07 09:05:44'),(5518,'ERR_BIND_PRODUCT_ORDER','2011-11-28 13:09:16'),(5519,'TXT_ACTIVATION_REQUIRED','2011-12-19 11:33:09'),(5520,'TXT_ACTIVATE_CLIENT_ACCOUNT','2011-12-19 11:35:37'),(5521,'TXT_TEMPLATE_EDITOR','2012-04-15 09:55:23'),(5522,'TXT_NO_SHIPPING_FOR_THIS_COUNTRY','2012-04-16 11:02:59'),(5523,'ERR_ORDERSTATUS_USED_IN_ORDERS','2012-04-23 12:37:17'),(5524,'TXT_ORDER_NOTE','2012-04-28 11:08:34'),(5525,'TXT_ORDER_NOTES_EMPTY','2012-04-28 11:08:49'),(5526,'TXT_CLIENT_NOTE','2012-04-28 11:10:20'),(5527,'TXT_CLIENT_NOTES_EMPTY','2012-04-28 11:10:31'),(5528,'TXT_CLIENT_ORDER_HISTORY','2012-04-28 11:11:05'),(5529,'TXT_EMPTY_ORDER_LIST','2012-04-28 12:24:10'),(5530,'TXT_INTEGRATION_WHITELIST','2012-04-28 13:26:44'),(5532,'TXT_EMPTY_SEARCH_RESULTS','2012-04-29 18:52:00'),(5533,'TXT_TEMPLATE_INFO','2012-04-30 20:49:33'),(5534,'TXT_PROGRESS','2012-05-01 20:38:25'),(5535,'TXT_SENDING','2012-05-01 20:39:38'),(5536,'TXT_PAGESCHEME','2012-05-13 15:50:01'),(5537,'ERR_DELETE_ONLY_VIEW','2012-05-21 17:27:22'),(5538,'ERR_DELETE_ONLY_VAT','2012-05-21 17:47:25'),(5539,'TXT_ORDER_HISTORY_EMPTY','2012-05-21 22:23:25'),(5540,'TXT_VIEW_CATEGORY_EMPTY_INSTRUCTION','2012-05-21 22:48:49'),(5541,'TXT_MAIN_CATEGORIES_BOX','2012-05-21 23:49:35'),(5542,'TXT_CUSTOM_PRODUCT_LIST_BOX','2012-05-21 23:49:50'),(5543,'TXT_INTEGRATION_WHITELIST_HELP','2012-05-22 00:22:16'),(5544,'TXT_ADVANCED','2012-05-24 10:55:38'),(5545,'TXT_SHOW_IN_SHOP','2012-05-25 15:27:03'),(5546,'TXT_ADD_PRODUCT_NEW','2012-05-26 22:15:42'),(5547,'TXT_EXPORT','2012-05-27 22:09:55'),(5548,'TXT_TECHNICAL_DATASET_NAME','2012-06-05 12:59:12'),(5549,'TXT_EMPTY_TECHNICAL_DATA','2012-06-09 23:36:57'),(5550,'TXT_ADD_TECHNICAL_DATA_SET','2012-06-09 23:38:08'),(5551,'TXT_ENTER_NEW_TECHNICAL_DATASET_NAME','2012-06-09 23:39:03'),(5552,'TXT_ADDITIONAL_META','2012-06-10 00:23:16'),(5553,'ERR_EMPTY_PAGESCHEME','2012-06-10 01:11:13'),(5554,'ERR_EMPTY_MAIL_FROMNAME','2012-06-10 01:11:41'),(5555,'ERR_EMPTY_MAIL_FROMEMAIL','2012-06-10 01:11:56'),(5556,'TXT_ADD_ATTRIBUTE_DATA_SET','2012-06-10 18:09:00'),(5557,'TXT_INSTANCE_MANAGER','2012-06-10 19:46:07'),(5558,'TXT_ORDER_DETAILS','2012-06-24 12:01:06'),(5559,'TXT_DOWNLOAD_INVOICE','2012-06-24 12:42:46'),(5560,'TXT_ORDER_INVOICE_LIST','2012-06-24 12:47:13'),(5561,'TXT_CART_PRODUCT_ADDED','2012-06-24 15:52:33'),(5562,'TXT_GOTO_CART','2012-06-24 15:58:09'),(5563,'TXT_PRODUCT_IS_AVAILABLE','2012-06-24 16:39:36'),(5564,'TXT_CONDITIONS_AND_NEWSLETTER','2012-06-26 22:13:25'),(5565,'Contact form','2012-07-01 00:15:52'),(5566,'Status symbol','2012-07-01 17:59:26'),(5567,'New product','2012-07-01 18:23:11'),(5568,'ERR_NEWSLETTER_PRIVACY','2012-07-02 16:23:04'),(5569,'Close','2012-07-07 15:30:01'),(5570,'Save changes','2012-07-07 15:30:11'),(5571,'TXT_ATTRIBUTE_GROUP_LIST','2012-07-07 15:42:53'),(5572,'TXT_PRODUCT_PROMOTIONS','2012-07-07 15:42:53'),(5573,'TXT_SALES_STATS','2012-07-07 15:42:53'),(5574,'TXT_PRICE_COMPARISONS','2012-07-07 15:42:53'),(5575,'TXT_RULESCART','2012-07-07 15:42:53'),(5576,'TXT_ORDER_SAVED','2012-07-07 15:42:53'),(5577,'TXT_RELATED_TOOLS','2012-07-07 15:42:53'),(5578,'TXT_CONTROLLERSEO_LIST','2012-07-07 15:42:53'),(5579,'TXT_BUYALSO_STATS','2012-07-07 15:42:53'),(5580,'TXT_PRODUCT_STATS','2012-07-07 15:42:53'),(5581,'TXT_CROSSSELL_LIST','2012-07-07 15:42:53'),(5582,'TXT_DISPATCHMETHOD_WEIGHT_TABLE_PRICE','2012-07-07 15:42:53'),(5583,'TXT_PAYMENT_METHODS','2012-07-07 15:42:53'),(5584,'TXT_TEMPLATE_LIBRARY','2012-07-07 15:42:53'),(5585,'TXT_ADD_PLUGIN','2012-07-07 15:42:53'),(5586,'TXT_STORE_SETTINGS','2012-07-07 15:42:53'),(5587,'TXT_ADD_ORDER','2012-07-07 15:42:53'),(5588,'TXT_FAST_TOOLS','2012-07-07 15:42:53'),(5589,'TXT_SHOW_CLIENTS','2012-07-07 15:42:54'),(5590,'TXT_CHECK_ORDERS','2012-07-07 15:42:54'),(5591,'TXT_ADD_SHIPMENT','2012-07-07 15:42:54'),(5592,'TXT_VIEW_ORDER_SHIPMENTS','2012-07-07 15:42:54'),(5593,'TXT_ORDER_STATUS_GROUPS_EDIT','2012-07-07 15:42:54'),(5594,'TXT_SHIPPING_METHODS','2012-07-07 15:42:54'),(5595,'TXT_SHIPPING_METHDOS','2012-07-07 15:42:54'),(5596,'TXT_VARIANTS','2012-07-07 15:42:54'),(5597,'TXT_CLIENT_GROUPS','2012-07-07 15:42:54'),(5598,'TXT_EMPTY_DISPATCHMETHODS','2012-07-07 15:42:54'),(5599,'TXT_EMPTY_PAYMENTMETHODS','2012-07-07 15:42:54'),(5600,'TXT_NEW_RULES_CART','2012-07-07 15:42:54'),(5601,'TXT_SHIPMENTS','2012-07-07 15:42:54'),(5602,'TXT_CHANGE_ORDER_STATUS','2012-07-07 15:42:54'),(5603,'TXT_COD_AMOUNT','2012-07-07 15:42:54'),(5604,'TXT_NOTIFY_USER','2012-07-07 15:42:54'),(5605,'TXT_SHIPMENT','2012-07-07 15:42:54'),(5606,'TXT_SHIPMENT_ADDED_TO_ORDER','2012-07-07 15:42:54'),(5607,'TXT_SHIPMENT_AMOUNT','2012-07-07 15:42:54'),(5608,'TXT_SHIPMENT_DATE','2012-07-07 15:42:54'),(5609,'TXT_SHIPMENT_DISPATCHER_NUMBER','2012-07-07 15:42:54'),(5610,'TXT_SHIPMENT_NUMBER','2012-07-07 15:42:54'),(5611,'TXT_SHIPMENT_WEIGHT','2012-07-07 15:42:55'),(5612,'TXT_STATUS_NO_CHANGE','2012-07-07 15:42:55'),(5613,'TXT_AMOUNT','2012-07-07 15:42:55'),(5614,'TXT_DISPATCHER_NAME','2012-07-07 15:42:55'),(5615,'TXT_DISPATCHER_NUMBER','2012-07-07 15:42:55'),(5616,'TXT_SEND_SELECTED','2012-07-07 15:42:55'),(5617,'TXT_SHIPMENT_EXPORT','2012-07-07 15:42:55'),(5618,'TXT_SHIPMNET_SYMBOL','2012-07-07 15:42:55'),(5619,'TXT_ACCEPT_SUPERPACZKA_AGREEMENT','2012-07-07 15:42:55'),(5620,'TXT_COD_VALUE','2012-07-07 15:42:55'),(5621,'TXT_DIMENSION','2012-07-07 15:42:55'),(5622,'TXT_GOTO_PAYMENTS','2012-07-07 15:42:55'),(5623,'TXT_IMPORTANT','2012-07-07 15:42:55'),(5624,'TXT_MUST_AGREE_SUPERPACZKA','2012-07-07 15:42:55'),(5625,'TXT_ORDER_ID','2012-07-07 15:42:55'),(5626,'TXT_READ_ABOUT_PACKAGES','2012-07-07 15:42:55'),(5627,'TXT_SEND_ORDER_SHIPMENTS','2012-07-07 15:42:55'),(5628,'TXT_SHIPMENTS_INVOICED_DEALED_BY_SUPERPACZKA','2012-07-07 15:42:55'),(5629,'TXT_SHIPMENT_ID','2012-07-07 15:42:55'),(5630,'TXT_SHIPMENT_PACKAGING','2012-07-07 15:42:55'),(5631,'TXT_SHIPMENT_PRICE','2012-07-07 15:42:55'),(5632,'TXT_SHIPMENT_SUPERPACZKA_AGREEMENT','2012-07-07 15:42:55'),(5633,'TXT_SHIPMENT_WITH_SUPERPACZKA','2012-07-07 15:42:55'),(5634,'TXT_PACKAGE_CONTENT','2012-07-07 15:42:55'),(5635,'TXT_SHIPMENT_DEEP','2012-07-07 15:42:55'),(5636,'TXT_SHIPMENT_HEIGHT','2012-07-07 15:42:56'),(5637,'TXT_SHIPMENT_NOT_SELECTED','2012-07-07 15:42:56'),(5638,'TXT_SHIPMENT_WIDTH','2012-07-07 15:42:56'),(5639,'TXT_SIMILARPRODUCT_LIST','2012-07-07 15:42:56'),(5640,'TXT_NEWS_LIST','2012-07-07 15:42:56'),(5641,'TXT_SITMAPS_LIST','2012-07-07 15:42:56'),(5642,'TXT_SPY_LIST','2012-07-07 15:42:56'),(5643,'TXT_SEND_NOTIFICATION','2012-07-07 15:42:56'),(5644,'TXT_TRANSMAIL_FOOTERS_LIST','2012-07-07 15:42:56'),(5645,'TXT_ORDERED_PRODUCTS','2012-07-07 15:42:56'),(5646,'TXT_FOR_ORDER','2012-07-07 15:42:56'),(5647,'TXT_SHIPMENT_NUMERATION','2012-07-07 15:42:56'),(5648,'TXT_EMPTY_INVOICE_LIST','2012-07-07 16:32:04'),(5649,'TXT_CLIENT_TYPE','2012-07-07 18:22:13'),(5650,'TXT_RULESCART_GET_FREE_SHIPPING','2012-07-14 11:31:12'),(5651,'TXT_CONTENTCATEGORY_REDIRECT','2012-07-14 13:40:57'),(5652,'TXT_PASSWORD_RESET_HELP','2012-07-15 11:58:31'),(5653,'TXT_CONFIRM_ORDER_DATA','2012-07-16 22:00:41'),(5654,'TXT_CHECKOUT_CREATE_ACCOUNT','2012-07-16 22:06:03'),(5655,'TXT_OTHER_DELIVERY_ADRESS','2012-07-16 22:09:51'),(5656,'TXT_CHECKOUT_STEP1','2012-07-17 11:51:35'),(5657,'TXT_CHECKOUT_STEP2','2012-07-17 11:52:46'),(5658,'TXT_CHECKOUT_STEP3','2012-07-17 11:52:55'),(5659,'TXT_CHECKOUT_ADDRESS_DATA','2012-07-17 11:54:00'),(5660,'TXT_CHECKOUT_SUMMARY','2012-07-17 11:54:21'),(5661,'TXT_CHECKOUT_PAYMENT','2012-07-17 11:59:31'),(5662,'TXT_CONTACT_SENT','2012-07-17 12:36:56'),(5663,'TXT_CONTACT_DATA','2012-07-17 14:17:37'),(5664,'TXT_INVOICE_DATA','2012-07-17 14:19:51'),(5665,'TXT_CLOSE','2012-07-17 14:20:07'),(5666,'TXT_SAVE_CHANGES','2012-07-17 14:20:17'),(5667,'TXT_CLIENT_OPINION_ADDED','2012-07-17 23:01:07'),(5668,'TXT_GUEST_OPINION_ADDED','2012-07-17 23:01:22'),(5669,'TXT_CHECKOUT_BOX','2012-07-18 00:46:39'),(5670,'TXT_CLIENT_ACCOUNT_BOX','2012-07-18 00:46:59'),(5671,'TXT_PRODUCT_DESCRIPTION_BOX','2012-07-18 00:47:21'),(5672,'TXT_ACCEPT_TERMS_AND_POLICY_OF_PRIVATE','2012-07-19 22:25:47'),(5673,'TXT_NEWSLETTER_SIGNUP','2012-07-19 22:34:09'),(5674,'TXT_OPINIONS_QTY0','2012-07-19 23:53:20'),(5675,'TXT_OPINIONS_QTY1','2012-07-19 23:53:44'),(5676,'TXT_OPINIONS_QTY2','2012-07-19 23:54:12'),(5677,'TXT_OPINIONS_QTY3','2012-07-19 23:54:29'),(5678,'ERR_EMPTY_SHORT_COMPANY_NAME','2012-07-20 02:17:34'),(5679,'TXT_CMS_MENU_BOX','2012-07-20 13:30:50'),(5680,'TXT_NEWSLETTER_CONDITIONS','2012-07-20 23:35:56'),(5681,'TXT_NEWSLETTER_ACCEPT','2012-07-20 23:36:42'),(5682,'TXT_SIGNUP','2012-07-20 23:37:17'),(5683,'TXT_NEWSLETTER_INFO','2012-07-20 23:39:44'),(5684,'TXT_NEWSLETTER_ACCEPT_CONDITIONS','2012-07-20 23:59:11'),(5685,'ERR_EMAIL_NOT_EXISTS','2012-07-21 00:10:25'),(5686,'TXT_PASSWORD_CHANGED','2012-07-21 00:23:16'),(5687,'TXT_PRODUCT_DRAFT','2012-07-21 00:39:17'),(5688,'TXT_USER_PASSWORD_INFO','2012-07-21 12:19:42'),(5689,'ERR_DATEFROM_GREATER_THAN_DATETO','2012-07-21 13:46:15'),(5690,'TXT_GOOGLEAPPS_DATA','2012-07-21 14:18:22'),(5691,'TXT_GOOGLEAPPS_TAG','2012-07-21 14:18:42'),(5692,'TXT_GOOGLEAPPS_FILE','2012-07-21 14:18:54'),(5693,'TXT_DEFAULT_VIEW_CURRENCY','2012-07-21 18:23:29'),(5694,'ERR_EMPTY_CURRENCY_DECIMAL_SEPARATOR','2012-07-21 20:09:28'),(5695,'ERR_EMPTY_CURRENCY_DECIMAL_COUNT','2012-07-21 20:09:41'),(5696,'TXT_SLIDESHOW','2012-07-21 22:01:26'),(5697,'TXT_PLAY','2012-07-21 22:01:50'),(5698,'TXT_PREVIOUS_PHOTO','2012-07-21 22:02:25'),(5699,'TXT_NEXT_PHOTO','2012-07-21 22:02:32'),(5700,'TXT_AVAILABLE','2012-07-21 22:27:50'),(5701,'TXT_NOT_AVAILABLE','2012-07-21 22:28:01'),(5702,'TXT_SUBSTITUTED_SERVICE_SEND','2012-07-21 23:31:11'),(5703,'TXT_VIRTUALPRODUCT','2012-07-21 23:32:12'),(5704,'TXT_SENDNEWSLETTER','2012-07-21 23:34:41'),(5705,'TXT_CONTROLLER_SUBSTITUTEDSERVICESEND','2012-07-21 23:36:25'),(5706,'ERR_DUPLICATE_GROUP_NAME','2012-07-21 23:41:04'),(5707,'TXT_ADMIN_ACCOUNT','2012-07-22 00:05:49'),(5708,'TXT_DEFAULT_CONTACT','2012-07-22 17:10:51'),(5709,'TXT_DISABLEATSTOCK','2012-07-23 10:46:40'),(5710,'TXT_SHIPMENT_SEND','2012-07-24 10:44:51'),(5711,'ERR_EMPTY_INVOICE_NUMBER','2012-07-24 10:44:51'),(5712,'ERR_EMPTY_SHIPMENT_DIMENSION','2012-07-24 10:44:51'),(5713,'ERR_EMPTY_SHIPMENT_SELECTED_LIST','2012-07-24 10:44:51'),(5714,'TXT_CLIENTGROUP','2012-07-24 10:44:51'),(5715,'ERR_EMPTY_STOCK','2012-07-24 10:44:51'),(5716,'TXT_CONTROLLER_PRODUCERLIST','2012-07-24 16:37:28'),(5717,'TXT_GALLERY_BGCOLOUR','2012-07-25 13:40:19'),(5718,'TXT_INTEGRATION_PRZELEWY24','2012-07-25 13:40:19'),(5719,'TXT_INTEGRATION_TRNSFERUJ','2012-07-25 13:40:19'),(5720,'TXT_REDIRECT_TYPE','2012-07-26 15:47:50'),(5721,'TXT_REDIRECT_NONE','2012-07-26 15:48:01'),(5722,'TXT_REDIRECT_INTERNAL','2012-07-26 15:48:19'),(5723,'TXT_REDIRECT_EXTERNAL','2012-07-26 15:48:32'),(5724,'TXT_REDIRECT_INTERNAL_URL','2012-07-26 15:48:57'),(5725,'TXT_REDIRECT_EXTERNAL_URL','2012-07-26 15:49:14'),(5726,'ERR_LOW_OF_STOCK','2012-07-26 18:59:55'),(5727,'TXT_LAYOUT_BOX_DELETE','2012-07-27 16:01:06'),(5728,'ERR_EMPTY_ORDER_ID','2012-07-27 17:00:22'),(5729,'TXT_REMOVE_SUBSCRIPTION','2012-07-29 11:29:02'),(5730,'ERR_CANNOT_INCREMENT_STOCK','2012-07-29 15:40:17'),(5731,'TXT_SETTINGS_SAVED','2012-07-29 22:23:18'),(5732,'TXT_KEYWORDS_HELP','2012-08-02 22:03:21'),(5733,'ERR_EMPTY_SALES_PERSON','2012-08-03 00:43:58'),(5734,'ERR_EMPTY_CONTACT_CONTENT','2012-08-03 13:35:35'),(5735,'TXT_PRODUCT_DUPLICATED','2012-08-06 16:55:27'),(5736,'TXT_DOWNLOAD_FILE','2012-08-06 21:43:24'),(5737,'ERR_EMPTY_COUPON_CODE','2012-08-06 22:16:25'),(5738,'TXT_GALLERY_LARGE_IMAGE_SETTINGS','2012-08-09 23:43:37'),(5739,'TXT_OPINIONS_QTY','2012-08-09 23:43:37'),(5740,'TXT_GALLERY_SMALLEST_IMAGE_SETTINGS','2012-08-18 11:40:43'),(5741,'TXT_RETURN_TO_PREVIOUS_SCREEN','2012-08-20 21:48:11'),(5742,'TXT_SHIPMENT_TYPE','2012-08-20 21:57:54'),(5743,'ERR_EMPTY_SHIPMENT_TYPE','2012-08-20 21:57:54'),(5744,'TXT_COLLECTIONS_LIST','2012-08-21 00:15:00'),(5745,'TXT_COLLECTIONS','2012-08-21 00:15:00'),(5746,'TXT_COLLECTION','2012-08-21 00:15:00'),(5747,'TXT_ADD_COLLECTION','2012-08-21 00:15:00'),(5748,'TXT_EDIT_COLLECTION','2012-08-21 13:57:46'),(5749,'ERR_EMPTY_SEO_URL','2012-08-21 13:57:46'),(5750,'ERR_PRODUCER_ADD','2012-08-21 13:57:46'),(5751,'ERR_PRODUCER_SAVE','2012-08-21 13:57:46'),(5752,'ERR_PRODUCER_TRANSLATION_EDIT','2012-08-21 13:57:46'),(5753,'ERR_PRODUCER_VIEW_EDIT','2012-08-21 13:57:46'),(5754,'TXT_AUTOLOGIN','2012-08-23 22:31:13'),(5755,'TXT_DEFAULT_ORDER_SMS_COMMENT','2012-08-24 00:36:46'),(5756,'TXT_VIEW_ORDER_CHANGE_INFORM_CLIENT_SMS','2012-08-24 00:39:03'),(5757,'TXT_VIEW_ORDER_CHANGE_COMMENT_SMS','2012-08-24 00:40:00'),(5758,'TXT_LAST_OPINIONS','2012-08-24 13:46:11'),(5759,'TXT_AUTO_ASSIGN','2012-08-25 14:15:50'),(5760,'TXT_PACKAGE_SIZE','2012-08-27 00:00:36'),(5761,'TXT_PACKAGE_SIZE_HELP','2012-08-27 00:00:39'),(5762,'ERR_EMPTY_PACKAGE_SIZE','2012-08-27 00:02:31'),(5763,'TXT_DELETE_CART_RULE','2012-08-29 11:31:59'),(5764,'ERR_VALUE_ALREADY_EXISTS','2012-08-29 20:46:32'),(5765,'TXT_DISABLEATSTOCK_ENABLE','2012-09-10 11:49:06'),(5766,'TXT_EXCHANGE_IMPORT_PROFILES','2012-09-10 20:40:42'),(5767,'TXT_EXCHANGE_EXPORT_PROFILES','2012-09-10 20:40:42'),(5768,'TXT_EXCHANGE_PROFILE_NAME','2012-09-10 20:40:42'),(5769,'TXT_EXCHANGE_PROFILE_TYPE','2012-09-10 20:40:42'),(5770,'TXT_EXCHANGE_SOURCE','2012-09-10 20:40:42'),(5771,'TXT_EXCHANGE_INTERVAL','2012-09-10 20:40:43'),(5772,'TXT_EXCHANGE_LOCAL_FILE','2012-09-10 20:40:43'),(5773,'TXT_EXCHANGE_REMOTE_FILE','2012-09-10 20:40:43'),(5774,'TXT_EXCHANGE_DISPOSABLE','2012-09-10 20:40:43'),(5775,'TXT_EXCHANGE_PERIODICALLY','2012-09-10 20:40:43'),(5776,'TXT_EXCHANGE_PROFILE_PATTERN','2012-09-10 20:40:43'),(5777,'TXT_EXCHANGE_CATEGORY_SEPARATOR','2012-09-10 20:40:43'),(5778,'TXT_DEFAULT_VAT','2012-09-10 23:21:51'),(5779,'TXT_ENABLE_GIFTWRAP','2012-09-13 22:37:22'),(5780,'TXT_GIFTWRAP','2012-09-13 22:37:22'),(5781,'TXT_GIFTWRAP_PRODUCT','2012-09-13 22:37:22'),(5782,'TXT_EXCHANGE_ADD_NEW_PROFILE','2012-09-18 10:23:05'),(5783,'TXT_EXCHANGE_EXISTING_PROFILE','2012-09-18 10:23:05'),(5784,'TXT_SYNC','2012-09-25 16:12:06'),(5785,'TXT_EXCHANGE_CENTER','2012-10-11 17:37:22'),(5786,'TXT_IMPORT_EXPORT','2012-10-11 17:37:22'),(5787,'TXT_IMPORT','2012-10-11 17:37:22'),(5788,'TXT_LAST_EXECUTION','2012-10-11 17:37:22'),(5789,'TXT_EXECUTE','2012-10-11 17:37:22'),(5790,'TXT_EXCHANGE_ADD_OPERATION','2012-10-11 17:37:22'),(5791,'TXT_EDIT_EXCHANGE','2012-10-11 17:37:22'),(5792,'TXT_EXTENDED_EXCHANGE','2012-10-11 17:37:22'),(5793,'TXT_BASIC_EXCHANGE','2012-10-11 17:37:22'),(5794,'TXT_CLIENTS_INCREMENTALLY','2012-10-11 17:37:23'),(5795,'TXT_ORDERS_INCREMENTALLY','2012-10-11 17:37:23'),(5796,'ERR_EMPTY_ADMIN_PANEL_LINK','2012-10-26 17:21:29'),(5797,'TXT_ADDITIONAL_PHONE','2012-10-26 17:21:29'),(5798,'TXT_QUICK_UPDATE_ADVANCED','2012-10-26 17:21:30'),(5799,'ERR_EMPTY_MAIL_SERVER','2012-10-26 17:21:30'),(5800,'ERR_EMPTY_MAIL_SERVER_PORT','2012-10-26 17:21:30'),(5801,'TXT_COUPON_EXCLUDE_PROMOTIONS','2012-11-28 15:54:21'),(5802,'TXT_COUPON_EXCLUDE_PROMOTIONS_HELP','2012-11-28 15:54:21'),(5803,'TXT_EXCHANGE_CATEGORYSEPARATOR','2012-11-28 15:54:21'),(5804,'ERR_DELETE_ONLY_STORE','2012-11-28 15:54:22'),(5805,'ERR_BIND_ATTRIBUTE_VALUE','2013-01-11 11:09:23'),(5806,'TXT_GENERATE_COUPONS','2013-01-11 11:09:23'),(5807,'TXT_EXPORT_COUPONS','2013-01-11 11:09:23'),(5808,'ERR_CODE_ALREADY_EXISTS','2013-01-11 11:09:23'),(5809,'TXT_LOGS','2013-01-11 11:09:23'),(5810,'TXT_EXCHANGE_MANUAL_CALL','2013-01-11 11:09:23');
DROP TABLE IF EXISTS `translationdata`;
/*!40101 SET @saved_cs_client     = @@character_set_client */;
/*!40101 SET character_set_client = utf8 */;
CREATE TABLE `translationdata` (
  `idtranslationdata` int(10) unsigned NOT NULL AUTO_INCREMENT,
  `translation` text NOT NULL,
  `translationid` int(10) unsigned NOT NULL,
  `languageid` int(10) unsigned NOT NULL,
  PRIMARY KEY (`idtranslationdata`),
  UNIQUE KEY `UNIQUE_translation_translation_translationid_languageid` (`translationid`,`languageid`),
  KEY `FK_translationdata_languageid` (`languageid`),
  KEY `FK_translationdata_translationid` (`translationid`),
  CONSTRAINT `FK_translationdata_languageid` FOREIGN KEY (`languageid`) REFERENCES `language` (`idlanguage`) ON DELETE CASCADE ON UPDATE NO ACTION,
  CONSTRAINT `FK_translationdata_translationid` FOREIGN KEY (`translationid`) REFERENCES `translation` (`idtranslation`) ON DELETE CASCADE ON UPDATE NO ACTION
) ENGINE=InnoDB AUTO_INCREMENT=97657 DEFAULT CHARSET=utf8;
/*!40101 SET character_set_client = @saved_cs_client */;

INSERT INTO `translationdata` (`idtranslationdata`, `translation`, `translationid`, `languageid`) VALUES (4,'Zamówienia',4,1),(5,'Użytkownicy',5,1),(6,'Konfiguracja',6,1),(7,'CMS',7,1),(12,'E-mail',12,1),(13,'Imię i nazwisko',13,1),(14,'Nazwisko',14,1),(15,'Imię',16,1),(17,'Treść',20,1),(18,'Tytuł',22,1),(19,'Autor',23,1),(20,'Data publikacji',24,1),(21,'Data zakończenia publikacji',25,1),(22,'Opublikowano',26,1),(23,'Nie opublikowano',28,1),(24,'Dodaj',29,1),(25,'Zaznacz wszystko',30,1),(26,'Usuń',32,1),(27,'Treść',34,1),(28,'Dodawanie nowego newsa',36,1),(29,'Edytuj',38,1),(30,'Dodawanie nowego użytkownika',39,1),(31,'Dane użytkownika',40,1),(32,'Edycja użytkownika',41,1),(33,'Edycja newsa',42,1),(35,'Nazwa grupy',46,1),(36,'Edycja grupy',47,1),(37,'Dodawanie nowej grupy',48,1),(38,'Opis',49,1),(39,'ID',50,1),(40,'Lista użytkowników',51,1),(41,'Grupa',52,1),(42,'Poniedziałek',53,1),(43,'Wtorek',54,1),(44,'Środa',55,1),(45,'Czwartek',56,1),(46,'Piątek',57,1),(47,'Sobota',58,1),(48,'Niedziela',59,1),(49,'Data',60,1),(50,'Godzina',61,1),(51,'Zalogowany użytkownik',62,1),(52,'Strona główna sklepu',63,1),(54,'Uprawnienia grupy',65,1),(60,'Kontroler',73,1),(62,'Opcje',78,1),(63,'Uprawnienia grupy',79,1),(65,'Edycja klienta',81,1),(66,'Nazwa',82,1),(67,'Lista klientów',83,1),(68,'Dodawanie nowego klienta',84,1),(69,'Ulica',85,1),(70,'nr',86,1),(71,'Kod pocztowy',87,1),(72,'Miejscowość',88,1),(73,'Nazwa firmy',89,1),(74,'Regon',90,1),(75,'NIP',91,1),(76,'Telefon',92,1),(78,'Newsletter',94,1),(79,'Podatek VAT',95,1),(80,'Zaloguj się',96,1),(81,'Hasło',97,1),(82,'Przypomnij hasło',98,1),(83,'Grupy klientów',99,1),(84,'Grupy użytkowników',100,1),(85,'Grupy',102,1),(86,'Lista klientów',103,1),(87,'Dane klienta',104,1),(89,'Rabat',106,1),(90,'Moduł wysyłki',107,1),(91,'Moduł płatności',108,1),(92,'Błąd podczas aktualizacji danych klienta',109,1),(93,'Brak danych',110,1),(94,'Nieprawidłowy email',111,1),(95,'Błąd podczas dodawania nowego klienta',112,1),(96,'Błąd podczas aktualizacji grupy klienta',113,1),(97,'Błąd podczas dodawania pliku',114,1),(98,'Błędny typ pliku',115,1),(99,'Plik nie istnieje',116,1),(100,'Błąd podczas dodawania grupy klienta',117,1),(101,'Błąd podczas edycji grupy klienta',118,1),(102,'Błąd podczas próby dodania nowej metody wysyłki',119,1),(103,'Błąd podczas aktualizacji uprawnień',120,1),(104,'Błąd podczas edycji grupy użytkownika',121,1),(105,'Błąd podczas dodawania grupy użytkownika',122,1),(106,'Błąd podczas próby dodania nowej metody płatności',123,1),(107,'Nie znaleziono użytkownika',124,1),(108,'Nie można zmienić loginu użytkownika',125,1),(109,'Nie można zmienić hasła użytkownika',126,1),(110,'Błąd podczas aktualizacji danych użytkownika',127,1),(111,'Błąd podczas dodawania nowego użytkownika',128,1),(112,'Błąd podczas dodawania użytkownika do grupy',129,1),(113,'Błąd aktualizacji daty logowania',130,1),(114,'Błąd w trakcie zapisywania pliku',131,1),(115,'Błąd w trakcie przesyłania pliku',132,1),(116,'Dostępne metody wysłki',136,1),(117,'Dostępne metody płatności',137,1),(118,'Dostępne moduły wysyłki',138,1),(119,'Dostępne moduły płatności',141,1),(120,'Podana grupa nie istnieje',142,1),(121,'Podany klient nie istnieje',143,1),(122,'Podany moduł wysyłki nie istnieje',145,1),(138,'Status',161,1),(139,'Typ',162,1),(142,'--- wybierz ---',165,1),(144,'Cena',170,1),(145,'Produkty',171,1),(146,'Kategorie',173,1),(147,'Dodawanie nowej kategorii',174,1),(148,'Produkt',175,1),(149,'Dodawanie nowego produktu',176,1),(150,'Cena sprzedaży',177,1),(151,'Cena zakupu',178,1),(153,'Krótki opis',181,1),(154,'Przyjazne linki',182,1),(155,'Kod kreskowy',183,1),(156,'Kod EAN',184,1),(157,'Kod dostawcy',185,1),(159,'Dostawa',188,1),(160,'Status',189,1),(161,'Nie można usunąć kategorii ponieważ jest ona powiązana z inna tabelą',190,1),(162,'Zależność',192,1),(163,'Nie można usunąć produktu ponieważ jest on powiązany z inna tabelą',193,1),(164,'Nie można usunąć grupy klientów ponieważ jest ona powiązany z inna tabelą',194,1),(165,'Nie można usunąć klienta ponieważ jest on powiązany z inna tabelą',195,1),(166,'Nie można usunąć grupy administracyjnej ponieważ jest ona powiązany z inna tabelą',196,1),(167,'Nie można usunąć metody płatności ponieważ jest ona powiązany z inna tabelą',197,1),(168,'Nie można usunąć metody wysyłki ponieważ jest ona powiązany z inna tabelą',198,1),(170,'Nr lokalu',200,1),(171,'Nr budynku',201,1),(172,'Producent',202,1),(173,'Dostawca',203,1),(174,'Lista dostawców',204,1),(175,'Lista producentów',205,1),(176,'Typ adresu',206,1),(177,'Adres strony WWW',207,1),(178,'Błędny login lub hasło',208,1),(179,'Statusy zamówień',209,1),(180,'Wartość',210,1),(181,'Czy skasować rekord',211,1),(182,'Nazwa grupy cech produktów',212,1),(183,'Cechy grupy produktu',214,1),(184,'Dodawanie grupy cech produktów',215,1),(185,'Plik',216,1),(186,'Grupy cech produktu',217,1),(187,'Dodaj nowa metodę płatności',218,1),(188,'Dodaj nowa metodę wysyłki',219,1),(189,'Edycja metody wysyłki',220,1),(190,'Edycja metody płatności',221,1),(191,'Usuń zaznaczone',222,1),(192,'Lista stawek VAT',223,1),(193,'Dodaj nową stawkę VAT',224,1),(194,'Producent',225,1),(195,'Cechy produktów',226,1),(196,'Statusy zamówień',227,1),(197,'Dodaj nowy status zamówień',228,1),(198,'Odznacz wszystko',229,1),(199,'Stan magazynowy',230,1),(200,'Zestawy produktów',231,1),(201,'Lista zestawów produktów',232,1),(202,'Dodaj nowy zestaw produktów',233,1),(203,'Edytuj zestaw produktów',234,1),(204,'Edytuj produkt',235,1),(205,'Edytuj producenta',236,1),(206,'Edytuj kategorie produktów',237,1),(207,'Edytuj dostawcę',238,1),(208,'Dodaj nowego dostawcę',239,1),(209,'Edytuj status zamówienia',240,1),(210,'Edytuj stawkę VAT',241,1),(211,'Edytuj grupę klienta',242,1),(212,'Dodaj nową grupę klienta',243,1),(213,'Edytuj grupę użytkownika',244,1),(214,'Dodaj nową grupę użytkownika',245,1),(217,'Indywidualny',248,1),(218,'Firmowy',249,1),(219,'Korespondencyjny',250,1),(220,'Ilość produktów',251,1),(222,'Nie odnaleziono kontrolera',258,1),(223,'Zdjęcie',259,1),(224,'Zależność',260,1),(225,'Kategoria główna',261,1),(226,'Wyświetl dane',262,1),(227,'Dodatkowe opcje',263,1),(228,'Pola pogrubione  ( * )  są polami wymaganymi',264,1),(229,'Pola pogrubione oznaczone  ( * )  muszą zostać wypełnione',265,1),(231,'Ostatnie logowanie ',268,1),(232,'Lista grup administracyjnych',269,1),(233,'Tabela uprawnień',270,1),(235,'Lista grup klientów',272,1),(236,'Dodawanie nowego producenta',273,1),(237,'Modyfikator cenowy',274,1),(238,'Wybierz produkty',275,1),(239,'Cechy produktów',276,1),(240,'Zduplikuj produkt',277,1),(241,'Zestaw cech',278,1),(242,'Cecha',279,1),(243,'Szczegóły',282,1),(244,'Do koszyka',284,1),(245,'Opinie',285,1),(246,'Język',286,1),(247,'Lista języków',287,1),(248,'Edycja języka',288,1),(249,'Dodaj nowy język',289,1),(250,'Tłumaczenie',290,1),(251,'Dodaj nowe tłumaczenie',291,1),(252,'Lista tłumaczeń',293,1),(253,'Edycja tłumaczenia',295,1),(254,'Adres WWW',296,1),(255,'Sesja',297,1),(256,'Historia logowań',298,1),(257,'Logi administratorów',299,1),(259,'Zdjęcie główne',301,1),(260,'Dane techniczne',302,1),(261,'Opinie',303,1),(262,'Powiązane',304,1),(263,'Zobacz więcej',306,1),(264,'Kategorie',307,1),(265,'Liczba wyników na stronie',308,1),(266,'Przejdź do strony',309,1),(269,'Ostatnio zalogowani',313,1),(270,'Polski',314,1),(271,'Angielski',315,1),(273,'Ostatnio dodane produkty',317,1),(274,'Koszyk',318,1),(275,'Produkty w koszyku',319,1),(276,'Usuń z koszyka',320,1),(278,'Podgląd',322,1),(280,'We wszystkich kategoriach',324,1),(281,'W kategorii',325,1),(282,'Wyszukaj produkt',327,1),(283,'Tu jesteś',328,1),(284,'Najczęściej szukano',329,1),(285,'Tagi',330,1),(286,'Powiązane',332,1),(287,'Podobne',333,1),(288,'Lista produktów',334,1),(291,'Strona główna',337,1),(292,'Wyświetl produkty w kategorii',338,1),(293,'Liczba produktów',339,1),(294,'Data dodania',340,1),(295,'Autor dodania',342,1),(296,'Data modyfikacji',343,1),(297,'Autor modyfikacji',344,1),(298,'Zmień status',345,1),(299,'Liczba wartości cechy',346,1),(300,'Wyświetl produkty tego producenta',347,1),(301,'Strona www',348,1),(302,'Wyświetl produkty posiadające tę stawkę VAT',349,1),(303,'Liczba klientów',350,1),(304,'Wyświetl klientów należących do tej grupy',351,1),(305,'Liczba użytkowników',352,1),(306,'Wyświetl użytkowników należących do tej grupy',353,1),(307,'Adres',354,1),(308,'Kobieta',355,1),(309,'Mężczyzna',356,1),(310,'Kontakt',357,1),(311,'Menu pomocnicze',358,1),(312,'Dodatkowe informacje',359,1),(314,'Regulamin sklepu',361,1),(315,'Dostawca',362,1),(316,'Następny produkt',363,1),(317,'Poprzedni produkt',364,1),(318,'Inne interesujące produkty',365,1),(319,'Nie podano imienia',366,1),(320,'Nie podano nazwiska',367,1),(321,'Nie podano adresu Email',368,1),(322,'Błędny adres Email',369,1),(323,'Nie podano numeru telefonu',370,1),(325,'Nie wybrano grupy',372,1),(326,'Nie podano wysokości rabatu',373,1),(327,'Nie podano numeru budynku',374,1),(328,'Nie podano nazwy ulicy',375,1),(329,'Nie podano nr lokalu',376,1),(330,'Nie podano nazwy firmy',377,1),(331,'Nie podano miejscowości',378,1),(332,'Nie podano kodu pocztowego',379,1),(333,'Nie podano typu adresu',380,1),(334,'Nie podano nazwy grupy atrybutów',381,1),(335,'Nie podano nazwy',382,1),(336,'Nie podano tłumaczenia',383,1),(337,'Nie podano ceny sprzedaży',384,1),(338,'Nie podano wartości',386,1),(339,'Nie wybrano typu',387,1),(340,'Nie wybrano rodzaju priorytetu',388,1),(341,'Nie podano tytułu',389,1),(342,'Zmień hasło',390,1),(343,'Stare hasło',391,1),(344,'Nowe hasło',392,1),(345,'Powtórz hasło',393,1),(346,'Finalizacja',394,1),(347,'Płatność',395,1),(348,'Wstecz',396,1),(349,'Zamawiający',397,1),(350,'Dane do wysyłki',398,1),(351,'Jeśli chcesz zmienić swój domyślny adres wysyłki',399,1),(352,'zmień adres dostawy',400,1),(353,'Uwaga',401,1),(354,'Wybierz sposób dostawy',402,1),(355,'czas dostawy',403,1),(356,'Wartość wraz z dostawą',404,1),(357,'koszt',405,1),(358,'zł',406,1),(359,'Wróć do zakupów',407,1),(360,'Etap zamówienia',408,1),(362,'Cena szt',410,1),(363,'Ilość',411,1),(364,'Wartość',412,1),(365,'Sprawdź wszystkie dane',413,1),(366,'Wypełnij formularz',414,1),(367,'Wartość zakupów',415,1),(368,'Wybierz sposób płatności',416,1),(369,'Realizuj zamówienie',417,1),(370,'Rejestracja',418,1),(371,'Logowanie',419,1),(372,'Nr mieszkania',420,1),(373,'Nr domu',421,1),(374,'Akceptuję',422,1),(375,'Politykę prywatności',423,1),(376,'Regulamin',424,1),(377,'Zarejestruj się',425,1),(378,'Wyślij',426,1),(379,'Wymagane',427,1),(380,'są polami obowiązkowymi.',428,1),(381,'Pola oznaczone',429,1),(382,'Jeśli masz pytania skontaktuj się z nami',430,1),(383,'sklep@sklep.com',431,1),(386,'Dane do wysyłki',434,1),(387,'Nie można usunąć rekordu',435,1),(388,'Podczas próby usunięcia rekordu napotkano następujące konfliktujące zależności:',436,1),(389,'Do usuwanej grupy przypisani są użytkownicy',437,1),(390,'Inne interesujące produkty',438,1),(391,'Możesz zapłacić za paczkę przedpłatą na konto. Będziesz mógł zarejestrować zamówienie i wydrukować fakturę proforma. Poznasz numer naszego konta i numer przedpłaty, na który powołasz się, wysyłając pieniądze.',439,1),(392,'Możesz zapłacić za paczkę bezpośrednio z konta w mBanku, MultiBanku, Inteligo, iPKO, PEKAO SA, BPH, BZWBK, Nordea, ING lub Lukas Banku korzystając z bezpiecznych i szybkich transakcji.',440,1),(393,'Możesz zapłacić za paczkę kartą kredytową. Formularz zamówienia umożliwia podanie numeru karty w bezpieczny sposób za pośrednictwem serwisu platnosci.pl. Koszt takiego zamówienia w przypadku przesyłki zwykłą pocztą to wyłącznie wartość zamówienia.',441,1),(394,'Możesz zamówić paczkę, płacąc przy odbiorze.',442,1),(395,'Menu',443,1),(396,'Status produktu',444,1),(397,'Statusy produktów',445,1),(398,'Konto',446,1),(399,'Logowanie do konta',447,1),(400,'kliknij tutaj',448,1),(401,'Sprzedaż krzyżowa',449,1),(402,'Akcesoria',450,1),(403,'Podobne produkty',451,1),(404,'Lista produktów powiązanych',452,1),(405,'Akcesoria',453,1),(406,'Produkty podobne',454,1),(407,'Zapisz zmiany',455,1),(408,'Waluta',456,1),(409,'Państwo',457,1),(411,'Nazwa sklepu',459,1),(412,'Lista globalnych ustawień',460,1),(413,'Globalne ustawienia',461,1),(414,'Globalne ustawienia- edycja',462,1),(415,'Wybór produktu bazowego',463,1),(416,'Wybór produktów powiązanych',464,1),(417,'Produkt bazowy',465,1),(418,'Globalna konfiguracja',466,1),(419,'Zmiana hasła',467,1),(420,'Panel klienta',468,1),(421,'Ustawienia',469,1),(422,'Twoje konto',470,1),(423,'Poprawne',471,1),(424,'Błędnie wypełnione',472,1),(425,'Zmień',473,1),(426,'potwierdzenie nie jest identyczne jak nowe hasło',474,1),(427,'nowe hasło powinno składać się z co najmniej 6 znaków.',475,1),(428,'Zmień e-mail',476,1),(429,'Zmień dane',477,1),(430,'Potwierdzenie',478,1),(431,'Stary e-mail',479,1),(432,'Powtórz nowy e-mail',480,1),(433,'Zmiana danych adresowych',481,1),(434,'i',482,1),(435,'Prosimy o dwukrotne wprowadzenie nowego adresu, by zminimalizować ryzyko popełnienia błędu. Od momentu zapisania zmiany, wiadomości dotyczące realizowanego zamówienia będą wysyłane na nowy adres email. Nowe hasło powinno składać się z co najmniej 6 znaków',483,1),(437,'Oczekujące',485,1),(438,'Ilość',486,1),(439,'Drukuj',487,1),(440,'Zobacz również historię zrealizowanych zamówień',488,1),(441,'Zamówienie nr',489,1),(442,'zrealizowane dnia',490,1),(443,'złożone dnia',491,1),(444,'Wartość całego zamówienia',492,1),(445,'Wartość wraz z dostawą',493,1),(446,'Sposób płatności',494,1),(447,'Sposób dostawy',495,1),(448,'Wyślij zapytanie',496,1),(449,'Pomoc',497,1),(450,'Warunki dostawy',498,1),(451,'Odpowiedzi na najczęściej zadawane pytania umieściliśmy na stronie',499,1),(452,'Informacje na temat kosztów dostawy znajdują sie na stronie',500,1),(453,'Wyniki wyszukiwania',501,1),(454,'Znaleziono wyników',502,1),(455,'Pokaż',503,1),(456,'Wszystkie',504,1),(457,'od',505,1),(458,'do',506,1),(459,'Metoda wysyłki przypięta do metod płatności',507,1),(460,'Nowy numer',508,1),(461,'Nie podano ceny zakupu',509,1),(463,'Koszt wysyłki',511,1),(464,'Skala opinii',513,1),(465,'Typ opinii',515,1),(466,'Dodawanie nowego typu opinii',516,1),(467,'Do usuwanej grupy przypięci są klienci',517,1),(468,'Stawka VAT została ustalona dla wybranych adresów klientów',518,1),(469,'Stawka VAT została ustalona dla wybranych produktów',519,1),(470,'Nie można wywołać operacji',520,1),(471,'Nie wszystkie konflikty zostały rozstrzygnięte',521,1),(472,'Opinie do produktów',522,1),(473,'Opinie dla produktów',523,1),(474,'Mężczyzna',524,1),(475,'Kobieta',525,1),(477,'Dodatkowe zdjęcie',527,1),(478,'Rodzaj zdjęcia',528,1),(479,'Producent został dowiązany do produktów',529,1),(480,'szt',531,1),(481,'Atrybut',532,1),(482,'W kategorii znajdują się produkty',533,1),(483,'Kategoria zawiera podkategorie',534,1),(484,'Tak',535,1),(485,'Nie',536,1),(486,'Widoczny',537,1),(488,'Kategoria treści',539,1),(489,'Alias',540,1),(497,'Minus od ceny',548,1),(498,'Dodaj do ceny',549,1),(499,'Procent ceny',550,1),(500,'Równe cenie',551,1),(501,'Pole typu adresu jest puste',552,1),(503,'Uzupełnij zawartość szablonu',554,1),(504,'Wybierz kategorie',555,1),(505,'Wybierz język',556,1),(506,'Nie podano loginu',557,1),(507,'Nie podano hasła',558,1),(508,'Powtórz hasło',559,1),(509,'Nie podano potwierdzenia hasła',560,1),(510,'Akceptuję Regulamin i Politykę prywatności',561,1),(511,'Aby korzystać z serwisu należy zaakceptować regulamin oraz politykę prywatności',562,1),(512,'Hasła nie są zgodne',563,1),(513,'Pole VAT jest puste',564,1),(515,'Adresy klienta',566,1),(516,'Zamowienia klienta',567,1),(517,'Domyślny adres wysyłki',568,1),(518,'Adres ten będzie używany jako domyślny do wszelkiego rodzaju wysyłek.',569,1),(520,'Ustaw jako domyślny',571,1),(521,'Dodaj nowy',572,1),(522,'Książka adresowa',573,1),(525,'Brak',576,1),(526,'Pola różnią się',577,1),(527,'Zmień hasło',578,1),(529,'Nowości w Sklepie',580,1),(530,'Promocje w Sklepie',581,1),(531,'Lista nowości w sklepie',582,1),(532,'Lista promocji w sklepie',583,1),(533,'Nie masz jeszcze konta w naszym sklepie?',584,1),(534,'Zarejestruj się w systemie, by w pełni cieszyć się możliwościami naszego sklepu',585,1),(535,'Przypomnij',586,1),(536,'Hasło zostanie wysłane na Twój adres',587,1),(537,'Podany adres nie występuje w bazie',588,1),(538,'Adresy klienta',589,1),(539,'Niepoprawny format',590,1),(540,'Koszt wysyłki',591,1),(541,'Nie wpisano wartości',592,1),(542,'Zestawy produktów',593,1),(543,'Rozszerzenie pliku',594,1),(544,'Typ pliku',595,1),(545,'Pliki',596,1),(546,'Fax',597,1),(547,'Edycja kontaktów',598,1),(548,'Dodaj nowy kontakt',599,1),(549,'Skasuj pliki niedowiązane',600,1),(550,'Brak nowości',601,1),(551,'Brak tagów',602,1),(552,'Brak haseł',603,1),(553,'Brak kategorii',604,1),(554,'Brak produktów w Top 10',605,1),(555,'Brak kategorii CMS',606,1),(556,'Brak promocji',607,1),(557,'Brak produktów',608,1),(558,'Brak produktu',609,1),(559,'Zamówienie przyjęte do realizacji.',610,1),(560,'Zamówienie',611,1),(561,'Wystąpił błąd podczas wysyłania zamówienia.',612,1),(562,'Brak produktów o podanej frazie',613,1),(563,'Wybierz',614,1),(564,'rozwiń',615,1),(565,'Anuluj',616,1),(566,'Nie podano numeru NIP',617,1),(567,'Nie podano numeru REGON',618,1),(568,'Produkt standardowy',619,1),(569,'Wysyłka',620,1),(570,'Koszt całkowity',621,1),(571,'Cena podstawowa',622,1),(572,'Status zamówienia',623,1),(573,'Łączna liczba produktów',624,1),(574,'W kodzie pocztowym występują tylko cyfry',625,1),(575,'Miasto',626,1),(576,'Lista zamówień',627,1),(577,' Chcesz jednorazowo wysłać przesyłkę na inny adres? Wypełnij formularz',628,1),(578,'Liczba opinii',629,1),(579,'Pokaż wszystkie',630,1),(580,'Średnia ocena',631,1),(581,'Wpisz komentarz',632,1),(582,'Wyczyść',633,1),(583,'Zamówienia realizujemy w dni robocze.',634,1),(586,'Oceny szczegółowe',637,1),(588,'Dodawanie produktu się powiodło',639,1),(589,'Dodaj kolejny produkt',640,1),(590,'Przejdz do listy produktów',641,1),(591,'Przejdz do edycji nowo dodanego produktu',642,1),(592,'Dodaj opinie',643,1),(593,'Wysyka na adres',644,1),(594,'Brak podkategorii',645,1),(595,'Integracje',646,1),(596,'Status użytkownika...',647,1),(597,'Wpisz poprawny format: xx-xxx',648,1),(598,'Lista porównywarek',649,1),(599,'Edycja zamówienia',650,1),(604,'Formularz jednorazowego wysłania przesyłki na inny adres',656,1),(606,'Nowy e-mail',658,1),(607,'Koszyk jest pusty',659,1),(608,'Wybierz wariant produktu',660,1),(609,'Sortuj według',662,1),(610,'rosnąco',663,1),(611,'malejąco',664,1),(612,'Edycja typu opinii',666,1),(613,'Wybierz VAT',667,1),(614,'Dobrze',668,1),(617,'Aby dodać opinię, musisz się zalogować.',671,1),(618,'Edycja adresu klienta',672,1),(619,'Pola oznaczone ( * ) są wymagane',673,1),(620,'Nie wybrano producenta',674,1),(621,'Wynik wyszukiwania dla frazy',675,1),(623,'Brak produktu w magazynie.',677,1),(624,'Wszyscy producenci',678,1),(625,'Nie możesz złożyć zamówienia',680,1),(626,'Wypełnij dane',681,1),(627,'Załączniki',682,1),(628,'Twój koszyk jest pusty.',683,1),(629,'Kategoria atrybutu',684,1),(630,'Komentarze',685,1),(631,'Wariant standardowy produktu',686,1),(632,'Formularz adresu wysyłki',687,1),(633,'Brak wyróżnienia',688,1),(634,'Produkt powiązany',689,1),(635,'Akcesoria produktu',690,1),(636,'Usuń nowo dodany produkt',691,1),(637,'Potwierdzenie danych',692,1),(638,'Brak zdjęcia',693,1),(639,'Dodaj Tag',694,1),(641,'Zobacz',696,1),(642,'Regulamin dodawania opinii',697,1),(643,'Wpisz Tag',698,1),(644,'Zobacz szczegółowe opinie klienta',699,1),(645,'Brak wyników wyszukiwania dla podanego tagu',700,1),(646,'Lista produktów oznaczonych tagiem',701,1),(647,'Produkt został otagowany następującymi słowami',702,1),(648,'Błąd podczas dodawania tagu.',703,1),(649,'Ranga',704,1),(650,'Statystyki klientów',705,1),(651,'Statystyki produktów',706,1),(652,'Statystyki sprzedaży',707,1),(653,'Wartość zamówień',708,1),(654,'Szukane frazy',709,1),(655,'Usunięcie adresu',711,1),(656,'Czy chcesz usunąć adres',712,1),(657,'Fraza',713,1),(658,'Niezdefiniowana',714,1),(659,'Z produktem powiązane są akcesoria',715,1),(660,'Ilość przekracza stan magazynowy produktu',716,1),(661,'Produkt powiązany w sprzedaży krzyżowej.',717,1),(662,'Do produktu dowiązany jest produkt podobny.',718,1),(663,'Proszę wybrać ilość sztuk produktu.',719,1),(664,'Brak wybranego produktu w magazynie.',720,1),(665,'Proszę wybrać wariant produktu.',721,1),(666,'Koszyk zawiera maksymalny stan magazynowy produktu.',722,1),(667,'Zamówiona ilość przekracza stan magazynowy.',723,1),(668,'Do koszyka dodano maksymalną ilość dostępną w magazynie',724,1),(669,'Nie można zwiększyć ilości.',725,1),(670,'Nieudana próba dodania opinii.',726,1),(671,'Proszę wpisać treść opinii.',727,1),(672,'Proszę wpisać tag.',728,1),(673,'Dodano nowy tag.',729,1),(674,'Tag został przypisany do produktu.',730,1),(675,'Nie możesz przypisać wcześniej dodanego przez Ciebie tagu.',731,1),(676,'Proszę wpisać frazę.',732,1),(677,'Wystąpił problem podczas wyszukiwania frazy.',733,1),(678,'Czy na pewno chcesz usunąć adres?',734,1),(681,'Globalne ustawienia',737,1),(682,'Lista globalnych ustawień',738,1),(687,'Podany e-mail istnieje już w bazie. Wprowadź inny adres. ',743,1),(689,'Dostawca nie istnieje',745,1),(690,'Błąd podczas dodawania produktów do dostawcy',746,1),(691,'Błąd podczas edycji dostawcy',747,1),(692,'Ankieta',748,1),(693,'Lista ankiet',749,1),(694,'Pytanie',750,1),(695,'Odpowiedz',751,1),(696,'Priorytet w ankiecie',752,1),(697,'Ankieta nie istnieje',753,1),(698,'Dodawanie nowej ankiety',754,1),(699,'Brak pytania',755,1),(700,'Dodaj odpowiedzi',756,1),(701,'Brak odpowiedzi',757,1),(702,'Edycja ankiety',758,1),(703,'Brak odpowiedzi',759,1),(704,'Brak priorytetu',760,1),(705,'Błąd podczad dodawania odpowiedzi',761,1),(706,'Błąd podczas dodawania ankiety',762,1),(707,'Bląd podczas edycji ankiety',763,1),(708,'Błąd. Opinia nie może zostać zapisana, ponieważ zawiera niedozwoloną treść.',764,1),(709,'Edycja odpowiedzi',765,1),(710,'Błąd podczas edycji odpowiedzi',766,1),(711,'Dodaj do listy życzeń',767,1),(712,'Ankieta jest pusta',768,1),(713,'Wynik ankiety',769,1),(714,'Lista życzeń',770,1),(715,'Tagi klienta',771,1),(716,'Brak tagów klienta',772,1),(717,'Błąd podczas pobierania listy życzeń z bazy danych',773,1),(718,'Produkt został usunięty z listy życzeń.',774,1),(719,'Który produkt chcesz dodać do listy życzeń?',775,1),(720,'Produkt został dodany do listy życzeń.',776,1),(721,'Twoja lista życzeń zawiera już ten produkt.',777,1),(722,'Błąd! Ilość musi być wartością liczbową!',778,1),(724,'Twoja lista życzeń jest pusta.',780,1),(725,'Numer zamówienia',781,1),(726,'Koszt dostawy',782,1),(727,'Ilość produktów',783,1),(728,'Wszelkie informacje dotyczące zamówienia i pracy sklepu internetowego można uzyskać w godzinach 10.00-18.00 od poniedziałku do piątku oraz w soboty w godzinach 10.00-12.00',784,1),(729,'Gekosale.pl Wita  ',785,1),(731,'Witaj!',787,1),(732,'Ostatnie zrealizowane zamówienie',788,1),(733,'Nastąpiła zmiana adresu E-mail',789,1),(734,'Stary Email',790,1),(735,'Nowy Email',791,1),(736,'Nastąpiła zmiana Hasła',792,1),(737,'Nowe Hasło',793,1),(738,'Nastąpiła zmiana adresu',794,1),(739,'Nowy adres',795,1),(740,'Dodano nowy adres',796,1),(741,'Zarejestrowano nowego klienta',797,1),(743,'Login',799,1),(745,'Edycja adresu klienta',801,1),(746,'Dodano nowy adres klienta',802,1),(747,'Edycja hasła klienta',803,1),(748,'Edycja konta e-mail klienta',804,1),(749,'Rejestracja nowego klienta',805,1),(750,'Przypomnienie hasła klienta',806,1),(751,'Nowo wygenerowane hasło',807,1),(752,'Wystąpił błąd podczas głosowania',808,1),(753,'Dziękujemy!',809,1),(754,'Adres dostawy',810,1),(755,'Próba wpisania niedozwolonego kodu w pole formularza.',811,1),(757,'Na wpisany podczas rejestracji E-mail, została wysłana wiadomość.',813,1),(758,'Potrzebna pomoc ?',814,1),(759,'Dane zostały zmienione. Wiadomość potwierdzająca edycję wysłana została na Twój adres E-mail.',815,1),(760,'Błędnie wpisane stare hasło.',816,1),(761,'Wpisz wartość od',817,1),(762,'Wpisz wartość do',818,1),(763,'Wyłącz użytkownika',820,1),(764,'Włącz użytkownika',821,1),(765,'Faktura',822,1),(767,'Data zakończenia',824,1),(768,'Data rozpoczęcia',825,1),(769,'Nowe zamówienie',826,1),(771,'Wyłącz',828,1),(772,'Potwierdzenie wyłączenia',829,1),(773,'Włącz',830,1),(774,'Potwierdzenie włączenia',831,1),(775,'Błąd podczas przejścia z offline na online',832,1),(776,'Błąd podczas przejścia z online na offline ',833,1),(777,'Nie można przejśc w stan offline',834,1),(778,'Nie można przejść w stan online',835,1),(779,'Nie publikuj',836,1),(780,'Publikuj blok',837,1),(781,'Wyłącz publikacje bloku',838,1),(782,'Błąd podczas przejścia ze statusu niewidocznego na widoczny ',839,1),(783,'Błąd podczas przejścia ze statusu widocznego na niewidoczny ',840,1),(785,'Temat',842,1),(786,'Dodaj nowy szablon',843,1),(787,'Edycja szablonu',844,1),(788,'Podany Newsletter nie istnieje',845,1),(789,'Błąd podczas edycji Newsletter',846,1),(792,'Forma skrócona',849,1),(794,'Dodaj nową jednostkę miar',851,1),(795,'Edytuj jednostkę miar',852,1),(796,'Wpisz skróconą formę',853,1),(797,'Błąd podczas dodawania jednostki miar',854,1),(798,'Podana jednostka nie istnieje',855,1),(800,'Zostałeś zapisany do newslettera, na podany mail został wysłany link aktywacyjny',857,1),(801,'Proszę wpisać adres email na który ma zostać wysłany newsletter',858,1),(802,'Koszt zamówienia',859,1),(803,'Koszt zamówienia wraz z dostawą',860,1),(804,'Ilość produktów',861,1),(805,'Rejestracja do Newsletter',862,1),(806,'Właśnie zostałeś zapisany do Newsletter',863,1),(807,'Statystyki ankiety',864,1),(808,'Błąd podczas duplikacji produktów',865,1),(809,'ID produktu',866,1),(810,'Kopia zamówienia klienta',867,1),(811,'Zapisz',868,1),(812,'Usuń',869,1),(814,'Zostałeś wypisany z Newsletter',871,1),(815,'Błąd podczas wypisania z Newsletter',872,1),(816,'Wartość jest podawana w \" % \"',873,1),(817,'Wymagany format TXT_EXAMPLE',874,1),(818,'XX-XXX',875,1),(819,'xxx@xx.xx',876,1),(820,'Wybierz kategorię nadrzędną',877,1),(821,'Odbiorca',878,1),(822,'Pola obowiązkowe',879,1),(823,'Szybki dostęp',880,1),(824,'Powrót',881,1),(825,'Zacznij od nowa',882,1),(827,'Dane osobowe',884,1),(828,'Opcje dodatkowe',885,1),(829,'Zmiana hasła',886,1),(831,'Hasło powinno składać się z min 5 znaków alfanumerycznych',888,1),(832,'Odpowiedzi',889,1),(833,'Koszt wysyłki - cenowy',890,1),(834,'Aby ustawić stały koszt wysyłki wypełnij jedynie pole \"Koszt wysyłki\"',891,1),(835,'Wpisz koszt wysyłki',892,1),(836,'Nie wybrano statusu',893,1),(837,'Opcje sortowania',894,1),(838,'Błędny format Fax',895,1),(839,'Dodaj status zamówienia',896,1),(840,'Zacznij od nowa',897,1),(841,'Zapisz i dodaj następny',898,1),(842,'Zapisz i zakończ',899,1),(843,'Błąd podczas dodawania statusu zamówienia',900,1),(844,'Błąd podczas edycji statusu zamówienia',901,1),(845,'Podana nazwa już występuje w bazie wpisz inną',902,1),(846,'Edycja statusu zamówienia',903,1),(847,'Lista zamówień',904,1),(848,'Lista produktów',905,1),(849,'Dodaj produkt',906,1),(850,'Lista kategorii',907,1),(851,'Dodaj kategorię',908,1),(852,'Kategoria nadrzędna',909,1),(853,'Edycja kategorii',910,1),(854,'Lista cech produktów',911,1),(855,'Dodaj cechę produktu',912,1),(856,'Podana grupa cech produktów juz istnieje wpisz inną',913,1),(857,'Cechy',914,1),(858,'Grupa cech',915,1),(859,'Cecha',916,1),(860,'Wpisz cechę produktu',917,1),(861,'Edycja cech produktu',918,1),(863,'Dodaj producenta',920,1),(864,'Edycja producenta',921,1),(865,'Błąd podczas edycji producenta',922,1),(867,'Błąd podczas edycji cech produktów',924,1),(868,'Dodaj dostawcę',925,1),(869,'Lista zestawów produktów',926,1),(871,'Lista akcesoriów',928,1),(872,'Dodaj akcesoria',929,1),(873,'Liczba akcesoriów',930,1),(874,'Lista produktów w sprzedaży krzyżowej',931,1),(875,'Dodaj sprzedaż krzyżową',932,1),(876,'Lista produktów podobnych',933,1),(877,'Dodaj produkt podobny',934,1),(878,'Lista produktów promocyjnych',935,1),(879,'Lista klientów',936,1),(880,'Dodaj klienta',937,1),(881,'Adres klienta',938,1),(882,'000-000-000',939,1),(883,'Edycja klienta',940,1),(884,'Wybierz grupę klienta',941,1),(885,'Lista grup klientów',942,1),(886,'Dodaj grupę klienta',943,1),(887,'Edytuj grupę klienta',944,1),(888,'Wpisz nazwę grupy',945,1),(889,'Lista metod wysyłki',946,1),(890,'Dodaj metodę wysyłki',947,1),(891,'Edytuj metodę wysyłki',948,1),(892,'Dodaj stawkę VAT',949,1),(893,'Edytuj stawkę VAT',950,1),(894,'Wpisz poprawną wartość',951,1),(895,'Podana stawka VAT już istnieje',952,1),(897,'Dodaj klienta do Newsletter',954,1),(898,'Lista szablonów Newsletter',955,1),(899,'Dodaj szablon Newsletter',956,1),(900,'Tekst',957,1),(901,'Kod HTML',958,1),(902,'Wpisz nadawcę',959,1),(903,'Uzupełnij zawartość szablonu',960,1),(904,'Błąd podczas dodawania szablonu Newsletter',961,1),(905,'Edycja szablonu Newsletter',962,1),(906,'Lista skali opinii',963,1),(907,'Lista typów opinii',964,1),(908,'Dodaj typ opinii',965,1),(909,'Wybierz kategorie, w których ma się pojawić rodzaj opinii',966,1),(910,'Edycja rodzaju opinii',967,1),(911,'Lista opinii dla produktów',968,1),(912,'Lista tagów',969,1),(913,'Lista najczęstszych wyszukiwań',970,1),(914,'Lista modułów integracji',971,1),(915,'Dodaj moduł integracji',972,1),(917,'Podany temat juz występuje w bazie wpisz inny',974,1),(920,'Wybierz kategorię',977,1),(924,'Lista ankiet',981,1),(925,'Dodaj ankietę',982,1),(926,'Podaj wartość liczbową. 1 - pierwsza',983,1),(927,'Edycja ankiety',984,1),(928,'Błędny format mogą występować tylko cyfry',985,1),(929,'Podane pytanie juz występuje w bazie wpisz inne',986,1),(930,'Dodaj użytkownika',987,1),(931,'Edycja użytkownika',988,1),(932,'Dodaj metodę płatności',989,1),(933,'Edytuj metodę płatności',990,1),(936,'Edytuj błąd',993,1),(937,'Lista kontaktów',994,1),(938,'Dodaj kontakt',995,1),(939,'Edycja kontaktu',996,1),(940,'Lista języków',997,1),(941,'Dodaj język',998,1),(942,'Podane tłumaczenie juz występuje w bazie wpisz inne',999,1),(943,'Edycja języka',1000,1),(944,'Lista tłumaczeń',1001,1),(945,'Dodaj tłumaczenie',1002,1),(946,'Edycja tłumaczenia',1006,1),(948,'Lista plików',1008,1),(949,'Lista jednostek miar',1009,1),(950,'Dodaj jednostkę miary',1010,1),(951,'Edycja jednostki miary',1011,1),(952,'Wpisz nazwę sklepu',1012,1),(953,'Nazwa sklepu',1013,1),(954,'Format daty',1014,1),(955,'Edycja globalnych ustawień',1015,1),(956,'Podana nazwa grupy już istnieje wpisz inną',1016,1),(957,'Zablokuj klienta',1017,1),(958,'Aktywuj klienta',1018,1),(960,'Dodaj grupę użytkowników',1024,1),(961,'Uprawnienia',1025,1),(962,'Uprawnienia grupy',1026,1),(963,'Edycja grupy użytkowników',1027,1),(964,'Podstawowe dane grupy',1028,1),(965,'Wpisz poprawną wartość liczbową',1029,1),(966,'Stały koszt wysyłki',1030,1),(967,'Wpisz poprawną wartość',1031,1),(968,'Przykład',1032,1),(969,'Kategoria połączona jest z inną kategorią',1033,1),(970,'Pulpit',1034,1),(971,'Sprzedaż',1035,1),(972,'CRM',1036,1),(973,'Integracja',1037,1),(974,'Gekolab',1038,1),(975,'Raporty',1039,1),(977,'Edytuj akcesoria',1041,1),(978,'Wybierz produkty podobne',1042,1),(979,'Błąd podczas dodawania produktów podobnych',1043,1),(980,'Dodaj produkty podobne',1044,1),(981,'Dodaj sprzedaż krzyżową',1045,1),(982,'Produkty sprzedaży krzyżowej',1046,1),(983,'Edytuj produkty podobne',1047,1),(984,'Błąd podczas edycji produktów podobnych',1048,1),(985,'Edycja sprzedaży krzyżowej',1049,1),(986,'Edycja dostawcy',1050,1),(987,'Dodaj zestaw produktów',1051,1),(988,'Błąd podczas dodawania nowego zestawu produktów',1052,1),(990,'Krótki opis',1054,1),(991,'Edycja zestawów produktów',1055,1),(992,'000-000-00-00',1056,1),(993,'Bestsellery',1057,1),(994,'Suma',1058,1),(995,'Najczęściej oglądane',1059,1),(996,'Ilość',1060,1),(997,'Zobacz raport',1061,1),(998,'Adres kontaktowy',1062,1),(1000,'Błąd podczas zmiany aktywności użytkownika',1064,1),(1001,'Błąd podczas zmiany aktywności klienta',1065,1),(1002,'Zdjęcia',1066,1),(1004,'Wpisz nazwę produktu',1068,1),(1005,'Maksymalna długość treści',1069,1),(1007,'Dozwolone typy plików',1071,1),(1008,'Modyfikator rabatowy',1072,1),(1011,'Kod Kreskowy',1075,1),(1012,'Edycja produktu',1076,1),(1013,'Login',1077,1),(1014,'Hasło',1078,1),(1015,'Wpisz hasło',1079,1),(1016,'Wpisz login',1080,1),(1017,'Przypomnij hasło',1081,1),(1018,'Zaloguj',1082,1),(1020,'Błęd logowania',1085,1),(1021,'Liczba dowiązań',1086,1),(1022,'Podczas edycji uzupełnij tylko pole z \"cechą\" ID pozostaw bez zmian',1087,1),(1023,'Edycja zamówienia',1088,1),(1024,'Wysyłka',1089,1),(1025,'Zamówienie',1090,1),(1026,'Warianty produktu',1091,1),(1027,'Kategorie',1092,1),(1028,'Wybierz kategorie, do których mają zostać dołączone cechy',1093,1),(1029,'Produkty',1094,1),(1030,'(kategoria główna)',1095,1),(1032,'Nowa kategoria',1097,1),(1033,'Kolejność kategorii została pomyślnie zmieniona.',1098,1),(1034,'Wróć do Pulpitu',1099,1),(1035,'Duplikacja produktu',1101,1),(1036,'Dostępne statusy produktów',1102,1),(1037,'Statusy',1103,1),(1038,'Informacje o promocji',1104,1),(1039,'Informacje o nowości',1105,1),(1040,'Wystąpił błąd podczas generowania hasła.',1106,1),(1041,'Nazwa porównywarki',1107,1),(1042,'Symbol porównywarki',1108,1),(1043,'Włącz porównywarkę',1109,1),(1044,'Wyłącz porównywarkę',1110,1),(1045,'Lista promocji',1111,1),(1046,'Dodaj promocje',1112,1),(1047,'Dostawcy',1113,1),(1048,'Producenci',1114,1),(1049,'Promocje',1115,1),(1050,'Grupa promocyjna',1116,1),(1051,'Nazwa reguły',1117,1),(1052,'Edycja grupy cech',1118,1),(1053,'Dodaj grupę cech',1119,1),(1054,'Usuń grupę cech',1120,1),(1055,'Grupa cech',1121,1),(1057,'Przypisane do kategorii',1123,1),(1059,'Grupy cech',1125,1),(1060,'Grupy cech',1126,1),(1061,'Miniaturka',1127,1),(1062,'Ilość sztuk promocyjnych',1128,1),(1063,'Wartość promocji',1129,1),(1064,'Data od',1130,1),(1065,'Data do',1131,1),(1066,'Nowa grupa',1132,1),(1067,'Ilość sztuk',1133,1),(1069,'Modyfikator cenowy',1135,1),(1070,'Proszę wybrać grupę promocyjną',1136,1),(1071,'Promocja',1137,1),(1072,'Reguły promocji',1138,1),(1073,'Błędna ilość sztuk',1139,1),(1074,'Wybierz modyfikator cenowy',1140,1),(1075,'Warianty grupy promocyjnej',1141,1),(1076,'Wybierz warianty grupy promocyjnej',1142,1),(1077,'Wpisz nazwę reguły',1143,1),(1078,'Dla stałej promocji zostaw puste pole',1144,1),(1079,'Edycja promocji',1145,1),(1080,'Dla nieograniczonej ilość sztuk zostaw puste pole',1146,1),(1081,'Podgląd zamówienia',1147,1),(1082,'Ogólne',1148,1),(1083,'Zamówienie nr',1149,1),(1085,'Status zamówienia',1151,1),(1086,'Numer IP',1152,1),(1088,'Nazwa klienta',1154,1),(1089,'Email klienta',1155,1),(1090,'Grupa klienta',1156,1),(1091,'Dane płatnika',1157,1),(1092,'Dane wysyłki',1158,1),(1093,'Imię i nazwisko',1159,1),(1094,'Dane osobowe',1160,1),(1095,'Adres',1161,1),(1096,'Miasto',1162,1),(1097,'Państwo',1163,1),(1098,'Nr telefonu',1164,1),(1099,'Ulica / nr',1165,1),(1100,'Kod pocztowy miasto ',1166,1),(1101,'Państwo',1167,1),(1102,'Telefon',1168,1),(1104,'Metoda wysyłki',1170,1),(1105,'Zamówione produkty',1171,1),(1106,'Status i komentarze',1172,1),(1107,'Podsumowanie',1173,1),(1108,'Suma netto',1174,1),(1109,'Suma',1175,1),(1110,'Wysyłka',1176,1),(1111,'Podatek',1177,1),(1112,'Niepowiadomiony',1178,1),(1113,'Powiadomiony',1179,1),(1114,'Autor',1180,1),(1115,'Produkt',1181,1),(1116,'SKU',1182,1),(1117,'Cena netto',1183,1),(1118,'Ilość',1184,1),(1119,'Podsuma netto',1185,1),(1120,'Stawka VAT',1186,1),(1121,'Podatek',1187,1),(1122,'Podsuma brutto',1188,1),(1125,'Data zamówienia',1192,1),(1126,'Status zamówienia',1193,1),(1127,'Numer IP',1194,1),(1128,'Informacje o Kliencie',1195,1),(1129,'Nazwa klienta',1196,1),(1130,'Email klienta',1197,1),(1137,'Dane osobowe',1206,1),(1138,'Ulica / nr',1207,1),(1139,'Kod pocztowy miasto ',1208,1),(1140,'Państwo',1209,1),(1141,'Telefon',1210,1),(1142,'Metoda płatności',1211,1),(1144,'Zamówione produkty',1213,1),(1145,'Status',1214,1),(1146,'Komentarz',1215,1),(1147,'Poinformuj Klienta',1216,1),(1148,'Aktualizuj status',1217,1),(1149,'Przebieg zamówienia',1218,1),(1150,'Dokumenty przewozowe',1219,1),(1151,'Faktury',1220,1),(1154,'Integracja z Ceneo.pl',1223,1),(1155,'Integracja z Nokaut.pl',1224,1),(1156,'Integracja z Skapiec.pl',1225,1),(1157,'Wybierz odpowiadającą kategorię w porównywarce',1226,1),(1158,'Status',1227,1),(1159,'Sposób dostawy',1228,1),(1160,'Sposób płatności',1229,1),(1161,'Wartość całkowita',1230,1),(1162,'Wartość podstawowa',1231,1),(1163,'Zamówione produkty',1232,1),(1164,'Dane Klienta',1233,1),(1165,'Dane płatnika',1234,1),(1166,'Dane do wysyłki',1235,1),(1167,'Sposób płatności',1236,1),(1168,'Sposób dostawy',1237,1),(1169,'Komentarz',1238,1),(1170,'Zamiana statusu zamówienia nr: ',1239,1),(1171,'(dowolny wariant)',1240,1),(1172,'(wybierz wariant)',1241,1),(1173,'Podany Email juz istnieje',1242,1),(1174,'Wystąpił błąd',1243,1),(1175,'Nie masz uprawnień do tego kontrolera',1244,1),(1176,'Konto bankowe',1245,1),(1177,'Nazwa banku',1246,1),(1178,'Numer konta',1247,1),(1179,'Aktywuj nowość',1248,1),(1180,'Dezaktywuj nowość',1249,1),(1181,'Nowy użytkownik',1250,1),(1182,'Porównywarki',1251,1),(1183,'Stan magazynowy bez wariantów produktu',1252,1),(1184,'Edycja hasła użytkownika',1253,1),(1186,'Czy chcesz usunąć wszystko ?',1255,1),(1187,'netto',1256,1),(1188,'brutto',1257,1),(1189,'Aktywność Klienta',1258,1),(1190,'Dodaj do zamówienia',1259,1),(1191,'Aktualnie w koszyku',1260,1),(1192,'Na liście życzeń',1261,1),(1193,'Informacje o porównywarce',1262,1),(1194,'Dodaj zamówienie',1263,1),(1195,'Całkowoity koszt zamówienia',1264,1),(1196,'Zapłać',1265,1),(1197,'Zdjęcie',1266,1),(1198,'Dodaj produkty',1267,1),(1199,'Nazwa modelu płatności',1268,1),(1200,'Nie podano nazwy modelu płatności',1269,1),(1201,'Konfiguracja modułu',1270,1),(1202,'Dane firmowe',1271,1),(1203,'Nazwa firmy',1272,1),(1204,'Skrócona nazwa firmy',1273,1),(1205,'KRS',1274,1),(1206,'Hasło powinno składać się z minimum 6 znaków',1275,1),(1207,'Godz. otwarcia',1276,1),(1208,'Wybierz dział',1277,1),(1209,'Dział',1278,1),(1210,'jest do Państwa dyspozycji w godzinach',1279,1),(1211,'Odbiorca',1280,1),(1212,'Twoje zapytanie zostało wysłane',1281,1),(1213,'Wysłano',1282,1),(1214,'bez wariantów produktu',1283,1),(1215,'Wybierz produkt bazowy',1284,1),(1216,'E-mail',1285,1),(1217,'Wpisz e-mail',1286,1),(1218,'Podany adres e-mail nie istnieje',1287,1),(1219,'Plik przesłano',1288,1),(1220,'Za duży plik',1289,1),(1221,'Przekroczono dopuszczalny limit wielkości pliku ustalony w formularzu',1290,1),(1222,'Plik nie został przesłany poprawnie (przerwane połączenie)',1291,1),(1223,'Plik nie został przesłany',1292,1),(1224,'Nie znaleziono katalogu tymczasowego',1293,1),(1225,'Nie można zapisać pliku na serwerze (brak uprawnień)',1294,1),(1226,'Przesyłanie pliku przerwane przez rozszerzenie',1295,1),(1227,'Dane teleadresowe',1296,1),(1228,'Maksymalny rozmiar wynosi',1297,1),(1229,'Województwo',1298,1),(1230,'Sprzedawca',1299,1),(1231,'Stan magazynowy liczony jest na podstawie stanów magazynowych produktów w zestawie. Jeśli jeden zostanie wyczerpany zestaw zostanie wyłączony.',1300,1),(1232,'Szablony wiadomości',1301,1),(1233,'Wyślij newsletter',1302,1),(1234,'Aktualizuj',1303,1),(1235,'Listy odbiorców',1304,1),(1236,'Brak potwierdzenia zamówienia',1305,1),(1237,'Ostatnio zamówione',1306,1),(1238,'Przelew bankowy',1307,1),(1239,'Dane do przelewu bankowego',1308,1),(1240,'Zamówienie czeka na płatność przelewem bankowym. ',1309,1),(1241,'Nazwa banku',1310,1),(1242,'Tytuł przelewu bankowego (imię, nazwisko, nr zamówienia)',1311,1),(1243,'Łączna cena produktów',1312,1),(1244,'Dopuszczalne znaki to cyfry i znaki spacji',1313,1),(1245,'Uwzględnij VAT',1314,1),(1246,'Tabela',1316,1),(1247,'Wprowadź nazwę dla nowej kategorii',1317,1),(1249,'Cena sprzedaży brutto',1319,1),(1250,'Cena zakupu brutto',1320,1),(1251,'Przedziały cenowe',1321,1),(1252,'Płatność za pobraniem',1322,1),(1254,'Przesyłka pobraniowa zostanie wysłana na adres',1324,1),(1255,'Płatność przy odbiorze',1325,1),(1256,'Wybrano płatność przy odbiorze',1326,1),(1257,'Adres odbioru zamówienia',1327,1),(1258,'Kliknij w link, aby potwierdzić zamówienie.',1328,1),(1259,'Zamówienie zostało potwierdzone.',1329,1),(1260,'Wersja',1330,1),(1261,'Kanał',1331,1),(1263,'Potwierdzenie zamówienia',1333,1),(1264,'Wystąpił problem podczas potwierdzania zamówienia.',1334,1),(1265,'Proszę odświeżyć stronę lub skontaktować się z administratorem sklepu',1335,1),(1266,'Dostępna wersja',1336,1),(1267,'Zainstalowana wersja',1337,1),(1268,'Skąpiec',1338,1),(1269,'Wygenerowany PDF',1339,1),(1270,'Punkty kontrolne',1340,1),(1271,'Instaluj',1341,1),(1272,'Odinstaluj',1342,1),(1273,'Strona',1343,1),(1274,'z',1344,1),(1275,'Faktura wygenerowana przez Gekosale.pl. Jedyne bezpłatne oparte na licencji Open Source polskie oprogramowanie sklepu.',1345,1),(1280,'Klucz Allegro WebAPI',1350,1),(1283,'Listy odbiorców',1353,1),(1284,'Dodaj listę odbiorców',1354,1),(1285,'Edytuj listę odbiorców',1355,1),(1287,'Klucz wersji Allegro WebAPI jest zmienny.',1357,1),(1288,'Klienci zapisani do newslettera',1358,1),(1289,'Stwórz nową listę',1359,1),(1290,'Wprowadz adresy Email. Oddziel je od siebie za pomocą \" ; \"',1360,1),(1291,'Lista adresów Email',1361,1),(1292,'Historia logowań klientów',1362,1),(1293,'Logi klientów',1363,1),(1294,'ID klienta',1364,1),(1295,'gr',1365,1),(1296,' dla zamówienia nr ',1366,1),(1298,'Data sprzedaży',1368,1),(1301,'Nabywca',1371,1),(1302,'Lp.',1372,1),(1303,'J.m.',1373,1),(1304,'Cena jedn. netto',1374,1),(1305,'Kwota netto',1375,1),(1306,'Kwota VAT',1376,1),(1307,'Wartość brutto',1377,1),(1309,'Słownie',1379,1),(1310,'W tym',1380,1),(1311,'Imię i nazwisko osoby uprawnionej',1381,1),(1312,'do wystawiania faktur',1382,1),(1313,'oraz',1383,1),(1314,'pieczęć',1384,1),(1315,'do odbioru faktur',1385,1),(1316,'KOPIA',1386,1),(1317,'ORYGINAŁ',1387,1),(1318,'DUPLIKAT',1388,1),(1319,'Logo do faktury',1389,1),(1320,'Wyświetl nazwę sklepu i tag',1390,1),(1321,'Nazwa tagu do faktury',1391,1),(1322,'Wyświetl nazwę sklepu',1392,1),(1323,'Aby wydrukować fakturę VAT z firmowym logo, należy wybrać obraz.',1393,1),(1324,'Logo do faktury',1394,1),(1328,'Najczęściej oglądano',1398,1),(1329,'Ostatnio oglądane',1399,1),(1330,'Najczęściej oglądano',1400,1),(1331,'Dodaj skalę opinii',1401,1),(1332,'Skala opinii',1402,1),(1333,'UWAGA ! Kolejność musi zostać zachowana - rosnąco. Np: źle, normalnie, dobrze',1403,1),(1334,'Edytuj skalę opinii',1404,1),(1335,'Skala opinii jest dowiązana do następujących typów opinii',1405,1),(1338,'Wpisz treść w formie HTML',1408,1),(1339,'Wpisz treść w formie Tekstowej',1409,1),(1340,'Z tym produktem kupiono również',1410,1),(1341,'Kupiono również',1411,1),(1342,'Reguła',1412,1),(1343,'Informacje podstawowe',1413,1),(1344,'Nazwa reguły',1414,1),(1345,'Nieaktywna',1415,1),(1346,'Obowiązuje od',1416,1),(1347,'Obowiązuje do',1417,1),(1348,'Akcja',1418,1),(1350,'Komentarz do zamówienia',1420,1),(1351,'Klient jeszcze nie skomentował tego zamówienia',1421,1),(1352,'Dodaj komentarz',1422,1),(1353,'Wstrzymaj dalsze promocje',1423,1),(1354,'Naliczaj dalsze promocje',1424,1),(1355,'Sposób użycia',1425,1),(1356,'Klienci on-line',1426,1),(1357,'Wybierz sposób użycia.',1427,1),(1358,'Dziedziczenie promocji',1428,1),(1360,'Zmniejsz o procent',1430,1),(1361,'Zwiększ o procent',1431,1),(1362,'Zwiększ o konkretną kwotę',1432,1),(1363,'Zmniejsz o konkretną kwotę',1433,1),(1364,'Podaj konkretną wartość',1434,1),(1365,'Niepoprawna wartość w polu priorytet.',1435,1),(1366,'Domyślny adres',1436,1),(1369,'Deinstalacja paczki nie powiodła się.',1439,1),(1370,'Instalacja paczki nie powiodła się.',1440,1),(1371,'Proszę czekać...',1441,1),(1372,'Trwa instalacja paczki',1442,1),(1373,'Wystąpił błąd',1443,1),(1374,'Instalacja',1444,1),(1375,'Aktualizacja',1445,1),(1376,'Trwa aktualizacja paczki',1446,1),(1377,'z wersji',1447,1),(1378,'do wersji',1448,1),(1379,'Trwa deinstalacja paczki',1449,1),(1380,'Deinstalacja',1450,1),(1381,'Akcja zakończona pomyślnie',1451,1),(1382,'Jeśli strona nie przeładuje się automatycznie, powinieneś zrobić to ręcznie przed kontynuacją pracy.',1452,1),(1386,'Role użytkowników',1456,1),(1387,'Grupy klientów',1457,1),(1388,'Opis kuriera',1458,1),(1389,'Logo',1459,1),(1391,'Moduł płatności powiązany jest ze statusem zamówienia',1461,1),(1397,'Email potwierdzający',1467,1),(1398,'Formularz potwierdzający',1468,1),(1403,'Format tytułu',1473,1),(1404,'Tytuł jest ograniczony do 50 znaków. Niektóre litery/symbole są liczone jako więcej niż 1 znak.',1474,1),(1405,'Stan',1475,1),(1406,'Nowy',1476,1),(1407,'Używany',1477,1),(1408,'Wstaw opis produktu ze sklepu',1478,1),(1409,'Wstaw opis produktu ręcznie',1479,1),(1411,'Użyj zdjęcia głównego, jako miniaturki',1481,1),(1412,'Wybierz inne zdjęcie',1482,1),(1414,'Format sprzedaży',1484,1),(1416,'Kup Teraz!',1486,1),(1417,'Grupy statusów zamówień',1487,1),(1419,'Dodaj grupę statusów',1489,1),(1420,'Edytuj grupę statusów',1490,1),(1421,'Faktura VAT',1491,1),(1422,'Faktura PROFORMA',1492,1),(1423,'Typ faktury',1493,1),(1424,'Wybierz rodzaj faktury',1494,1),(1425,'Rodzaje faktur',1495,1),(1426,'Dodaj rodzaj faktury',1496,1),(1427,'Usuwalny',1497,1),(1428,'Edytuj rodzaj faktury',1498,1),(1429,'Lista rodzajów faktur',1499,1),(1430,'Dodaj rodzaj faktury',1500,1),(1431,'Wybierz grupę statusów zamówień',1501,1),(1432,'Błąd podczas dodawania nowego typu faktury.',1502,1),(1433,'Ten rodzaj faktury nie może zostać usunięty.',1503,1),(1434,'Usuń rodzaj faktury',1504,1),(1435,'Przykładowy rodzaj faktury',1505,1),(1436,'Usunąć ten rodzaj faktury?',1506,1),(1437,'Wpisz wagę towaru',1507,1),(1438,'Kg',1508,1),(1439,'Koszt wysyłki - wagowy',1509,1),(1440,'E-mail nadawcy',1510,1),(1441,'Wpisz e-mail nadawcy',1511,1),(1443,'Wpisz nazwę nadawcy',1513,1),(1445,'Wpisz treść powitania',1515,1),(1447,'Wpisz treść stopki',1517,1),(1449,'Wybierz akcesoria',1040,1),(1482,'Domyślna nazwa sklepu',1519,1),(1501,'Treść powitania',1514,1),(1505,'Treść stopki',1516,1),(1507,'Nazwa nadawcy',1512,1),(1511,'Cena wywoławcza aukcji',1522,1),(1513,'Cena za sztukę',1523,1),(1515,'Cena wywoławcza',1524,1),(1517,'Cena \'Kup teraz\'',1525,1),(1519,'Dostępna liczba sztuk',1526,1),(1525,'Identyfikator użytkownika oferującego najwyższą cenę',1529,1),(1537,'Pogrubiony tytuł',1535,1),(1547,'Kupujacy płaci za przesyłkę',1540,1),(1595,'Liczba przedmiotów, które nie zostały sprzedane, ale mogłyby być (w otwartej aukcji)',1564,1),(1597,'Liczba przedmiotów, które zostały kupione',1565,1),(1599,'Liczba ofert na aukcji',1566,1),(1605,'Login użytkownika z najwyższą ofertą',1569,1),(1607,'Liczba punktów użytkownika z najwyższą ofertą',1570,1),(1609,'Kraj użytkownika z najwyższą ofertą',1571,1),(1617,'Ilość osób obserwujących aukcję',1575,1),(1619,'Spawdź, czy aukcja posiada cenę \'Kup Teraz\'',1576,1),(1625,'Ile minu przed zakończeniem aukcji chcesz dostać raport',1579,1),(1657,'Prowizja ',1589,1),(1722,'Poprzednia kategoria',1590,1),(1724,'Następna kategoria',1591,1),(1742,'Minus',1592,1),(1940,'Kategoria sklepu',1604,1),(1945,'aktywna do',1606,1),(1954,'Wybierz sklep',1609,1),(1959,'Domyśny e-mail sklepu',1611,1),(1961,'Zmień e-mail lub nazwę nadawcy',1612,1),(1963,'Aby zmienić e-mail lub nazwę nadawcy, należy edytować globalne ustawienia Allegro sklepu.',1613,1),(1969,'Tekst wyświetlający się na górze wiadomości e-mail, wysyłanej podczas potwierdzenia zakupów na Allegro.',1616,1),(1971,'Tekst wyświetlający się na dole wiadomości e-mail, wysyłanej podczas potwierdzenia zakupów na Allegro.',1617,1),(1973,'Tytuł formularza',1618,1),(1975,'Wpisz tytuł formularza',1619,1),(1977,'Adres linku pomocy',1620,1),(1979,'Treść boksu rejestracji',1621,1),(1981,'Wpisz treść boksu rejestracji',1622,1),(1983,'Treść boksu pojawiająca się podczas wyświetlania formularza rejestracji klienta',1623,1),(1985,'Po potwierdzeniu zamówienia wyświetl produkty',1624,1),(1987,'Promocyjne',1625,1),(1993,'Linki do sklepu',1628,1),(1995,'Zachęta do rejestracji',1629,1),(1997,'Tekst w boksie produktów',1630,1),(1999,'Tekst ten pojawi się w boksie, którego rodzaj sam wybierzesz. Sam boks pojawi się dopiero po potwierdzeniu.',1631,1),(2001,'Treść lewego boksu',1632,1),(2003,'Treść prawego boksu',1633,1),(2005,'Tekst wyświetlający się na formularzu. W tym miejscu możesz wstawiać najważniejsze informacje dotyczące np. zamówień Allegro',1634,1),(2010,'Tekst po prawidłowym potwierdzeniu zamówienia',1635,1),(2018,'Tekst, który pojawi się zaraz po potwierdzeniu zamówienia',1636,1),(2021,'Tekst błędnego potwierdzenia zamówienia',1637,1),(2043,'Tekst ten pojawi się wyłącznie wtedy, gdy system napotka problem z automatycznym potwierdzeniem zamówienia w sklepie',1638,1),(2110,'Szerokość',1639,1),(2112,'Wysokość',1640,1),(2116,'Ustawienia galerii',1642,1),(2120,'Rozmiar zdjęcia normalnego',1644,1),(2125,'Miniaturka',1643,1),(2126,'Sklepy',1645,1),(2128,'Tytuł',1646,1),(2130,'Lista szablonów użytkownika Allegro',1647,1),(2132,'Wpisz tytuł',1648,1),(2153,'Darmowe opcje przesyłki',1653,1),(2190,'Wybierz sklep',1654,1),(2192,'Szybkie menu',1655,1),(2195,'Wykres',1656,1),(2200,'Sprzedaż',1657,1),(2202,'Dzisiaj',1658,1),(2204,'Bieżący miesiąc',1659,1),(2208,'Ostatnie zamówienia',1661,1),(2213,'Odbiór osobisty',1662,1),(2230,'Przesyłka elektroniczna (e-mail)',1663,1),(2232,'Nowi klienci',1664,1),(2244,'Paczka pocztowa priorytetowa',1667,1),(2246,'List priorytetowy',1668,1),(2248,'Przesyłka pobraniowa',1669,1),(2250,'Średnia dzienna',1670,1),(2252,'Łącznie',1672,1),(2256,'w',1673,1),(2258,'Przesyłka pobraniowa priorytetowa',1674,1),(2260,'List polecony priorytetowy',1675,1),(2262,'Przesyłka kurierska',1676,1),(2381,'Przesyłka kurierska pobraniowa',1677,1),(2383,'Opcje dotyczące transportu',1678,1),(2943,'Szukaj',323,1),(2945,'Opis i zdjęcia',1687,1),(2963,'Tytuł jest ograniczony do 50 znaków. Tagi HTML nie są widoczne. Niektóre symbole liczone są jako więcej  niż 1 znak: polskie znaki (np. ą, ę, ź, ć)- 2 znaki, \" - 6 znaków, < lub > - 4 znaki, &- 6 znaków. Możesz korzystać z dynamicznych tagów. Najpopul',1689,1),(2969,'Państwo',1690,1),(2971,'Miasto',1691,1),(2973,'Imię i nazwisko',1692,1),(2978,'Razem',1378,1),(2980,'Status i komentarze',1693,1),(2998,'Szczegółowo i rzetelnie opisz stan przedmiotu',1695,1),(3000,'Szczegółowo i rzetelnie opisz stan przedmiotu. W edytorze wizualnym łatwo przygotujesz opis bez znajomości HTML. Możesz używać znaczników HTML np <b>Kupuj u mnie</b>',1696,1),(3002,'Cena i czas trwania',1697,1),(3004,'Cena wywoławcza',1698,1),(3006,'Licz cenę wg wzoru',1699,1),(3008,'Cena wywoławcza = % ceny brutto w sklepie',1700,1),(3010,'Wypełnij pole licz cenę wg wzoru',1701,1),(3012,'Cena od której rozpocznie się licytacja. Najniższa cena wywoławcza to 1 zł. Przy zastosowaniu wzoru, cena wywoławcza to iloczyn podanej wartości procentowej z ceną produktu w sklepie.',1702,1),(3014,'Opcja Kup Teraz! umożliwia sprzedaż przedmiotu bez licytacji, za stałą cenę. Najniższa cena kup teraz to 1 zł. Opcja ta znika, gdy ktoś zalicytuje, a w aukcji z ceną minimalną, gdy cena ta zostanie osiągnięta. W przypadku formatu Aukcja (z licytacją) opcj',1703,1),(3018,'Sztuk',1705,1),(3020,'Zestaw',1706,1),(3022,'Pary',1707,1),(3024,'Rodzaj ilości',1708,1),(3030,'% stanu magazynowego, zaokrąglając do pełnej liczby',1711,1),(3032,'wybraną ilość sztuk',1712,1),(3034,'% stanu magazynowego, zaokrąglając do pełnej liczby',1713,1),(3038,'Data rozpoczęcia',1715,1),(3042,'Rozpocznij w innym terminie',1717,1),(3044,'Zostaw w magazynie',1718,1),(3054,'Weź pod uwagę stan magazynowy',1723,1),(3056,'Czas trwania',1724,1),(3058,'Transport i płatność',1725,1),(3060,'Koszt przesyłki pokrywa',1726,1),(3062,'Kupujący',1727,1),(3066,'Opcje dodatkowe',1729,1),(3068,'Twój przedmiot będzie promowany pogrubioną czcionką. Opłata 2,00 zł nie podlega zwrotowi.',1730,1),(3070,'Podświetlenie',1731,1),(3078,'Wyróżnienie',1735,1),(3080,'Twój przedmiot będzie zawsze widoczny na początku listy przedmiotów w wybranej kategorii i w wynikach wyszukiwania. Opłata 12,00 zł- nie podlega zwrotowi.',1736,1),(3082,'Strona kategorii',1737,1),(3084,'Twój przedmiot będzie promowany na liście kategorii. Wymagana ocena: jedna gwiazdka. Opłata 29,00 zł nie podlega zwrotowi. ',1738,1),(3088,'Twój przedmiot będzie promowany na stronie głównej Allegro. Wymagana ocena dwie gwiazdki. Opłata 99 zł - nie podlega zwrotowi.',1741,1),(3090,'Strona główna Allegro',1740,1),(3094,'Wypełnij pole ceny \"Kup Teraz!\"',1743,1),(3098,'Cena \"Kup Teraz!\" = Cena sprzedaży produktu w sklepie',1745,1),(3102,'Wpisz wartość',1747,1),(3111,'Selektor produktów',1751,1),(3116,'Lista sklepów',1754,1),(3118,'Namespace',1755,1),(3120,'Dodaj sklep',1756,1),(3128,'Edytuj sklep',1760,1),(3132,'Główne informacje',1762,1),(3134,'Dodatkowe informacje',1763,1),(3138,'MultiStore',1765,1),(3140,'Widok',1766,1),(3142,'W celu wygenerowania nowego hasła zaznacz checkbox',887,1),(3144,'Obramowanie',1767,1),(3146,'Kolor',1768,1),(3148,'Szablon stylów sklepu',1769,1),(3150,'Opcje główne',1770,1),(3152,'Tło sklepu',1771,1),(3154,'Krój czcionki sklepu',1772,1),(3156,'Tło stopki ',1773,1),(3158,'Krój czcionki stopki',1774,1),(3160,'Zaokrąglenie rogów obramowania',1775,1),(3164,'Odstęp za akapitem',1777,1),(3166,'Wpisz nazwę tagu do faktury',1778,1),(3170,'Wybierz sklep',1780,1),(3172,'Wybierz rodzaj faktury',1781,1),(3174,'Wartość od',1782,1),(3176,'Wartość do',1783,1),(3178,'Oryginał i kopia',1784,1),(3180,'Wartość zamówienia',1785,1),(3182,'Dodaj do listy życzeń',1786,1),(3184,'Interlinia',1787,1),(3186,'Domyślny boks',1788,1),(3188,'Kolor tła nagłówka',1789,1),(3190,'Brak szukanych fraz',1790,1),(3192,'Wybierz kategorie sklepu jakie mają być wyświetlane w danym widoku',1791,1),(3194,'Formularze',1792,1),(3196,'Karta produktu',1793,1),(3198,'Katalog produktów',1794,1),(3200,'Nazwa szablonu',1795,1),(3202,'Wpisz nazwę szablonu',1796,1),(3206,'Lista szablonów CSS sklepu',1798,1),(3208,'Nowy szablon stylów sklepu',1799,1),(3212,'Brak treści',579,1),(3218,'Zaznacz sklepy, w których wyświetlić rekord. Zostaną zastosowane ustawienia globalne lub dla danego sklepu.',1801,1),(3220,'Eksport faktur',1779,1),(3224,'Uprawnienia dla',1802,1),(3225,'Wybierz klienta',1803,1),(3227,'Błędny format NIPu',1804,1),(3229,'Dodaj pliki',1805,1),(3231,'Błędny format numeru konta bankowego',1806,1),(3235,'Miara',1807,1),(3237,'Waga',1460,1),(3239,'Miara produktu',1808,1),(3243,'Wygląd',1810,1),(3245,'Wybierz sklep w celu dodania zestawu produktu',1811,1),(3247,'Szablony boksów',1812,1),(3249,'Nowy szablon boksu',1813,1),(3251,'Edycja szalbonu boksu',1814,1),(3253,'Lista szablonów boxów',1815,1),(3255,'Nowy boks',1816,1),(3259,'Ustawienia boksu',1818,1),(3261,'Tytuł boksu',1819,1),(3263,'Zawartość boksu',1820,1),(3265,'Zachowanie boksu',1821,1),(3267,'Wpisz nazwę szablonu',1822,1),(3269,'Grafika',1823,1),(3271,'Wybierz szablon',1824,1),(3273,'Edycja boksu',1825,1),(3275,'Firmy',1749,1),(3276,'Firmy',1757,1),(3277,'Dodaj firmę',1758,1),(3278,'Edytuj firmę',1761,1),(3279,'Sklepy',1750,1),(3280,'Globalny',1826,1),(3282,'Klienci w tej grupie',1827,1),(3284,'Klienci w sklepie',1828,1),(3286,'Metody płatności i wysyłki',1829,1),(3288,'Automatyczny awans',1830,1),(3290,'Uwzględniaj wartość',1831,1),(3292,'Układ podstron',1832,1),(3294,'Edycja układu podstron',1833,1),(3296,'Kolumny podstrony',1834,1),(3298,'Określenie kolumn',1835,1),(3300,'Określenie boksów',1836,1),(3302,'Ilość kolumn na rozciągnięcie boksu',1837,1),(3304,'Zwinąć box?',1838,1),(3316,'Wpisz szerokość kolumny',1844,1),(3318,'Rodzaj notatki',1845,1),(3320,'Szablon ma być domyślny?',1846,1),(3322,'Wybierz podstronę',1847,1),(3324,'Modyfikatory cenowe',1848,1),(3326,'Sposób wyświetlania cen',1849,1),(3328,'Informacja',1850,1),(3330,'Okres czasu',1660,1),(3331,'Kolor nagłówka',1851,1),(3333,'Opcje nagłówka',1852,1),(3335,'Opcje stopki',1853,1),(3337,'Zakres czasu',1854,1),(3339,'Dodaj nowy zakres czasu',1855,1),(3341,'Edytuj zakres czasu',1856,1),(3345,'Weryfikuj konto',1858,1),(3347,'Błędny login lub PIN',1859,1),(3349,'Aktywacja konta',1860,1),(3351,'Gratuluje. Konto zostało aktywowane. Możesz zalogować się na konto podając swój login oraz hasło',1861,1),(3353,'Stopka',1862,1),(3355,'Nazwa przykładowego boksu',1863,1),(3357,'Tekst zawartości przykładowego boksu',1864,1),(3359,'Kliknij w link, aby aktywować konto',1865,1),(3361,'Nowości',1866,1),(3367,'Ustawienia zawartości',1868,1),(3369,'Menu kategorii',1869,1),(3389,'Poza Internet Explorerem',1776,1),(3391,'Szablony boksów',1879,1),(3393,'Szablony stylów',1880,1),(3397,'Ustaw jako domyślny',1882,1),(3403,'Typ operacji',1885,1),(3409,'Rodzaj danych',1888,1),(3413,'Reguły katalogu',1889,1),(3415,'Reguły koszyka',1890,1),(3417,'Lista kategorii w sklepie',1891,1),(3419,'Tekst',1892,1),(3421,'Lista produktów promocyjnych',1893,1),(3423,'Lista nowych produktów',1894,1),(3425,'Grafika',1895,1),(3427,'Ankieta',1896,1),(3429,'Wiadomość',1897,1),(3431,'Lista produktów',1898,1),(3433,'Lista produktów w kategorii',1900,1),(3437,'Lista reguł katalogu',1899,1),(3439,'Lista produktów podobnych',1902,1),(3441,'Lista produktów up-sell',1903,1),(3443,'Kategoria',1904,1),(3445,'Produkt',1905,1),(3447,'Nawigacja warstwowa',1906,1),(3449,'Wiadomości',1907,1),(3451,'Dane kontaktowe',1908,1),(3453,'Lista produktów cross-sell',1901,1),(3457,'Edycja reguły katalogu',1910,1),(3459,'Cena od',1911,1),(3461,'Cena do',1912,1),(3463,'Produkt jest nowością',1913,1),(3465,'Wprowadź nazwę dla nowej reguły katalogu',1914,1),(3467,'Kolejność wykonywania reguł katalogu została zapisana',1915,1),(3469,'Finalna cena koszyka',1916,1),(3471,'Metody płatności',1917,1),(3473,'Lista reguł koszyka',1918,1),(3475,'Edycja reguły koszyka',1919,1),(3477,'Kolejność wykonywania reguł koszyka została zapisana',1920,1),(3479,'Wprowadź nazwę dla nowej reguły koszyka',1921,1),(3481,'Lista map strony',1922,1),(3483,'Dodaj mapę strony',1923,1),(3485,'Odśwież mapy strony',1924,1),(3487,'Boksy',1817,1),(3489,'Do kasy',1925,1),(3491,'Jednakowy modyfikator dla wszystkich grup',1926,1),(3493,'Nie określono SEO dla produktu',1927,1),(3497,'Potwierdzenie wybranych w regule produktów',1929,1),(3499,'Nie określono SEO dla kategorii',1930,1),(3501,'SEO dla kategorii',1931,1),(3503,'Plik CSV',1932,1),(3505,'Plik XML',1933,1),(3507,'Ustawienia wymiany danych',1934,1),(3509,'Wymiana danych',1935,1),(3511,'Opis',1936,1),(3513,'Rezultat działania reguły',1937,1),(3515,'Ostatni ping',1938,1),(3517,'Pingserver',1939,1),(3519,'Mapowanie danych',1940,1),(3521,'Uruchom import',1941,1),(3525,'Za pomocą poniższych list ustal odpowiedniki pól w pliku.',1943,1),(3527,'Mapy stron',1944,1),(3529,'Nazwa serwisu',1945,1),(3531,'Publikuj kategorie',1946,1),(3533,'Priorytet dla linków kategorii',1947,1),(3535,'Publikuj produkty',1948,1),(3537,'Priorytet dla linków produktów',1949,1),(3539,'Publikuj producentów',1950,1),(3541,'Priorytet dla linków producentów',1951,1),(3543,'Publikuj newsy',1952,1),(3545,'Priorytet dla linków newsów',1953,1),(3547,'Publikuj strony informacyjne',1954,1),(3551,'Edytuj mapę strony',1956,1),(3557,'Import danych z pliku',1887,1),(3558,'Export danych do pliku',1886,1),(3565,'Lista życzeń',1962,1),(3567,'Regulamin sklepu',1963,1),(3569,'Polityka prywatności',1964,1),(3571,'Poleć znajomemu',1965,1),(3573,'Polecił tą stronę',1966,1),(3619,'SEO kontrolerów',1990,1),(3621,'Minimalna wartość zamówienia',1991,1),(3629,'Minimalna wartość zamówienia do wykorzystania punktów',1995,1),(3635,'Automatycznie dodaj punkty za zamówienie, gdy osiągnie ono status z grupy',1998,1),(3711,'Typ zwrotu',2031,1),(3713,'Zwrot pełny',2032,1),(3715,'Zwrot częściowy',2033,1),(3717,'Kwota zwrotu',2034,1),(3719,'Notka dotycząca zwrotu',2035,1),(3733,'Informacje podstawowe',2042,1),(3741,'Treść w formie tekstowej',2046,1),(3742,'Treść w formie HTML',2047,1),(3743,'Lista szablonów transakcyjnych',2048,1),(3745,'Dodaj szablon',2049,1),(3747,'Edycja szablonu',2050,1),(3749,'Szablony transakcyjne',2051,1),(3751,'Lista produktów reguły',2052,1),(3753,'Wybrane produkty',2053,1),(3755,'Lista szablonów nagłówków',2054,1),(3757,'Lista szablonów stopek',2055,1),(3759,'Szablony nagłówków',2056,1),(3761,'Szablony stopek',2057,1),(3766,'Brak nowości',2059,1),(3768,'Brak promocji',2060,1),(3770,'Zamów próbki',2061,1),(3772,'W koszyku znajdują się produkty wirtualne. Sposób dostawy został wybrany automatycznie',2062,1),(3776,'Lista zamówionych próbek',2064,1),(3778,'Zamówione próbki',2065,1),(3784,'Strona',2068,1),(3790,'Powiadomienia względem aktywności',2071,1),(3792,'Data ostatniego zamówienia',2072,1),(3793,'Łączna suma wszystkich zamówień',2073,1),(11799,'Dodaj powiadomienie',2074,1),(11800,'Lista powiadomień względem aktywności',2075,1),(11801,'Strona sklepu',2076,1),(11802,'Strona panelu',2077,1),(11803,'Pusty CMS',2078,1),(11805,'Podkategoria',2079,1),(11807,'Wiadmość nie istnieje',2080,1),(11809,'CMS nie istnieje',2081,1),(11811,'Odśwież',2082,1),(11813,'Administrator sklepu',2083,1),(11814,'Edycja powiadomienia',2084,1),(11815,'Nazwa pliku',2085,1),(11816,'Wpisz nazwę pliku',2086,1),(11820,'Tagi dla akcji',2087,1),(11821,'Wpisana nazwa pliku istnieje już w bazie. Wpisz inną',2088,1),(11824,'Przelew bankowy',2090,1),(11826,'Kupiono również',2091,1),(11828,'Podgląd koszyka',2092,1),(11830,'Adresy klienta',2093,1),(11832,'Formularz logowania',2094,1),(11834,'Zamówienia klienta',2095,1),(11836,'Ustawienia klienta',2096,1),(11838,'Tagi klienta',2097,1),(11840,'CMS',2098,1),(11842,'Sprzedaż krzyżowa',2099,1),(11844,'Dostawa',2100,1),(11846,'Finalizacja zamówienia',2101,1),(11848,'Przypomnij hasło',2102,1),(11850,'Najczęściej szukano',2103,1),(11852,'Newsletter',2104,1),(11854,'Płatność za pobraniem',2105,1),(11856,'Sposób płatności',2106,1),(11858,'Płatność przy odbiorze',2107,1),(11862,'Polityka prywatności',2109,1),(11864,'Lista nowości',2110,1),(11866,'Lista promocji',2111,1),(11868,'Lista wyszukiwanych produktów',2112,1),(11870,'Lista otagowanych produktów',2113,1),(11872,'Poleć znajomemu',2114,1),(11874,'Rejestracja klienta',2115,1),(11876,'Wyszukiwarka',2116,1),(11878,'Produkty podobne',2117,1),(11880,'Tagi',2118,1),(11882,'Regulamin sklepu',2119,1),(11884,'Szablon transakcyjny',2120,1),(11886,'Produkt',2121,1),(11888,'Potwierdzenie wyselekcjonowanych klientów',2122,1),(11914,'Nie podano adresu URL',2140,1),(11918,'Wykonano',2142,1),(11920,'Aktualizuj',2143,1),(11922,'Grupa jest wykorzystywana w ustawieniach automatycznego awansu',2144,1),(11924,'Szablony powiadomień',2145,1),(11926,'Lista szablonów powiadomień',2146,1),(11928,'Lista tagów możliwych do użycia',2147,1),(11930,'Edycja statusu produktu',2148,1),(11932,'Dodaj nowy status produktu',2149,1),(11934,'Uruchom backup',2150,1),(11936,'Dodaj nowy punkt przywracania',2151,1),(11938,'Tytuł wiadomości',2152,1),(11940,'Nazwa pliku szablonu',2153,1),(11942,'Powiadomienia wzgl. aktywności- raport',2154,1),(11944,'Wybierz datę wysyłki powiadomienia, by zobaczyć raport',2155,1),(11946,'Ustawienia punktu przywracania',2156,1),(11948,'Typ danych',2157,1),(11950,'Baza danych SQL',2158,1),(11952,'Struktura plików',2159,1),(11954,'Tworzenie kopii zapasowej bazy SQL',2160,1),(11956,'tabel',2161,1),(11958,'Tworzenie kopii zapasowej struktury plików',2162,1),(11960,'plików',2163,1),(11962,'Waluty',2164,1),(11964,'Waluty',2165,1),(11966,'Nazwa waluty',2166,1),(11968,'Symbol waluty',2167,1),(11970,'Kursy wymiany',2168,1),(11972,'Dodaj walutę',2169,1),(11974,'Pobierz kursy',2170,1),(11976,'Edycja waluty',2171,1),(11978,'Kursy wymiany',2172,1),(11980,'Kliknij link, aby aktywować newsletter.',2173,1),(11982,'Tłumaczenia',2174,1),(11984,'Synchronizacja tłumaczeń',2175,1),(11988,'Status jest wykorzystywany w metodach płatności',4257,1),(11990,'Jeśli nie zapisywałeś się do newsletter lub nie chcesz otrzymywać nowych wiadomości, kliknij w link.',4258,1),(11992,'Link do aktywacji newslettera',4259,1),(11994,'Link do dezaktywacji newslettera',4260,1),(12000,'Brak produktów z atrybutami',4261,1),(12002,'Brak kategorii',4262,1),(12006,'Brak ankiety',4263,1),(12008,'Wartość koszyka musi przekraczać kwotę',4264,1),(12010,'Wartość koszyka nie może być większa niż',4265,1),(12012,'Wartość koszyka wraz z dostawą musi przekroczyć kwotę',4266,1),(12014,'Wartość koszyka wraz z dostawą nie może przekroczyć kwoty',4267,1),(12016,'Spełnij poniższe warunki, a uzyskasz rabat',4268,1),(12018,'lub',4269,1),(12024,'Użyj globalnej',4270,1),(12026,'Użyj globalnej',4271,1),(12028,'Odbierz maila z linkiem aktywującym newsletter',4272,1),(12030,'Odbierz maila z linkiem dezaktywującym newsletter',4273,1),(12035,'Niepoprawny format nr telefonu',657,1),(12037,'Zmień walutę',4275,1),(12039,'Aktywna',1063,1),(12040,'Sklep',4276,1),(12042,'w wybranej walucie',4277,1),(12044,'jednostka w wybranej walucie',4278,1),(12046,'Potwierdzenie złożenia wniosku o raty za zamówienie',4279,1),(12048,'Anulowanie złożenia wniosku o raty za zamówienie',4280,1),(12050,'Proszę skontaktować się z administratorem sklepu w celu uzyskania numeru konta bankowego.',4281,1),(12052,'Wybierz ten adres',4282,1),(12054,'Dziękujemy za złożenie zamówienia.',1323,1),(12060,'Dodaj swoją opinię',4285,1),(12062,'Wybierz ocenę',4286,1),(12064,'Wartość zamówienia przed promocją',4287,1),(12066,'Wartość zamówienia po promocji',4288,1),(12068,'Wartość zamówienia netto',4289,1),(12070,'Wartość zamówienia brutto',4290,1),(12072,'Zamów ponownie',800,1),(12074,'Dostępne formy wysyłki',4291,1),(12076,'Dostępne formy płatności',4292,1),(12078,'Przydatne linki',4293,1),(12080,'Dla tego produktu nie dodano jeszcze tagów',4294,1),(12082,'Brak promocji w sklepie',4295,1),(12084,'Aby dodać opinię musisz być zalogowany',4296,1),(12090,'Poleć nas znajomym',4297,1),(12092,'Napisz opinię jako pierwszy',4298,1),(12094,'Zaloguj się, aby głosować',4299,1),(12096,'Mapa strony',4300,1),(12098,'Waluta sprzedaży',4301,1),(12100,'Waluta zakupu',4302,1),(12102,'Waluta domyślna',4303,1),(12104,'Flaga języka',4304,1),(12106,'Klienci online',4305,1),(12108,'Brak ankiet',4306,1),(26690,'Nie możesz ustawić kategorii nadrzędnej takiej samej jak edytowana kategoria.',4310,1),(32938,'Podsumowanie płatności',4311,1),(32939,'Duplikacja kategorii',4312,1),(35020,'Kod Google Analytics',4314,1),(35021,'Śledź transakcje',4315,1),(35022,'Śledź odwiedziny',4316,1),(37106,'Ten status jest wykorzystywany w produktach',4317,1),(39191,'Ten plik jest wykorzystywany w ustawieniach producenta',4318,1),(41277,'Domyślna waluta języka',4319,1),(41278,'Gość',4320,1),(43367,'Ustawienia developera',4321,1),(43368,'Sklep jest wyłączony',4322,1),(43369,'Kod HTML komunikatu offline',4323,1),(43370,'Zapisz i kontynuuj',4324,1),(43376,'Czy posiadasz już konto w naszym sklepie ?',4326,1),(43378,'Nie posiadam konta i chcę złożyć zamówienie bez rejestracji w sklepie',4325,1),(43379,'Nie posiadam konta ale chcę się zarejestrować',4327,1),(43381,'Posiadam konto i chcę się zalogować',4328,1),(49668,'Zapoznałem się z regulaminem sklepu i akceptuję jego wszystkie postanowienia. Wyrażam zgodę na przetwarzanie moich danych osobowych (zgodnie z ustawą z dnia 29.08.1997r. o Ochronie Danych Osobowych). Dysponuję prawem wglądu do swoich danych, poprawiania ich lub usunięcia. Udostępniam je dobrowolnie.',4330,1),(53861,'Przelew bankowy',4331,1),(53862,'Koszyk',4332,1),(53863,'Lista kategorii',4333,1),(53864,'Ceneo',4334,1),(53865,'Klient',4335,1),(53866,'Książka adresowa',4336,1),(53867,'Logowanie',4337,1),(53868,'Zamówienia',4338,1),(53869,'Ustawienia konta',4339,1),(53870,'Potwierdzenie zamówienia',4340,1),(53871,'Formularz kontaktowy',4341,1),(53872,'Wybór formy dostawy',4342,1),(53873,'Błąd',4343,1),(53874,'Kanał RSS',4344,1),(53875,'Potwierdzenie zamówienia',4345,1),(53876,'Zapomniany login',4346,1),(53877,'Zapomniane hasło',4347,1),(53878,'Google Analytics',4348,1),(53879,'Google Sitemap',4349,1),(53880,'Instalator',4350,1),(53881,'Integracja',4351,1),(53882,'Faktura',4352,1),(53883,'Nawigacja warstwowa',4353,1),(53884,'Logowanie',4354,1),(53885,'Strona główna',4355,1),(53886,'Porzucony koszyk',4356,1),(53887,'Najczęściej szukane',4357,1),(53888,'Newsy',4358,1),(53889,'Newsletter',4359,1),(53891,'Płatność za pobraniem',4361,1),(53892,'Zamówienie',4362,1),(53893,'Płatność',4363,1),(53894,'Płatność przy odbiorze',4364,1),(53895,'Potwierdzenie konta',4365,1),(53896,'Platnosci.pl',4366,1),(53897,'Ankiety',4367,1),(53898,'Produkt',4368,1),(53899,'Produkt',4369,1),(53900,'Zestawy produktów',4370,1),(53901,'Filtrowanie produktów',4371,1),(53902,'Lista produktów',4372,1),(53903,'Nowości w sklepie',4373,1),(53904,'Promocje w sklepie',4374,1),(53905,'Opinie dla produktów',4375,1),(53906,'Wyszukiwarka',4376,1),(53907,'Tagi',4377,1),(53908,'Rejestracja',4378,1),(53909,'Rejestracja',4379,1),(53910,'Wyniki wyszukiwania',4380,1),(53911,'Strona informacyjna',4381,1),(53912,'Lista życzeń',4382,1),(53913,'Mapa strony',4383,1),(53915,'PayPal',4385,1),(53917,'RSS',4387,1),(53918,'PayFlow',4388,1),(53919,'eRaty Żagiel',4389,1),(56075,'Ustawienia koszyka',4390,1),(56077,'Bez przekierowania',4392,1),(56078,'Śledź stan magazynowy produktów',4393,1),(58238,'Godziny pracy działu',4394,1),(58239,'Ustaw uprawnienia użytkownika',4395,1),(58240,'Użytkownik ma uprawnienia globalne',4396,1),(58241,'Waluta jest wykorzystywana jako domyślna dla języka',4397,1),(60407,'Nie wybrałeś państwa',4399,1),(60408,'Potwierdź opuszczenie zamówienia bez zapisania w nim zmian',4400,1),(60409,'Maksymalna waga zamówienia',4401,1),(60410,'Podaj maksymalną wagę dla jakiej ta metoda ma być aktywna',4402,1),(60411,'Bezpłatna dostawa',4403,1),(60412,'Podaj wartość zamówienia dla której niezależnie od wagi wysyłka ma być bezpłatna',4404,1),(60413,'Konto jest zablokowane',1583,1),(62583,'eRaty Żagiel',4405,1),(62584,'Płatność kartą kredytową',4406,1),(62586,'Prezentacja produktów',4408,1),(62587,'Mapa strony',4409,1),(66942,'Kolejność wyświetlania',4412,1),(69120,'Nie wybrano sklepu',4413,1),(69121,'Nie wybrano daty od',4414,1),(69122,'Nie wybrano daty do',4415,1),(69123,'Nie podano namespace',4416,1),(69124,'Nie wybrano firmy',4417,1),(69125,'Nie podano województwa',4418,1),(69127,'Nie wybrano waluty',4419,1),(69128,'Nie wybrano formatu daty',4420,1),(69129,'Nie wybrano strony',4421,1),(69130,'Nie podano nazwy kontrolera',4422,1),(69131,'Dodaj kontroler',4423,1),(69132,'Nie podano symbolu waluty',4424,1),(69133,'Aktualizacja kursów walutowych',4425,1),(69134,'Czy chcesz zaktualizować kursy dla waluty',4426,1),(69135,'Skopiuj tłumaczenia z innego języka',4427,1),(69136,'Nie wybrano sposobu obliczania kosztów',4428,1),(69140,'Nie podano nazwy serwisu',4432,1),(69141,'Nie podano adresu serwera ping',4433,1),(69142,'Nie wybrano szablonu',4434,1),(69143,'Koszty wysłki',510,1),(71345,'Wygeneruj URL na podstawie nazwy',4435,1),(77949,'Wymagana dopłata do zamówienia w wysokości',4436,1),(80152,'Aby zrealizować zamówienie musisz dodać do koszyka produkty o wartości',4437,1),(82356,'Śledzenie stanu magazynowego',4438,1),(82357,'Płatność za zamówienie została anulowana.',4439,1),(84099,'miesięcznie',4683,1),(84101,'Oblicz ratę',4684,1),(84102,'Załóż konto w',4696,1),(84103,'Zarejestruj się, żebyśmy mogli w przyszłości poprawnie Cię zidentyfikować.Założenie Konta w żaden sposób nie zobowiązuje Cię do zakupów u nas.',4697,1),(84104,'Metoda wysyłki jest wykorzystywana w zamówieniach',4698,1),(84105,'Metoda płatności jest wykorzystywana w zamówieniach',4699,1),(84108,'Tryb katalogu',4701,1),(84110,'Edytuj w nowej karcie',4703,1),(84111,'Pokaż w stopce sklepu',4704,1),(84112,'Pokaż w menu sklepu',4705,1),(84113,'podaj bez http:// na początku',4706,1),(84210,'Wpisz Nick',4708,1),(84238,'Nie wybrano płci',4710,1),(84264,'Błąd. Min. 3 lub maks. 20 znaków.',4711,1),(84265,'Błąd. Wymagane liczby i/lub cyfry.',4712,1),(84266,'Błąd. Min. 3 lub maks. 30 znaków.',4713,1),(84267,'Błąd. Min. 9 lub maks. 15 znaków.',4714,1),(84284,'Wybierz rodzaj dziedziczenia promocji.',4715,1),(84300,'Błędny Nick',4716,1),(84355,'Wystąpił błąd. Strona pod podanym adresem URL nie istnieje lub nie jest aplikacją WordPress',4680,1),(84370,'Błędny adres E-mail',4718,1),(84382,'O Firmie',4496,1),(84406,'Zgadzam się na wysłanie przedmiotu za granicę',4556,1),(84426,'Dodaj błąd',4590,1),(84463,'Dodaj zestaw produktów',4562,1),(84477,'Dodaj mapę strony',4612,1),(84491,'Dodaj link do WordPress',4676,1),(84493,'Historia logowań administratorów',4522,1),(84539,'Pozostałe formularze Allegro',4593,1),(84540,'Linki do pozostałych ustawień i akcji Allegro',4594,1),(84612,'Źle',4558,1),(84646,'Zgłoszone błędy',4548,1),(84647,'Lista błędów',4780,1),(84648,'Zgłoś błąd',4549,1),(84693,'Zmień Nick',4781,1),(84700,'Zmien dane do Twittera',4782,1),(84881,'Format daty',4499,1),(84895,'Wady',4536,1),(84925,'Uszkodzony',4602,1),(84993,'List ekonomiczny',4528,1),(84994,'Paczka pocztowa ekonomiczna',4527,1),(84995,'List polecony ekonomiczny',4529,1),(85062,'Edytuj link do WordPress',4677,1),(85063,'Oferta Eko- Uzytkownika',4601,1),(85064,'Twój przedmiot będzie promowany na liści Eko- Użytkowników, dostępnej ze strony głównej. Warunkiem promowania oferty, jako Eko - Użytkownika, jest wpłata na konto Fundacji Ekologicznej ALL FOR PLANET, nie mniejsza niż 5,00 zł. Opłata nie podlega zwrotowi.',4600,1),(85102,'Akcesoria',4551,1),(85130,'Import z osCommerce',4613,1),(85136,'Wyróżnienie aukcji',4455,1),(85156,'naprawa',4542,1),(85192,'Konto Google Analitycs',4815,1),(85193,'Google Analitycs',4561,1),(85194,'Konto Google Analitycs',4816,1),(85195,'Email Google Analitycs ',4817,1),(85196,'Hasło Google Analitycs ',4818,1),(85225,'wysoki',4540,1),(85226,'najwyższy',4541,1),(85229,'Twój przedmiot będzie promowany poprzez zaznaczenie żółtym kolorem na liście przedmiotów w swojej kategorii i w wynikach wyszukiwania. Opłata dodatkowa 6 zł nie podlega zwrotowi.',1732,1),(85236,'Idealnie',4559,1),(85259,'unieważnienie',4543,1),(85325,'Czy wyświetlane produkty mają być linkami do sklepu, czy tylko zachętą do rejestracji',4521,1),(85343,'niski',4538,1),(85344,'najniższy',4537,1),(85347,'Zdjęcie główne',4589,1),(85361,'Marketing',4443,1),(85385,'Film',4550,1),(85387,'Opłaty Allegro',4824,1),(85424,'Nick',4825,1),(85425,'Nowy Nick',4826,1),(85429,'normalny',4539,1),(85446,'Numer zgłoszenia',4547,1),(85461,'nowy',4544,1),(85496,'Hasło administratora',4616,1),(85497,'Ustawienia migracji z osCommerce',4610,1),(85498,'Login administratora osCommerce',4615,1),(85505,'Czas dostarczenia paczki przez kuriera GLS do 48 h.',4830,1),(85510,'Pasaże',4440,1),(85549,'Add',4511,1),(85550,'Select All',4534,1),(85551,'Delete',4532,1),(85552,'Edit',4531,1),(85553,'Index',4530,1),(85554,'View',4533,1),(85559,'(022) 444 44 44',4691,1),(85567,'PIN',4608,1),(85568,'Weryfikacja konta',4674,1),(85573,'PLN',4692,1),(85639,'Priorytet',4546,1),(85682,'Bestsellers',4611,1),(85750,'Losowe',4520,1),(85791,'ponowne otwarcie',4545,1),(85838,'Kraj sprzedawcy',4485,1),(85839,'Login sprzedawcy',4483,1),(85840,'Sprzedający płaci za przesyłkę',4459,1),(85841,'Liczba punktów sprzedawcy',4484,1),(85842,'Użytkownik z zablokowaną sprzedażą',4491,1),(85860,'Płeć',4882,1),(85924,'Statystyki',4442,1),(85976,'Zadanie',4535,1),(85989,'Lista błędów',4555,1),(85991,'Edytuj listę błędów',4552,1),(85999,'Dzisiaj jest',4510,1),(86002,'Top 10',4497,1),(86081,'Aby wyświetlić .... (zmienic TXT_VIEW_FORM w translation na wlasciwy)',4554,1),(86137,'Znak wodny',4586,1),(86138,'Zaznacz opcję, jeśli chcesz, by Twoje zdjęcia oznaczone były loginem',4573,1),(86148,'Co chcesz teraz zrobić',4557,1),(86149,'Co chcesz dalej zrobić?',4498,1),(86156,'pozostawienie bez zmian',4890,1),(86157,'WordPress',4891,1),(86158,'Lista artykułów WordPress',4892,1),(86160,'odmowa zmian',4893,1),(86162,'Wpisz wiadomość dla Twitter',4894,1),(86259,'WordPress',4687,1),(86282,'Artykuł WordPress',4897,1),(86283,'Lista artykułów WordPress',4898,1),(86302,'Nie podano adresu wtyczki dla Gekosale',4899,1),(86303,'Nie podano loginu administratora w osCommerce',4900,1),(86304,'Nie podano hasła administratora w osCommerce',4901,1),(86313,'Włącz opinie w sklepie',4688,1),(86314,'Włącz tagi w sklepie',4689,1),(86315,'Kolejność',4690,1),(86316,'Slideshow',4902,1),(86317,'Cena promocyjna brutto',4903,1),(86318,'Cena promocyjna netto',4904,1),(88563,'Włącz RSS',4905,1),(88564,'Upload plików do zamówień',4906,1),(88565,'Uploader włączony',4907,1),(88566,'Maksymalny rozmiar pliku',4908,1),(88567,'Rozmiar pojedynczego fragmentu (chunk)',4909,1),(88568,'Dozwolone rozszerzenia',4910,1),(88569,'Dołącz pliki do zamówienia',4911,1),(88570,'Jeżeli chcesz dodać pliki do zamówienia wybierz je z dysku a następnie naciśnij przycisk \"Wgraj\"',4912,1),(88571,'Wybierz pliki',4913,1),(88572,'Wgraj pliki',4914,1),(88573,'Złóż zamówienie',4915,1),(88575,'Firma',4917,1),(88576,'Dodaj do zamówienia',4918,1),(88577,'Zamknij',4919,1),(88578,'&#x3c;Poprzedni',4920,1),(88579,'Następny&#x3e;',4921,1),(88580,'Dziś',4922,1),(88581,'Wystąpił błąd!',4923,1),(88582,'Wybierz sklep',4924,1),(88583,'Dodaj nowy',4925,1),(88584,'Usuń',4926,1),(88585,'Nie można wysłać formularza, ponieważ zawiera on niepoprawne informacje. Przed zapisaniem zmian należy je poprawić.',4927,1),(88586,'Przejdź do pola',4928,1),(88587,'OK',4929,1),(88588,'Przewiń w prawo',4930,1),(88589,'Przewiń w lewo',4931,1),(88590,'Zapisz',4932,1),(88591,'Dodaj nową wartość',4933,1),(88592,'Usuń wartość',4934,1),(88593,'wszystkie',4935,1),(88594,'wszystkie',4936,1),(88595,'Id',4937,1),(88596,'Nazwa',4938,1),(88597,'Cena netto',4939,1),(88598,'Cena brutto',4940,1),(88599,'Cena zakupu netto',4941,1),(88600,'Cena zakupu brutto',4942,1),(88601,'Kod',4943,1),(88602,'Producent',4944,1),(88603,'VAT',4945,1),(88604,'Podatek',4946,1),(88605,'Netto',4947,1),(88606,'Brutto',4948,1),(88607,'Kategoria',4949,1),(88608,'Data dodania',4950,1),(88609,'Autor',4951,1),(88610,'Data modyfikacji',4952,1),(88611,'Autor modyfikacji',4953,1),(88612,'Anuluj wybór',4954,1),(88613,'Wybrane produkty',4955,1),(88614,'Ilość',4956,1),(88615,'Wariant produktu',4957,1),(88616,'Dodaj',4958,1),(88617,'Ukryj listę produktów',4959,1),(88618,'Suma',4960,1),(88619,'Wybrane rekordy',4961,1),(88620,'Anuluj wybór',4962,1),(88621,'Błąd podczas inicjalizacji Datagrida',4963,1),(88622,'Id pliku',4964,1),(88623,'Nazwa pliku',4965,1),(88624,'Typ pliku',4966,1),(88625,'Rozszerzenie',4967,1),(88626,'Anuluj wybór zdjęcia',4968,1),(88627,'Miniatura',4969,1),(88628,'Pokaż miniaturę',4970,1),(88629,'Zdjęcie',4971,1),(88630,'Główne',4972,1),(88631,'Widoczne',4973,1),(88632,'Anuluj wybór',4974,1),(88633,'Błąd podczas wysyłania pliku',4975,1),(88634,'Wysłano pomyślnie',4976,1),(88635,'Przetworzanie pliku na serwerze nie powiodło się',4977,1),(88636,'Nie wszystkie transfery plików zostały ukończone!',4978,1),(88637,'Nie można wysłać formularza, dopóki wszystkie transfery nie zostały zakończone. Poczekaj chwilę i spróbuj jeszcze raz.',4979,1),(88638,'Wybrany plik',4980,1),(88639,'Zestaw cech dla tego produktu',4981,1),(88640,'sugerowane zestawy są pogrubione',4982,1),(88641,'Dodaj nową cechę',4983,1),(88642,'Zapisz nową cechę',4984,1),(88643,'Dodaj nową wartość cechy',4985,1),(88644,'Zapisz nową wartość cechy',4986,1),(88645,'Id wariantu',4987,1),(88646,'Magazyn',4988,1),(88647,'Typ modyfikatora',4989,1),(88648,'Modyfikator',4990,1),(88649,'Cena',4991,1),(88650,'Dodaj nowy wariant',4992,1),(88651,'Zapisz zmiany',4993,1),(88652,'Cechy dostępne w wybranym zestawie',4994,1),(88653,'Cena podst. netto',4995,1),(88654,'Cena podst. brutto',4996,1),(88655,'Rodzaj modyfikatora ceny',4997,1),(88656,'Wartość modyfikatora',4998,1),(88657,'Cena netto wariantu',4999,1),(88658,'Cena brutto wariantu',5000,1),(88659,'Stan magazynowy',5001,1),(88660,'(wybierz cechę)',5002,1),(88661,'Nowa',5003,1),(88662,'Duplikuj',5004,1),(88663,'Nowa podrzędna',5005,1),(88664,'Usuń zaznaczoną',5006,1),(88665,'Zapisz kolejność',5007,1),(88666,'Przywróć kolejność',5008,1),(88667,'Rozwiń wszystkie',5009,1),(88668,'Zwiń wszystkie',5010,1),(88669,'OK',5011,1),(88670,'Anuluj',5012,1),(88671,'Znaleziono dwa elementy o tej samej nazwie na jednym poziomie',5013,1),(88672,'Znaleziono dwa elementy o tej samej nazwie',5014,1),(88673,'Proponowanej struktury nie można zapisać, ponieważ zawiera zduplikowane elementy na tym samym poziomie w tym samym poddrzewie.',5015,1),(88674,'Proponowanej struktury nie można zapisać, ponieważ zawiera zduplikowane elementy.',5016,1),(88675,'Element o tej nazwie już istnieje',5017,1),(88676,'Na jednym poziomie poddrzewa nie mogą się znaleźć dwa elementy o tej samej nazwie.',5018,1),(88677,'Czy na pewno chcesz usunąć tę kategorię?',5019,1),(88678,'Usunięcie będzie nieodwracalne. Przed usunięciem kategorii należy upewnić się, że nie zawiera ona podkategorii.',5020,1),(88679,'Anuluj wybór',5021,1),(88680,'(wybierz lub wpisz cechę)',5022,1),(88681,'Zmień nazwę cechy',5023,1),(88682,'Podaj nową nazwę (pamiętaj, że zmieni się ona we wszystkich grupach i produktach!)',5024,1),(88683,'Zmiana nazwy cechy nie powiodła się',5025,1),(88684,'Wystąpił błąd podczas dokonywania zmiany w bazie danych.',5026,1),(88685,'Zmień nazwę wartości cechy',5027,1),(88686,'Podaj nową nazwę (pamiętaj, że zmieni się ona we wszystkich grupach i produktach!)',5028,1),(88687,'Zmiana nazwy wartości cechy nie powiodła się',5029,1),(88688,'Wystąpił błąd podczas dokonywania zmiany w bazie danych.',5030,1),(88689,'Usuń cechę z grupy',5031,1),(88690,'Usuń cechę z bazy danych',5032,1),(88691,'Usuń',5033,1),(88692,'Anuluj',5034,1),(88693,'Czy na pewno chcesz usunąć tę cechę z bazy danych?',5035,1),(88694,'Spowoduje to utratę wszystkich należących do tej cechy wartości. Ponowne użycie tej cechy będzie wymagało jej dodania do bazy.',5036,1),(88695,'Usunięcie cechy z bazy nie powiodło się.',5037,1),(88696,'Sprawdź, czy usuwana cecha nie jest przypisana któremuś z produktów bądź nie przynależy do innego zestawu cech.',5038,1),(88697,'Edytuj wartości cechy',5039,1),(88698,'Usuń wartość cechy',5040,1),(88699,'Dodaj cechę',5041,1),(88700,'Dodaj wartość cechy',5042,1),(88701,'Cechy',5043,1),(88703,'Id',5045,1),(88704,'Imię',5046,1),(88705,'Nazwisko',5047,1),(88706,'E-mail',5048,1),(88707,'Telefon',5049,1),(88708,'Płeć',5050,1),(88709,'Grupa',5051,1),(88710,'Data utworzenia konta',5052,1),(88711,'Data modyfikacji',5053,1),(88712,'Wybierz klienta',5054,1),(88713,'Ukryj listę klientów',5055,1),(88714,'Dane osobowe',5056,1),(88715,'Adres e-mail',5057,1),(88716,'Przynależy do grupy',5058,1),(88717,'(inny adres)',5059,1),(88719,'Czy zaktualizować dane adresowe?',5061,1),(88720,'Zmieniono klienta dla zamówienia. Czy automatycznie ustawić dane płatnika i dane wysyłki na podstawie danych adresowych klienta?',5062,1),(88721,'Trwa przeliczanie ceny zestawu!',5063,1),(88722,'Nie można zapisać zmian, dopóki przeliczanie nie zostanie ukończone.',5064,1),(88723,'Liczba produktów',5065,1),(88724,'Suma',5066,1),(88725,'Wywołanie metody SetValue dla pola typu FE_ProductAggregator jest niedozwolone.',5067,1),(88726,'Wartość modyfikatora',5068,1),(88727,'Rodzaj modyfikatora',5069,1),(88728,'Uwzględnij podatek VAT',5070,1),(88729,'Stawka VAT',5071,1),(88730,'od',5072,1),(88731,'do',5073,1),(88732,'Dodaj nowy zakres poniżej tego',5074,1),(88733,'Usuń zakres',5075,1),(88734,'godzina',5076,1),(88735,'Zwiń',5077,1),(88736,'Rozwiń',5078,1),(88737,'(Podgląd)',5079,1),(88738,'Kolor',5080,1),(88739,'Gradient',5081,1),(88740,'Grafika',5082,1),(88741,'Wyrównanie tła',5083,1),(88742,'Powtarzanie tła',5084,1),(88743,'bez powtarzania',5085,1),(88744,'w poziomie',5086,1),(88745,'w pionie',5087,1),(88746,'w poziomie i w pionie',5088,1),(88747,'Wybierz plik',5089,1),(88748,'Wysłanie pliku nie powiodło się',5090,1),(88749,'(nie wybrano pliku)',5091,1),(88750,'Pełna ścieżka',5092,1),(88751,'Nazwa pliku',5093,1),(88752,'Rozmiar pliku',5094,1),(88753,'Właściciel',5095,1),(88754,'Ost. modyfikacja',5096,1),(88755,'Usuń plik',5097,1),(88756,'Czy na pewno chcesz usunąć ten plik?',5098,1),(88757,'Jeśli jest on używany w innym miejscu, jego usunięcie może doprowadzić do niepoprawnego wyświetlania sklepu u klientów.',5099,1),(88758,'OK',5100,1),(88759,'Anuluj',5101,1),(88760,'brak',5102,1),(88761,'Górne obramowanie',5103,1),(88762,'Prawe obramowanie',5104,1),(88763,'Dolne obramowanie',5105,1),(88764,'Lewe obramowanie',5106,1),(88765,'Rozdziel strony obramowania',5107,1),(88766,'Rozciągnij',5108,1),(88767,'Zwinięty',5109,1),(88768,'Dodaj boks',5110,1),(88769,'Usuń boks',5111,1),(88770,'Zestaw atrybutów',5112,1),(88771,'Zapisz jako wybrany zestaw',5113,1),(88772,'Zapisz zestaw pod nową nazwą',5114,1),(88773,'Usuń wybrany zestaw',5115,1),(88774,'Wprowadzono niezapisane zmiany',5116,1),(88775,'Do wybranego zestawu danych technicznych wprowadzono niezapisane zmiany. Jeśli zmienisz zestaw bez ich zapisania, zmiany zostaną utracone. Czy zapisać zmiany?',5117,1),(88776,'Zapisz',5118,1),(88777,'Nie zapisuj',5119,1),(88778,'Anuluj zmianę zestawu',5120,1),(88779,'Zapisano zestaw',5121,1),(88780,'Zapisanie zestawu powiodło się.',5122,1),(88781,'Podaj nazwę nowego zestawu atrybutów',5123,1),(88782,'Po usunięciu zestawu, ten produkt nadal będzie posiadał obecnie wybrane dane techniczne, jednak nie będzie możliwe przypisanie ich zestawu innemu produktowi dopóki nie zostanie utworzony nowy zestaw. Czy na pewno chcesz usunąć ten zestaw?',5124,1),(88783,'Usunięto zestaw',5125,1),(88784,'Usunięcie zestawu powiodło się.',5126,1),(88785,'Dodaj nową grupę danych',5127,1),(88786,'Usuń tę grupę danych',5128,1),(88787,'Zapisz',5129,1),(88788,'Usuń',5130,1),(88789,'Zapisano zmiany w grupie',5131,1),(88790,'Zapisanie zmian w grupie danych powiodło się.',5132,1),(88791,'Usuń wybraną grupę danych technicznych',5133,1),(88792,'Trwałe usunięcie spowoduje zniknięcie tej grupy także w przypadku innych produktów. Czy chcesz kontynuować?',5134,1),(88793,'Usunięto grupę danych',5135,1),(88794,'Usunięcie grupy danych powiodło się.',5136,1),(88795,'Zapisz',5137,1),(88796,'Usuń',5138,1),(88797,'Usuń wybrany atrybut',5139,1),(88798,'Trwałe usunięcie spowoduje zniknięcie tego atrybutu także w przypadku innych produktów. Czy chcesz kontynuować?',5140,1),(88799,'Usunięto atrybut',5141,1),(88800,'Usunięcie atrybutu powiodło się.',5142,1),(88801,'Zapisano zmiany w atrybucie',5143,1),(88802,'Zapisanie zmian w atrybucie powiodło się.',5144,1),(88803,'Edytuj wybrany atrybut',5145,1),(88804,'Edytuj wybraną grupę',5146,1),(88805,'Dodaj nowy atrybut do tej grupy',5147,1),(88806,'Edytuj tę wartość w innych językach',5148,1),(88807,'Prosta wartość',5149,1),(88808,'Wartość wielojęzyczna',5150,1),(88809,'Dłuższy tekst',5151,1),(88810,'Obraz',5152,1),(88811,'Tak/Nie',5153,1),(88812,'Kliknij przycisk Uruchom',5154,1),(88813,'Uruchom',5155,1),(88814,'Operacja zakończona powodzeniem',5156,1),(88815,'Pomoc',5157,1),(88816,'Produkt został usunięty z bazy!',5158,1),(88817,'Dostosuj szybki dostęp',5159,1),(88818,'Kiedy podmenu ma zostać rozwinięte?',5160,1),(88819,'Po kliknięciu',5161,1),(88820,'Po najechaniu kursorem',5162,1),(88821,'Po najechaniu kursorem i opóźnieniu',5163,1),(88822,'ms',5164,1),(88824,'Zapamiętaj zawartość i kolejność menu szybkiego dostępu',5165,1),(88825,'Przywróć domyślne',5166,1),(88826,'Przywróć domyślną zawartość i kolejność menu szybkiego dostępu',5167,1),(88828,'Anuluj',5168,1),(88829,'OK',5169,1),(88830,'OK',5170,1),(88831,'Tak',5171,1),(88832,'Nie',5172,1),(88833,'Pokaż menu szybkiego dostępu',5173,1),(88839,'Klawisz szybkiego dostępu',5174,1),(88842,'Typ numeracji faktur',5175,1),(88843,'Termin płatności',1369,1),(88844,'Osoba wystawiająca fakturę',5176,1),(88845,'Zapłacono',5177,1),(88846,'Dodaj fakturę',5178,1),(88847,'dni',5179,1),(88848,'Domyślny termin płatności',5180,1),(88849,'Numer faktury',1346,1),(88851,'VAT',5182,1),(88852,'Korygująca',5183,1),(88853,'PROFORMA',5181,1),(88854,'Data wystawienia',5184,1),(88855,'Wystaw fakturę PROFORMA',5185,1),(88856,'Wystaw fakturę VAT',5186,1),(88857,'Zapłacono',5187,1),(88858,'Pozostało do zapłaty',5188,1),(88859,'Pole może zawierać tylko cyfry, małe i duże litery',5189,1),(88860,'Stronicowanie wyników',5190,1),(88861,'Wyłącz wyświetlanie kategorii',5191,1),(88862,'Wyłącz wyświetlanie produktu',5192,1),(88866,'Konfiguracja oprogramowania',5196,1),(88868,'Wymuś usunięcie index.php z linków',5198,1),(88870,'Zaznacz jeżeli chcesz wymusić usunięcie index.php z linków bez włączonego mod-rewrite. Opcja zależna od konfiguracji serwera.',5199,1),(88871,'Ustawienia e-mail',5200,1),(88872,'Rodzaj mailera',5201,1),(88873,'Serwer poczty',5202,1),(88874,'Port serwera poczty',5203,1),(88875,'Bezpieczne połączenie',5204,1),(88876,'Autentyfikacja SMTP',5205,1),(88877,'Login do serwera SMTP',5206,1),(88878,'Hasło do serwera SMTP',5207,1),(88879,'Nadawca e-mail',5208,1),(88880,'E-mail nadawcy',5209,1),(88881,'Zachowaj proporcje',1641,1),(88882,'Ustaw wymiary małych zdjęć w sklepie',5210,1),(88883,'Ustaw wymiary średnich zdjęć w sklepie',5211,1),(88884,'Ustaw wymiary dużych zdjęć w sklepie',5212,1),(88885,'Odśwież dane SEO',5213,1),(88886,'Moduły płatności',5214,1),(88887,'Adres panelu',5197,1),(88888,'Jeżeli zmienisz adres panelu po zapisaniu ustawień musisz ponownie się zalogować.',5195,1),(88889,'Porównywarki i pasaże',5215,1),(88890,'Informacje META',5216,1),(88891,'Producenci',5217,1),(88892,'Lista produktów producenta',5218,1),(88893,'Dostępni producenci',5219,1),(88894,'Separator dziesiętny',5220,1),(88895,'Ilość miejsc dziesiętnych',5221,1),(88896,'Separator tysięcy',5222,1),(88897,'Preffix dodatni',5223,1),(88898,'Suffix dodatni',5224,1),(88899,'Preffix ujemny',5225,1),(88900,'Suffix ujemny',5226,1),(88901,'Filtruj',5227,1),(88902,'Favicon',5228,1),(88903,'Nie udało się połączyć z kanałem aktualizacji',5229,1),(88904,'Cena promocyjna',5230,1),(88906,'Ustaw cenę sprzedaży dla grupy',5232,1),(88907,'Cena dla grupy',5233,1),(88909,'Cena standardowa',5235,1),(88910,'Ustaw cenę promocyjną dla tej grupy',5231,1),(88911,'Ustaw cenę promocyjną',5234,1),(88912,'Schowek',5236,1),(88913,'Zobacz koszyk',5237,1),(88914,'Promocja do',5238,1),(88915,'Pokaż zdjęcie producenta',5239,1),(88916,'Pokaż opis producenta',5240,1),(88917,'Bot',5241,1),(88918,'Mobile',5242,1),(88919,'Przeglądarka',5243,1),(88920,'System',5244,1),(88921,'Ostatni adres',5245,1),(88923,'Ustawienia API',5246,1),(88924,'Klucz API',5247,1),(88925,'Twoje imię',5248,1),(88926,'Twój e-mail',5249,1),(88927,'Imię znajomego',5250,1),(88928,'E-mail znajomego',5251,1),(88929,'Podaj imię znajomego',5252,1),(88930,'Podaj e-mail znajomego',5253,1),(88931,'Ilość rekordów na stronie',5254,1),(88932,'Akcja po kliknięciu w rekord w liście',5255,1),(88933,'Wejdź w edycję',5256,1),(88934,'Pokaż menu kontektstowe',5257,1),(88935,'Ustawienia interfejsu panelu',5258,1),(88936,'Cena przed promocją',5259,1),(88937,'Wybierz klientów',5260,1),(88938,'Wyślij link znajomemu',5261,1),(88939,'Wiadomość przekazana z serwisu',5262,1),(88940,'poleca stronę, która znajduje się pod adresem',5263,1),(88941,'z komentarzem:',5264,1),(88942,'Polecam Ci',5265,1),(88943,'Wystawianie faktur nie jest możliwe dla klientów nieposiadających numeru NIP.',5266,1),(88944,'Płatność poprzez system platnosci.pl została anulowana. Skontaktuj się z obsługą sklepu aby ustalić szczegóły zapłaty za zamówienie.',5267,1),(88945,'Odśwież szablonami standardowymi',5268,1),(88946,'Wszystkie maile zostaną odświeżone za pomocą plików standardowych dostępnych w design/_tpl/mailerTemplates. Wprowadzone zmiany w szablonach zostaną utracone. Czy kontynuować ?',5269,1),(88947,'Instalacja modułu z Gekolab',5270,1),(88948,'Migracja danych z innego sklepu',5271,1),(88949,'Ustawienia połączenia ze sklepem',5272,1),(88950,'Adres modułu migracji',5273,1),(88951,'Klucz zabezpieczający',5274,1),(90833,'Migracja danych',5462,1),(90834,'Moduł',5463,1),(90835,'Tryb offline',5464,1),(90838,'Sklep będzie widoczny tylko dla zalogowanych administratorów',5465,1),(90839,'Ten moduł musisz podpiąć pod wybrane sklepy i skonfigurować osobno dla każdego z nich po przełączeniu.',5466,1),(90840,'Zapytanie o produkt',5467,1),(90842,'Domyślny komentarz dla zamówienia',5469,1),(90843,'Tłumaczenia',5470,1),(90844,'Lista boksów',5471,1),(90845,'Pliki do zamówienia',5472,1),(90846,'Zobacz raport',5473,1),(90847,'Miniatura',5474,1),(90848,'Niepoprawny adres e-mail',5475,1),(90849,'Wystąpił błąd',5476,1),(90850,'Głębokość',5477,1),(90851,'Ustawienia GekoLab',5478,1),(90852,'Klucz autoryzacyjny GekoLab',5479,1),(90855,'Nazwa produktu',409,1),(90856,'URL produktu',1928,1),(90857,'Wyświetl produkt w sklepie',5193,1),(90858,'Wyświetlaj kategorię w sklepie',5194,1),(90860,'Dodaj nowy adres',2066,1),(90861,'Edytuj ustawienia adresu',2067,1),(90862,'Ustawienia adresów URL',1986,1),(90863,'Integracja z Facebook',5383,1),(90864,'ID aplikacji Facebook',5482,1),(90865,'Klucz (secret) aplikacji Facebook',5483,1),(90866,'Zaloguj się korzystając ze swojego konta na Facebook',5484,1),(90867,'Zarejestruj się korzystając z konta Facebook',5485,1),(90869,'Adres dostawy jest taki sam jak płatnika',4700,1),(90870,'Producenci',919,1),(90871,'netto',1883,1),(90872,'Cena netto',5486,1),(90873,'Jednostka miary',850,1),(90874,'sztuka',5487,1),(90875,'metr kwadratowy',5488,1),(90876,'Facebook \"Lubię to\"',5489,1),(90879,'Edycja aktualności',975,1),(90880,'Aktualności',18,1),(90881,'Dodaj',973,1),(90882,'Tytuł',2043,1),(90883,'Słowa kluczowe',2044,1),(90885,'Opis',2045,1),(90886,'Adres URL',1942,1),(90887,'Dostępność',5490,1),(90888,'W magazynie',5491,1),(90889,'Brak',5492,1),(90890,'Dodaj swoją opinię',5493,1),(90892,'Skrót aktualności',5494,1),(90893,'Czytaj dalej',5495,1),(90894,'Google Analytics',4313,1),(90895,'Rejestracja w sklepie nie jest możliwa w tym momencie',5496,1),(90896,'Ustawienia rejestracji i logowania',5497,1),(90897,'Rejestracja włączona',5498,1),(90898,'Jeżeli wyłączona to zakładanie kont możliwe jest tylko w panelu administracyjnym',5499,1),(90899,'Potwierdzanie rejestracji linkiem',5500,1),(90900,'Konta nieaktywne do czasu kliknięcia w link potwierdzający rejestrację',5501,1),(90901,'Wymuś zalogowanie w sklepie',4702,1),(90902,'Oferta sklepu będzie niewidoczna do czasu zalogowania',5502,1),(90904,'Wiadomości',5503,1),(90905,'Faktury',5504,1),(90906,'Eksport zaznaczonych',5505,1),(90907,'Nie wybrano żadnych faktur do eksportu',5506,1),(90908,'Podaj indywidualny koszt wysyłki jednej sztuki produktu. Koszty wysyłki kalkulowane wagowo lub cenowo zostaną pominięte dla tego produktu i zostanie zastosowany koszt indywidualny. Koszt brutto zostanie obliczony w oparciu o stawkę VAT dla wybranej przez klienta formy wysyłki.',5507,1),(90909,'Ustawienia dostawy',5508,1),(90910,'Koszt dostawy',5509,1),(90912,'Odznacz wybraną kategorię',5511,1),(90913,'Włącz tę opcję jeżeli chcesz korzystać z szyfrowania stron oraz posiadasz działający certyfikat SSL',5512,1),(90914,'Włącz SSL',5513,1),(90915,'Ilość opinii',5514,1),(90916,'Siatka',5515,1),(90917,'Lista',5516,1),(90919,'Produkt występuje w zamówieniach. Możliwe jest tylko jego wyłączenie.',5518,1),(90920,'Wymagana aktywacja konta',5519,1),(90921,'Aktywuj swoje konto w sklepie',5520,1),(90923,'Brak opcji dostawy dla wybranego kraju',5522,1),(90924,'Grupy statusów zamówień',1488,1),(90925,'Status jest wykorzystywany w zamówieniach',5523,1),(90940,'Notatka do zamowienia',5524,1),(90942,'Notatka o kliencie',5526,1),(90943,'Brak notatek o kliencie',5527,1),(90944,'Historia zamówień klienta',5528,1),(90945,'Do tej pory nie złożyłeś żadnego zamówienia.',5529,1),(90946,'Biała lista adresów IP',5530,1),(90948,'Grupy użytkowników',1023,1),(90951,'Nie znaleziono żadnych wyników dla wpisanej frazy. Proszę zmień kryteria wyszukiwania',5532,1),(90953,'Skopiuj adres płatnika',5060,1),(90954,'Informacje dotyczące szablonu',5533,1),(90955,'Postęp wysyłania',5534,1),(90956,'Wysyłanie powiadomień',5535,1),(91023,'Katalog',3,1),(91037,'Szablon sklepu',5536,1),(91038,'Przełącz się na sklep, aby złożyć zamówienie',1809,1),(91053,'Klienci',2,1),(91055,'Adres e-mail nadawcy',848,1),(91056,'Wybierz kategorie, w których ma być wyświetlany produkt.',1070,1),(91057,'Magazyn',5510,1),(91065,'Układ stron sklepu',1881,1),(91066,'Nazwa strony',1842,1),(91067,'Wpisz nazwę kolumny',1841,1),(91068,'Nazwa kolumny',1840,1),(91069,'Dodanie układu',1839,1),(91070,'Nie możesz skasować jedynego sklepu.',5537,1),(91071,'Nie można skasować jedynej stawki VAT.',5538,1),(91072,'Klient nie złożył innych zamówień.',5539,1),(91073,'Brak notatek do zamówienia. Notatki możesz w każdej chwili dodać za pomocą formularza w zakładce Ogólne.',5525,1),(91074,'Brak historii zmian w zamówieniu. W każdej chwili możesz zmienić status zamówienia oraz dodać komentarze w zakładce Ogólne.',1221,1),(91075,'W sklepie nie zostały zdefiniowane jeszcze żadne kategorie. Po ich stworzeniu w tej zakładce będzie możliwe podpięcie ich pod sklep.',5540,1),(91076,'Lista kategorii głównych',5541,1),(91077,'Lista wybranych produktów',5542,1),(91078,'Lista klientów zapisanych do Newslettera',827,1),(91080,'Lista klientów zapisanych do Newslettera',953,1),(91081,'Zapisani do newslettera',841,1),(91082,'Wartości cech',5044,1),(91083,'Wartości cech',1067,1),(91084,'Edytor styli',1797,1),(91085,'Biała lista adresów IP oznacza komputery z których można pobierać plik dla porównywarki.',5543,1),(91086,'Zaawansowane',5544,1),(91087,'Pokaż w sklepie',5545,1),(91088,'Dodaj produkt',5546,1),(91089,'Eksportuj',5547,1),(91090,'Biblioteka szablonów',5521,1),(91091,'Edytor styli',1800,1),(91099,'Atrybuty produktu',199,1),(91100,'Atrybuty produktu',2058,1),(91101,'Strony informacyjne',543,1),(91102,'Lista stron informacyjnych',544,1),(91103,'Dodawanie stron informacyjnych',545,1),(91104,'Edycja stron informacyjnych',546,1),(91105,'Dodaj stronę informacyjną',979,1),(91106,'Edytuj stronę informacyjną',980,1),(91107,'Priorytet dla linków stron informacyjnych',1955,1),(91108,'Nazwa grupy',1122,1),(91109,'Nazwa zestawu atrybutów',5548,1),(91110,'Aktualnie nie istnieją jeszcze żadne grupy atrybutów. Nie czekaj i dodaj pierwszy zestaw.',5549,1),(91111,'Dodaj zestaw atrybutów',5550,1),(91112,'Nazwa zestawu atrybutów',5551,1),(91113,'Czy na pewno chcesz usunąć ten zestaw?',1254,1),(91114,'Własne tagi META',5552,1),(91115,'Nie wybrano szablonu sklepu',5553,1),(91116,'Nie podano nazwy nadawcy',5554,1),(91117,'Nie podano adresu e-mail nadawcy',5555,1),(91118,'Dodaj zestaw wariantów',5556,1),(91119,'Aktualnie nie istnieją jeszcze żadne grupy wariantów. Nie czekaj i dodaj pierwszy zestaw.',1124,1),(91120,'Wprowadź nazwę dla nowego zestawu wariantów',1318,1),(91121,'Zarządzaj usługą',5557,1),(93629,'Szczegóły zamówienia',5558,1),(93630,'Pobierz fakturę',5559,1),(93631,'Lista faktur wystawionych do tego zamówienia',5560,1),(93632,'Przekieruj do koszyka po dodaniu produktu',4391,1),(93633,'został dodany do koszyka.',5561,1),(93634,'Przejdź do koszyka',5562,1),(93635,'Produkt jest',5563,1),(96149,'Warunki sklepu oraz biuletyn okazji',5564,1),(96151,'Formularz kontaktowy',5565,1),(96152,'Osoba fizyczna',4916,1),(96153,'Symbol statusu',5566,1),(96154,'Nowość',5567,1),(96155,'Aby korzystać z newslettera, musisz zaakceptować Politykę Prywatności.',5568,1),(96156,'Zamknij',5569,1),(96157,'Zapisz zmiany',5570,1),(96158,'Lista grup atrybutów',5571,1),(96159,'Promocje',5572,1),(96160,'Statystyki sprzedaży',5573,1),(96161,'Porównywarki',5574,1),(96162,'Reguły koszyka',5575,1),(96163,'Zamówienie zostało zapisane.',5576,1),(96164,'Powiązane:',5577,1),(96165,'Lista przekierowań',5578,1),(96166,'Kupili również...',5579,1),(96167,'Bestsellery',5580,1),(96168,'Lista crosselingu',5581,1),(96169,'Tabela cen od wagi',5582,1),(96170,'Metody płatności',5583,1),(96171,'Biblioteka szablonów',5584,1),(96172,'Dodaj wtyczkę',5585,1),(96173,'Ustawienia sklepu',5586,1),(96174,'Dodaj zamówienie',5587,1),(96175,'Szybki start:',5588,1),(96176,'Pokaż klientów',5589,1),(96177,'Sprawdź zamówienia',5590,1),(96178,'Dodaj przesyłkę',5591,1),(96179,'Przesyłki',5592,1),(96180,'Edycja statusów',5593,1),(96181,'Metody dostawy',5594,1),(96182,'Metody dostawy',5595,1),(96183,'Warianty',5596,1),(96184,'Grupy klientów',5597,1),(96185,'Nie ustawiono jeszcze metod dostawy.',5598,1),(96186,'Nie ustawiono jeszcze metod płatności.',5599,1),(96187,'Nowa reguła koszyka',5600,1),(96188,'Przesyłki',5601,1),(96189,'Status zamówienia',5602,1),(96190,'Wartość pobrania',5603,1),(96191,'Powiadom klienta',5604,1),(96192,'Przesyłka',5605,1),(96193,'Przesyłka została nadana do zamówienia:',5606,1),(96194,'Wartość przesyłki',5607,1),(96195,'Data nadania',5608,1),(96196,'List przewozowy',5609,1),(96197,'Numer przesyłki',5610,1),(96198,'Waga [kg]',5611,1),(96199,'Nie zmieniaj statusu',5612,1),(96200,'Wartość',5613,1),(96201,'Metoda dostawy',5614,1),(96202,'List przewozowy',5615,1),(96203,'Nadaj paczki',5616,1),(96204,'Drukuj przesyłki',5617,1),(96205,'Numer',5618,1),(96206,'Akceptuję <a href=\'/admin/shipment/agreement\' target=\'_blank\'>regulamin serwisu Superpaczka.pl</a> który obsługuje przesyłki',5619,1),(96207,'Pobranie',5620,1),(96208,'Wymiary',5621,1),(96209,'Idź do płatności',5622,1),(96210,'Ważne:',5623,1),(96211,'Musisz zaakceptować regulamin serwisu Superpaczka.pl który obsługuje przesyłki',5624,1),(96212,'Zam.',5625,1),(96213,'Poznaj zasady pakowania przesyłek',5626,1),(96214,'Nadaj i wyślij przesyłki do zamówień',5627,1),(96215,'Faktury i dokumenty dot. płatności zostaną wystawione przez Superpaczka.pl.',5628,1),(96216,'Nr.',5629,1),(96217,'Zasady pakowania przesyłek',5630,1),(96218,'Cena',5631,1),(96219,'Regulamin serwisu Superpaczka.pl',5632,1),(96220,'Przesyłki są nadawane przez Superpaczka.pl przy użyciu DPD i muszą być zapakowane zgodnie z zasadami.',5633,1),(96221,'Zawartość przesyłki',5634,1),(96222,'głęb.',5635,1),(96223,'wys.',5636,1),(96224,'Nie wybrano żadnych przesyłek z listy.',5637,1),(96225,'szer.',5638,1),(96226,'Podobne produkty',5639,1),(96227,'Dodaj mapę',5640,1),(96228,'Mapy strony',5641,1),(96229,'Aktywni klienci',5642,1),(96230,'Wyślij powiadomienia',5643,1),(96231,'Stopki maili',5644,1),(96232,'Zamówione towary',5645,1),(96233,'Do zamówienia:',5646,1),(96234,'Numeracja przesyłek',5647,1),(96235,'Do zamówienia nie zostały wystawione jeszcze żadne faktury.',5648,1),(96236,'Typ klienta',5649,1),(96237,'oraz bezpłatną dostawę',5650,1),(96238,'Przekierowanie strony',5651,1),(96240,'Domyślnie',570,1),(96241,'Wpisz e-mail podany przy rejestracji. Na podany adres zostanie wysłany link służący do resetowania hasła. Po kliknięciu możesz ustawić nowe hasło do sklepu.',5652,1),(96242,'Link z jakiego skorzystałeś jest nieprawidłowy. Skontaktuj się z obsługą sklepu.',1332,1),(96243,'Na podany e-mail wysłano wiadomość z linkiem pozwalającym na zresetowanie hasła.',4274,1),(96244,'Potwierdź zamówienie',5653,1),(96245,'Chcę założyć konto klienta w sklepie',5654,1),(96246,'Adres do wysyłki inny niż dane zamawiającego',5655,1),(96247,'Krok 1',5656,1),(96248,'Krok 2',5657,1),(96249,'Krok 3',5658,1),(96250,'Dane adresowe',5659,1),(96251,'Podsumowanie',5660,1),(96252,'Potwierdzenie i płatność',5661,1),(96253,'Wiadomość do nas dotarła. Skontaktujemy się w najszybszym, możliwym terminie.',5662,1),(96254,'Następna strona',310,1),(96255,'Poprzednia strona',311,1),(96256,'Dane kontaktowe',5663,1),(96257,'Dane do faktury',5664,1),(96258,'Zamknij',5665,1),(96259,'Zapisz zmiany',5666,1),(96260,'Twoja opinia została dodana.',5667,1),(96261,'Opinia została przekazana administratorowi sklepu. Pojawi się po weryfikacji.',5668,1),(96262,'Adres e-mail został zmieniony. Nastąpiło wylogowanie. Proszę zalogować się ponownie na nowy adres e-mail.',744,1),(96263,'Adresy w zamówieniu',5669,1),(96264,'Nawigacja konta klienta',5670,1),(96265,'Opis produktu',5671,1),(96266,'Akceptuję %s sklepu internetowego %s',5672,1),(96267,'Regulamin',1419,1),(96268,'Chcę otrzymywać informacje o promocjach, wyprzedażach i nowościach',5673,1),(96269,'Nikt nie skomentował jeszcze tego produktu',5674,1),(96270,'Produkt skomentowała %s osoba',5675,1),(96271,'Produkt skomentowało %s osób',5676,1),(96272,'Produkt skomentowały %s osoby',5677,1),(96273,'Musisz podać skróconą nazwę firmy',5678,1),(96274,'Menu stron CMS',5679,1),(96275,'warunki biuletynu',5680,1),(96276,'Akceptuję',5681,1),(96277,'Zapisz się',5682,1),(96278,'Otrzymuj na bieżąco informacje o promocjach, wyprzedażach, nowościach i ofertach specjalnych!',5683,1),(96279,'Aby korzystać z newslettera, zaakceptuj regulamin.',5684,1),(96280,'Podany adres e-mail występuje w naszej bazie',5685,1),(96281,'Twoje hasło zostało zmienione.',5686,1),(96282,'Ten produkt nie jest widoczny w sklepie dla klientów. Po wprowadzeniu koniecznych zmian, włącz jego wyświetlanie w sklepie.',5687,1),(96283,'Wprowadź adres e-mail administratora. Hasło zostanie wygenerowane automatycznie i wysłane na podany adres.',5688,1),(96284,'Kupony rabatowe',5354,1),(96285,'Data rozpoczęcia nie może być późniejsza niż data zakończenia',5689,1),(96286,'Google Apps',5690,1),(96287,'Tag weryfikacyjny',5691,1),(96288,'Plik weryfikacyjny',5692,1),(96289,'Poprzednie',5480,1),(96290,'Następne',5481,1),(96291,'Domyślna waluta sklepu',5693,1),(96292,'Podaj separator dziesiętny',5694,1),(96293,'Podaj ilość miejsc dziesiętnych',5695,1),(96294,'Pokaz slajdów',5696,1),(96295,'Odtwórz',5697,1),(96296,'Poprzednie zdjęcie',5698,1),(96297,'Następne zdjęcie',5699,1),(96298,'dostępny',5700,1),(96299,'niedostępny',5701,1),(96300,'Zapytaj o produkt',5468,1),(96301,'Wysyłanie powiadomień o aktywności',5702,1),(96302,'Upload plików do produktów',5703,1),(96303,'Wysyłanie newsletterów',5704,1),(96304,'Wysyłanie powiadomień o aktywności',5705,1),(96305,'Taka grupa już istnieje',5706,1),(96306,'Twoje konto',5707,1),(96307,'Domyślny kontakt',5708,1),(96308,'Zapisz się do naszego newslettera, aby mieć zawsze świeże informacje',856,1),(96309,'Stan magazynowy',5709,1),(96310,'Nadaj przesyłki',5710,1),(96311,'Numer przesyłki jest wymagany',5711,1),(96312,'Podaj wymiary przesyłki',5712,1),(96313,'Musisz wybrać przynajmniej jedną przesyłkę którą chcesz nadać',5713,1),(96314,'Grupy klientów',5714,1),(96315,'Musisz podać stan magazynowy',5715,1),(96316,'Lista producentów',5716,1),(96317,'W wybranej kategorii nie znaleziono żadnych produktów. Jeśli używasz filtrowania rozważ zmianę kryteriów wyszukiwania aby znaleźć interesujące Cię produkty.',2089,1),(96318,'Kolor tła zdjęcia',5717,1),(96319,'Automatyczna integracja Przelewy24',5718,1),(96320,'Automatyczna integracja Transferuj',5719,1),(96321,'Rodzaj przekierowania',5720,1),(96322,'Brak przekierowania',5721,1),(96323,'Przekierowanie wewnętrzne',5722,1),(96324,'Przekierowanie zewnętrzne',5723,1),(96325,'Strona przekierowania',5724,1),(96326,'Pełny adres www',5725,1),(96327,'Tego produktu nie posiadamy w takiej ilości na magazynie. Możesz zamówić maksymalnie %s sztuk.',5726,1),(96328,'Usuń boks',5727,1),(96329,'Nie podano numeru zamówienia',5728,1),(96330,'Wypisz się',5729,1),(96332,'Twoje konto zostało założone poprawnie i zostałeś automatycznie zalogowany. Na podany przez Ciebie adres e-mail zostało wysłane potwierdzenie',812,1),(96333,'Brak produktu w magazynie',5730,1),(96334,'Zmiany zostały zapisane',5731,1),(96335,'<strong>Przykładowy Sklep S.A.</strong><br />ul. Przykładowa 11<br />00-001 Warszawa<br />Sąd Rejonowy w Warszawie VIII Wydział Gospodarczy KRS: 00000123456 <br />NIP: 555-666-77-88 <br />REGON: 111-222-333-444 <br />kapitał zakładowy: 5000 PLN',786,1),(96336,'Oddziel słowa przecinkami',5732,1),(96543,'Podaj imię i nazwisko osoby wystawiającej fakturę',5733,1),(96626,'Musisz podać treść wiadomości.',5734,1),(96627,'Dane wybranego produktu zostały skopiowane do formularza poniżej. Zmień wybrane atrybuty i zapisz, aby dodać nowy produkt.',5735,1),(96628,'Pobierz plik',5736,1),(96629,'Musisz podać kod kuponu',5737,1),(96630,'Ustaw wymiary największych zdjęć w sklepie',5738,1),(96631,'Ilość opinii',5739,1),(96756,'Ustaw wymiary najmniejszych zdjęć w sklepie',5740,1),(96837,'Wróć do poprzedniego ekranu',5741,1),(96838,'Typ przesyłki',5742,1),(96839,'Wybierz typ przesyłki',5743,1),(96840,'Lista kolekcji producentów',5744,1),(96841,'Kolekcje producentów',5745,1),(96842,'Kolekcja producenta',5746,1),(96843,'Dodaj kolekcję',5747,1),(96855,'Edycja kolekcji',5748,1),(96856,'Nie określono SEO dla kolekcji',5749,1),(96857,'Błąd podczas dodawania nowej kolekcji',5750,1),(96858,'Błąd w trakcie zapisywania kolekcji',5751,1),(96859,'Błąd podczas edycji tłumaczenia kolekcji',5752,1),(96860,'Błąd podczas edycji widoku kolekcji',5753,1),(96960,'Zapamiętaj mnie',5754,1),(96961,'Domyślna treść wiadomości SMS wysyłana do klienta',5755,1),(96962,'Wyślij SMS do klienta',5756,1),(96963,'Treść SMS',5757,1),(96964,'Ostatnie opinie',5758,1),(96965,'Automatyczne zmiany grupy',5759,1),(97088,'Opakowanie',5760,1),(97089,'Ilość sztuk produktu w opakowaniu',5761,1),(97090,'Musisz podać ilość sztuk produktu w opakowaniu',5762,1),(97217,'Czy na pewno chcesz usunąć wybraną regułę koszyka? Tej operacji nie będzie można cofnąć.',5763,1),(97346,'Stawka o takiej wartości już istnieje',5764,1),(97349,'Wyloguj',1,1),(97404,'Wyłącz produkt przy stanie',5765,1),(97512,'Profile importu',5766,1),(97513,'Profile eksportu',5767,1),(97514,'Nazwa profilu',5768,1),(97515,'Typ profilu',5769,1),(97516,'Źródło danych',5770,1),(97517,'Interwał',5771,1),(97518,'Plik lokalny',5772,1),(97519,'Plik zdalny',5773,1),(97520,'Jednorazowy',5774,1),(97521,'Cykliczny',5775,1),(97522,'Wzorzec pliku XML',5776,1),(97523,'Znak oddzielający kategorie',5777,1),(97624,'Domyślna stawka VAT',5778,1),(97625,'Włącz opcję opakowania ozdobnego',5779,1),(97626,'Opakowanie ozdobne',5780,1),(97627,'Wybierz produkt będący opakowaniem ozdobnym. Jeżeli produkt posiada warianty, zostaną one wyświetlone jako opcje opakowania ozdobnego.',5781,1),(97628,'-- Dodaj nowy profil --',5782,1),(97629,'Istniejący profil',5783,1),(97630,'Synchronizuj',5784,1),(97631,'Centrum wymiany danych XML',5785,1),(97632,'Import / Export',5786,1),(97633,'Import',5787,1),(97634,'Ostatnie uruchomienie',5788,1),(97635,'Uruchom',5789,1),(97636,'Dodaj operację',5790,1),(97637,'Edycja wymiany danych',5791,1),(97638,'Centrum wymiany danych XML',5792,1),(97639,'Prosty import/export CSV',5793,1),(97640,'Klienci - przyrostowo',5794,1),(97641,'Zamówienia - przyrostowo',5795,1),(97642,'Nie podano adresu do panelu',5796,1),(97643,'Dodatkowy numer telefonu',5797,1),(97644,'Szybka aktualizacja',5798,1),(97645,'Nie podano adresu serwera SMTP',5799,1),(97646,'Nie podano numeru portu serwera SMTP',5800,1),(97647,'Wyklucz produkty promocyjne',5801,1),(97648,'Zaznaczenie spowoduje, że kupon nie będzie stosowany dla promocji w sklepie',5802,1),(97649,'Ciąg oddzielający kategorie',5803,1),(97650,'Nie możesz skasować jedynej firmy.',5804,1),(97651,'Niektóre cechy są przypisane do produktu w zamówieniach.',5805,1),(97652,'Generowanie kuponów',5806,1),(97653,'Eksportowanie kuponów',5807,1),(97654,'Podany kupon już występuje w bazie',5808,1),(97655,'Logi',5809,1),(97656,'Ręczne wywołanie operacji',5810,1);
DROP TABLE IF EXISTS `unitmeasure`;
/*!40101 SET @saved_cs_client     = @@character_set_client */;
/*!40101 SET character_set_client = utf8 */;
CREATE TABLE `unitmeasure` (
  `idunitmeasure` int(10) unsigned NOT NULL AUTO_INCREMENT,
  `adddate` timestamp NOT NULL DEFAULT CURRENT_TIMESTAMP ON UPDATE CURRENT_TIMESTAMP,
  PRIMARY KEY (`idunitmeasure`)
) ENGINE=InnoDB AUTO_INCREMENT=2 DEFAULT CHARSET=utf8;
/*!40101 SET character_set_client = @saved_cs_client */;

INSERT INTO `unitmeasure` (`idunitmeasure`, `adddate`) VALUES (1,'2012-08-27 00:27:58');
DROP TABLE IF EXISTS `unitmeasuretranslation`;
/*!40101 SET @saved_cs_client     = @@character_set_client */;
/*!40101 SET character_set_client = utf8 */;
CREATE TABLE `unitmeasuretranslation` (
  `idunitmeasuretranslation` int(10) unsigned NOT NULL AUTO_INCREMENT,
  `name` varchar(45) NOT NULL,
  `languageid` int(10) unsigned NOT NULL,
  `unitmeasureid` int(10) unsigned NOT NULL,
  PRIMARY KEY (`idunitmeasuretranslation`),
  KEY `FK_unitmeasuretranslation_languageid` (`languageid`),
  KEY `FK_unitmeasuretranslation_unitmeasureid` (`unitmeasureid`),
  CONSTRAINT `FK_unitmeasuretranslation_languageid` FOREIGN KEY (`languageid`) REFERENCES `language` (`idlanguage`) ON DELETE CASCADE ON UPDATE NO ACTION,
  CONSTRAINT `FK_unitmeasuretranslation_unitmeasureid` FOREIGN KEY (`unitmeasureid`) REFERENCES `unitmeasure` (`idunitmeasure`) ON DELETE CASCADE ON UPDATE NO ACTION
) ENGINE=InnoDB AUTO_INCREMENT=2 DEFAULT CHARSET=utf8;
/*!40101 SET character_set_client = @saved_cs_client */;

INSERT INTO `unitmeasuretranslation` (`idunitmeasuretranslation`, `name`, `languageid`, `unitmeasureid`) VALUES (1,'m2',1,1);
DROP TABLE IF EXISTS `updatehistory`;
/*!40101 SET @saved_cs_client     = @@character_set_client */;
/*!40101 SET character_set_client = utf8 */;
CREATE TABLE `updatehistory` (
  `idupdatehistory` int(10) unsigned NOT NULL AUTO_INCREMENT,
  `packagename` varchar(64) NOT NULL,
  `version` varchar(45) NOT NULL,
  `channel` varchar(255) DEFAULT NULL,
  PRIMARY KEY (`idupdatehistory`)
) ENGINE=InnoDB AUTO_INCREMENT=133 DEFAULT CHARSET=utf8;
/*!40101 SET character_set_client = @saved_cs_client */;

INSERT INTO `updatehistory` (`idupdatehistory`, `packagename`, `version`, `channel`) VALUES (1,'Gekosale','2.0.1','update.gekosale.pl');
DROP TABLE IF EXISTS `upsell`;
/*!40101 SET @saved_cs_client     = @@character_set_client */;
/*!40101 SET character_set_client = utf8 */;
CREATE TABLE `upsell` (
  `idupsell` int(10) unsigned NOT NULL AUTO_INCREMENT,
  `productid` int(10) unsigned NOT NULL,
  `relatedproductid` int(10) unsigned NOT NULL,
  `adddate` timestamp NOT NULL DEFAULT CURRENT_TIMESTAMP ON UPDATE CURRENT_TIMESTAMP,
  `hierarchy` int(11) NOT NULL DEFAULT '0',
  PRIMARY KEY (`idupsell`),
  UNIQUE KEY `UNIQUE_upsell_productid_relatedproductid` (`productid`,`relatedproductid`),
  KEY `FK_upsell_relatedproductid` (`relatedproductid`),
  CONSTRAINT `FK_upsell_productid` FOREIGN KEY (`productid`) REFERENCES `product` (`idproduct`) ON DELETE CASCADE ON UPDATE NO ACTION,
  CONSTRAINT `FK_upsell_relatedproductid` FOREIGN KEY (`relatedproductid`) REFERENCES `product` (`idproduct`) ON DELETE CASCADE ON UPDATE NO ACTION
) ENGINE=InnoDB AUTO_INCREMENT=76 DEFAULT CHARSET=utf8;
/*!40101 SET character_set_client = @saved_cs_client */;

INSERT INTO `upsell` (`idupsell`, `productid`, `relatedproductid`, `adddate`, `hierarchy`) VALUES (45,697,705,'2012-07-26 15:11:01',0),(46,697,690,'2012-07-26 15:11:01',0),(47,697,689,'2012-07-26 15:11:01',0),(72,701,673,'2012-09-11 15:17:38',0),(73,701,674,'2012-09-11 15:17:38',0),(74,701,675,'2012-09-11 15:17:38',0),(75,701,676,'2012-09-11 15:17:38',0);
DROP TABLE IF EXISTS `user`;
/*!40101 SET @saved_cs_client     = @@character_set_client */;
/*!40101 SET character_set_client = utf8 */;
CREATE TABLE `user` (
  `iduser` int(10) unsigned NOT NULL AUTO_INCREMENT,
  `login` varchar(128) NOT NULL,
  `password` varchar(128) NOT NULL,
  `active` int(10) unsigned NOT NULL DEFAULT '0',
  `adddate` timestamp NOT NULL DEFAULT CURRENT_TIMESTAMP ON UPDATE CURRENT_TIMESTAMP,
  `globaluser` int(10) unsigned NOT NULL DEFAULT '1',
  PRIMARY KEY (`iduser`),
  UNIQUE KEY `UNIQUE_user_login` (`login`)
) ENGINE=InnoDB AUTO_INCREMENT=2 DEFAULT CHARSET=utf8 ROW_FORMAT=DYNAMIC;
/*!40101 SET character_set_client = @saved_cs_client */;

INSERT INTO `user` (`iduser`, `login`, `password`, `active`, `adddate`, `globaluser`) VALUES (1,'d033e22ae348aeb5660fc2140aec35850c4da997','$G$CUtEYBwfiY/2rx2Gu36UaEdbc4F.HO1',1,'2012-08-29 17:27:51',1);
DROP TABLE IF EXISTS `userdata`;
/*!40101 SET @saved_cs_client     = @@character_set_client */;
/*!40101 SET character_set_client = utf8 */;
CREATE TABLE `userdata` (
  `userdataid` int(10) unsigned NOT NULL AUTO_INCREMENT,
  `firstname` varchar(128) NOT NULL,
  `surname` varchar(128) NOT NULL,
  `email` varchar(128) NOT NULL,
  `description` varchar(3000) DEFAULT NULL,
  `adddate` timestamp NOT NULL DEFAULT CURRENT_TIMESTAMP ON UPDATE CURRENT_TIMESTAMP,
  `userid` int(10) unsigned NOT NULL,
  `photoid` int(10) unsigned DEFAULT NULL,
  `lastlogged` datetime DEFAULT NULL,
  PRIMARY KEY (`userdataid`),
  UNIQUE KEY `UNIQUE_userdata_userid` (`userid`),
  UNIQUE KEY `UNIQUE_userdata_email` (`email`),
  KEY `FK_userdata_photoid` (`photoid`),
  CONSTRAINT `FK_userdata_photoid` FOREIGN KEY (`photoid`) REFERENCES `file` (`idfile`) ON DELETE SET NULL ON UPDATE NO ACTION,
  CONSTRAINT `FK_userdata_userid` FOREIGN KEY (`userid`) REFERENCES `user` (`iduser`) ON DELETE CASCADE ON UPDATE NO ACTION
) ENGINE=InnoDB AUTO_INCREMENT=2 DEFAULT CHARSET=utf8;
/*!40101 SET character_set_client = @saved_cs_client */;

INSERT INTO `userdata` (`userdataid`, `firstname`, `surname`, `email`, `description`, `adddate`, `userid`, `photoid`, `lastlogged`) VALUES (1,'','','admin@gekosale.pl','KONTO STARTOWE','2013-03-05 21:29:38',1,NULL,'2013-03-05 21:29:38');
DROP TABLE IF EXISTS `usergroup`;
/*!40101 SET @saved_cs_client     = @@character_set_client */;
/*!40101 SET character_set_client = utf8 */;
CREATE TABLE `usergroup` (
  `idusergroup` int(10) unsigned NOT NULL AUTO_INCREMENT,
  `userid` int(10) unsigned NOT NULL,
  `groupid` int(10) unsigned NOT NULL,
  `adddate` timestamp NOT NULL DEFAULT CURRENT_TIMESTAMP ON UPDATE CURRENT_TIMESTAMP,
  PRIMARY KEY (`idusergroup`),
  UNIQUE KEY `UNIQUE_usergroup_userid_groupid` (`userid`,`groupid`),
  KEY `FK_usergroup_groupid` (`groupid`),
  CONSTRAINT `FK_usergroup_groupid` FOREIGN KEY (`groupid`) REFERENCES `group` (`idgroup`) ON DELETE CASCADE ON UPDATE NO ACTION,
  CONSTRAINT `FK_usergroup_userid` FOREIGN KEY (`userid`) REFERENCES `user` (`iduser`) ON DELETE CASCADE ON UPDATE NO ACTION
) ENGINE=InnoDB AUTO_INCREMENT=25 DEFAULT CHARSET=utf8;
/*!40101 SET character_set_client = @saved_cs_client */;

INSERT INTO `usergroup` (`idusergroup`, `userid`, `groupid`, `adddate`) VALUES (24,1,1,'2012-08-29 13:22:40');
DROP TABLE IF EXISTS `usergroupview`;
/*!40101 SET @saved_cs_client     = @@character_set_client */;
/*!40101 SET character_set_client = utf8 */;
CREATE TABLE `usergroupview` (
  `idusergroupview` int(10) unsigned NOT NULL AUTO_INCREMENT,
  `userid` int(10) unsigned NOT NULL,
  `viewid` int(10) unsigned NOT NULL,
  `groupid` int(10) unsigned NOT NULL,
  `adddate` timestamp NOT NULL DEFAULT CURRENT_TIMESTAMP ON UPDATE CURRENT_TIMESTAMP,
  PRIMARY KEY (`idusergroupview`),
  KEY `FK_usergroupview_viewid` (`viewid`),
  KEY `FK_usergroupview_groupid` (`groupid`),
  KEY `FK_usergroupview_userid` (`userid`),
  CONSTRAINT `FK_usergroupview_groupid` FOREIGN KEY (`groupid`) REFERENCES `group` (`idgroup`) ON DELETE CASCADE ON UPDATE NO ACTION,
  CONSTRAINT `FK_usergroupview_userid` FOREIGN KEY (`userid`) REFERENCES `user` (`iduser`) ON DELETE CASCADE ON UPDATE NO ACTION,
  CONSTRAINT `FK_usergroupview_viewid` FOREIGN KEY (`viewid`) REFERENCES `view` (`idview`) ON DELETE CASCADE ON UPDATE NO ACTION
) ENGINE=InnoDB DEFAULT CHARSET=utf8;
/*!40101 SET character_set_client = @saved_cs_client */;

DROP TABLE IF EXISTS `vat`;
/*!40101 SET @saved_cs_client     = @@character_set_client */;
/*!40101 SET character_set_client = utf8 */;
CREATE TABLE `vat` (
  `idvat` int(10) unsigned NOT NULL AUTO_INCREMENT,
  `value` decimal(5,2) NOT NULL DEFAULT '0.00',
  `adddate` timestamp NOT NULL DEFAULT CURRENT_TIMESTAMP ON UPDATE CURRENT_TIMESTAMP,
  PRIMARY KEY (`idvat`),
  UNIQUE KEY `UNIQUE_vat_value` (`value`)
) ENGINE=InnoDB AUTO_INCREMENT=48 DEFAULT CHARSET=utf8;
/*!40101 SET character_set_client = @saved_cs_client */;

INSERT INTO `vat` (`idvat`, `value`, `adddate`) VALUES (2,23.00,'2011-01-14 21:03:32'),(44,7.00,'2012-07-24 13:42:58'),(45,5.00,'2012-07-24 13:43:07'),(46,3.00,'2012-07-24 13:43:13'),(47,0.00,'2012-07-24 13:43:19');
DROP TABLE IF EXISTS `vattranslation`;
/*!40101 SET @saved_cs_client     = @@character_set_client */;
/*!40101 SET character_set_client = utf8 */;
CREATE TABLE `vattranslation` (
  `idvattranslation` int(10) unsigned NOT NULL AUTO_INCREMENT,
  `name` varchar(45) NOT NULL,
  `languageid` int(10) unsigned NOT NULL,
  `vatid` int(10) unsigned NOT NULL,
  PRIMARY KEY (`idvattranslation`),
  KEY `FK_vattranslation_languageid` (`languageid`),
  KEY `FK_vattranslation_vatid` (`vatid`),
  CONSTRAINT `FK_vattranslation_languageid` FOREIGN KEY (`languageid`) REFERENCES `language` (`idlanguage`) ON DELETE CASCADE ON UPDATE NO ACTION,
  CONSTRAINT `FK_vattranslation_vatid` FOREIGN KEY (`vatid`) REFERENCES `vat` (`idvat`) ON DELETE CASCADE ON UPDATE NO ACTION
) ENGINE=InnoDB AUTO_INCREMENT=99 DEFAULT CHARSET=utf8;
/*!40101 SET character_set_client = @saved_cs_client */;

INSERT INTO `vattranslation` (`idvattranslation`, `name`, `languageid`, `vatid`) VALUES (55,'VAT 23',1,2),(95,'VAT 7',1,44),(96,'VAT 5',1,45),(97,'VAT 3',1,46),(98,'VAT 0',1,47);
DROP TABLE IF EXISTS `view`;
/*!40101 SET @saved_cs_client     = @@character_set_client */;
/*!40101 SET character_set_client = utf8 */;
CREATE TABLE `view` (
  `idview` int(10) unsigned NOT NULL AUTO_INCREMENT,
  `name` varchar(64) NOT NULL,
  `namespace` varchar(64) NOT NULL,
  `storeid` int(10) unsigned NOT NULL,
  `adddate` timestamp NOT NULL DEFAULT CURRENT_TIMESTAMP ON UPDATE CURRENT_TIMESTAMP,
  `periodid` int(10) unsigned DEFAULT NULL,
  `taxes` int(10) unsigned DEFAULT NULL,
  `gacode` varchar(45) NOT NULL,
  `gapages` int(10) unsigned NOT NULL,
  `gatransactions` int(10) unsigned NOT NULL,
  `photoid` varchar(255) DEFAULT NULL,
  `favicon` varchar(255) DEFAULT NULL,
  `offline` int(10) unsigned NOT NULL DEFAULT '0',
  `offlinetext` text,
  `cartredirect` int(11) DEFAULT '1',
  `minimumordervalue` decimal(10,4) NOT NULL DEFAULT '0.0000',
  `showtax` int(10) unsigned DEFAULT '1',
  `enableopinions` int(10) unsigned DEFAULT '1',
  `enabletags` int(10) unsigned DEFAULT '1',
  `catalogmode` int(10) unsigned DEFAULT '0',
  `forcelogin` int(10) unsigned DEFAULT '0',
  `invoicenumerationkind` varchar(4) NOT NULL DEFAULT 'ntmr',
  `invoicedefaultpaymentdue` int(11) NOT NULL DEFAULT '7',
  `apikey` varchar(45) DEFAULT NULL,
  `watermark` varchar(255) DEFAULT NULL,
  `confirmregistration` tinyint(1) NOT NULL,
  `enableregistration` tinyint(1) NOT NULL DEFAULT '1',
  `pageschemeid` int(11) unsigned DEFAULT NULL,
  `currencyid` int(10) unsigned DEFAULT NULL,
  `contactid` int(11) unsigned DEFAULT NULL,
  `defaultvatid` int(10) unsigned DEFAULT NULL,
  PRIMARY KEY (`idview`),
  KEY `UNIQUE_view_name` (`name`),
  KEY `FK_view_storeid` (`storeid`),
  KEY `FK_view_pageschemeid` (`pageschemeid`),
  KEY `FK_view_currencyid` (`currencyid`),
  KEY `FK_view_contactid` (`contactid`),
  KEY `FK_view_defaultvatid` (`defaultvatid`),
  CONSTRAINT `FK_view_contactid` FOREIGN KEY (`contactid`) REFERENCES `contact` (`idcontact`) ON DELETE SET NULL ON UPDATE NO ACTION,
  CONSTRAINT `FK_view_currencyid` FOREIGN KEY (`currencyid`) REFERENCES `currency` (`idcurrency`) ON DELETE SET NULL ON UPDATE NO ACTION,
  CONSTRAINT `FK_view_defaultvatid` FOREIGN KEY (`defaultvatid`) REFERENCES `vat` (`idvat`) ON DELETE SET NULL ON UPDATE NO ACTION,
  CONSTRAINT `FK_view_pageschemeid` FOREIGN KEY (`pageschemeid`) REFERENCES `pagescheme` (`idpagescheme`) ON DELETE SET NULL ON UPDATE NO ACTION,
  CONSTRAINT `FK_view_storeid` FOREIGN KEY (`storeid`) REFERENCES `store` (`idstore`) ON DELETE CASCADE ON UPDATE NO ACTION
) ENGINE=InnoDB AUTO_INCREMENT=4 DEFAULT CHARSET=utf8;
/*!40101 SET character_set_client = @saved_cs_client */;

INSERT INTO `view` (`idview`, `name`, `namespace`, `storeid`, `adddate`, `periodid`, `taxes`, `gacode`, `gapages`, `gatransactions`, `photoid`, `favicon`, `offline`, `offlinetext`, `cartredirect`, `minimumordervalue`, `showtax`, `enableopinions`, `enabletags`, `catalogmode`, `forcelogin`, `invoicenumerationkind`, `invoicedefaultpaymentdue`, `apikey`, `watermark`, `confirmregistration`, `enableregistration`, `pageschemeid`, `currencyid`, `contactid`, `defaultvatid`) VALUES (3,'Przykładowy sklep','gekosale',1,'2013-02-23 20:42:04',3,0,'UA-00000000-0',1,1,'logo.png','favicon.ico',0,'',0,0.0000,1,1,1,0,0,'ntmr',7,'','',0,1,19,28,2,2);
DROP TABLE IF EXISTS `viewcategory`;
/*!40101 SET @saved_cs_client     = @@character_set_client */;
/*!40101 SET character_set_client = utf8 */;
CREATE TABLE `viewcategory` (
  `idviewcategory` int(10) unsigned NOT NULL AUTO_INCREMENT,
  `categoryid` int(10) unsigned NOT NULL,
  `adddate` timestamp NOT NULL DEFAULT CURRENT_TIMESTAMP ON UPDATE CURRENT_TIMESTAMP,
  `viewid` int(10) unsigned NOT NULL,
  PRIMARY KEY (`idviewcategory`),
  KEY `FK_viewcategory_categoryid` (`categoryid`),
  KEY `FK_viewcategory_viewid` (`viewid`),
  KEY `IDX_viewcategory_viewid_categoryid` (`categoryid`,`viewid`),
  CONSTRAINT `FK_viewcategory_categoryid` FOREIGN KEY (`categoryid`) REFERENCES `category` (`idcategory`) ON DELETE CASCADE ON UPDATE NO ACTION,
  CONSTRAINT `FK_viewcategory_viewid` FOREIGN KEY (`viewid`) REFERENCES `view` (`idview`) ON DELETE CASCADE ON UPDATE NO ACTION
) ENGINE=InnoDB AUTO_INCREMENT=5262 DEFAULT CHARSET=utf8;
/*!40101 SET character_set_client = @saved_cs_client */;

INSERT INTO `viewcategory` (`idviewcategory`, `categoryid`, `adddate`, `viewid`) VALUES (5255,751,'2013-03-05 21:30:07',3),(5256,750,'2013-03-05 21:30:07',3),(5257,756,'2013-03-05 21:30:07',3),(5258,752,'2013-03-05 21:30:07',3),(5259,753,'2013-03-05 21:30:07',3),(5260,754,'2013-03-05 21:30:07',3),(5261,755,'2013-03-05 21:30:07',3);
DROP TABLE IF EXISTS `viewtranslation`;
/*!40101 SET @saved_cs_client     = @@character_set_client */;
/*!40101 SET character_set_client = utf8 */;
CREATE TABLE `viewtranslation` (
  `idviewtranslation` int(10) unsigned NOT NULL AUTO_INCREMENT,
  `languageid` int(10) unsigned NOT NULL,
  `adddate` timestamp NOT NULL DEFAULT CURRENT_TIMESTAMP ON UPDATE CURRENT_TIMESTAMP,
  `viewid` int(10) unsigned NOT NULL,
  `keyword_title` varchar(255) DEFAULT NULL,
  `keyword` varchar(255) DEFAULT NULL,
  `keyword_description` varchar(1000) DEFAULT NULL,
  `additionalmeta` text,
  PRIMARY KEY (`idviewtranslation`),
  KEY `FK_viewtranslation_viewid` (`viewid`),
  KEY `FK_viewtranslation_languageid` (`languageid`),
  CONSTRAINT `FK_viewtranslation_languageid` FOREIGN KEY (`languageid`) REFERENCES `language` (`idlanguage`) ON DELETE CASCADE ON UPDATE NO ACTION,
  CONSTRAINT `FK_viewtranslation_viewid` FOREIGN KEY (`viewid`) REFERENCES `view` (`idview`) ON DELETE CASCADE ON UPDATE NO ACTION
) ENGINE=InnoDB AUTO_INCREMENT=453 DEFAULT CHARSET=utf8;
/*!40101 SET character_set_client = @saved_cs_client */;

INSERT INTO `viewtranslation` (`idviewtranslation`, `languageid`, `adddate`, `viewid`, `keyword_title`, `keyword`, `keyword_description`, `additionalmeta`) VALUES (452,1,'2013-03-05 21:30:07',3,'Sklep Internetowy','sklep, ggekosale, test, przykład','To jest przykładowy sklep internetowy pokazujący możliwości Gekosale - platformy do sprzedaży internetowej dla każdego','<meta name=\"robots\" content=\"noindex, follow\">');
DROP TABLE IF EXISTS `viewurl`;
/*!40101 SET @saved_cs_client     = @@character_set_client */;
/*!40101 SET character_set_client = utf8 */;
CREATE TABLE `viewurl` (
  `idviewurl` int(10) unsigned NOT NULL AUTO_INCREMENT,
  `url` varchar(45) NOT NULL,
  `viewid` int(10) unsigned NOT NULL,
  `adddate` timestamp NOT NULL DEFAULT CURRENT_TIMESTAMP ON UPDATE CURRENT_TIMESTAMP,
  PRIMARY KEY (`idviewurl`),
  KEY `FK_viewurl_viewid` (`viewid`),
  KEY `IDX_viewurl_url` (`url`),
  CONSTRAINT `FK_viewurl_viewid` FOREIGN KEY (`viewid`) REFERENCES `view` (`idview`) ON DELETE CASCADE ON UPDATE NO ACTION
) ENGINE=InnoDB AUTO_INCREMENT=423 DEFAULT CHARSET=utf8;
/*!40101 SET character_set_client = @saved_cs_client */;

INSERT INTO `viewurl` (`idviewurl`, `url`, `viewid`, `adddate`) VALUES (422,'geko2.pl',3,'2013-03-05 21:30:07');

/*!40101 SET SQL_MODE=@OLD_SQL_MODE */;
/*!40014 SET FOREIGN_KEY_CHECKS=@OLD_FOREIGN_KEY_CHECKS */;
/*!40014 SET UNIQUE_CHECKS=@OLD_UNIQUE_CHECKS */;
/*!40101 SET CHARACTER_SET_CLIENT=@OLD_CHARACTER_SET_CLIENT */;
/*!40101 SET CHARACTER_SET_RESULTS=@OLD_CHARACTER_SET_RESULTS */;
/*!40101 SET COLLATION_CONNECTION=@OLD_COLLATION_CONNECTION */;
/*!40111 SET SQL_NOTES=@OLD_SQL_NOTES */;

